Built from '6000.3/staging' branch; Version is '6000.3.23f1 (09d2ecc7fb28) revision 643820'; Using compiler version '194234433'; Build Type 'Release'
OS: 'Windows 10  (10.0.19045) 64bit Professional' Language: 'uk' Physical Memory: 15836 MB
BatchMode: 1, IsHumanControllingUs: 0, StartBugReporterOnCrash: 0, Is64bit: 1
System  architecture: x64
Process architecture: x64
Date: 2026-10-05T11:31:29Z
[Licensing::Module] Trying to connect to existing licensing client channel...
[Licensing::IpcConnector] Successfully connected to: "LicenseClient-Nikolaienko" at "2026-10-05T11:31:29.0752564Z"

COMMAND LINE ARGUMENTS:
C:\Program Files\Unity 6000.3.23f1\Editor\Unity.exe
-adb2
-batchMode
-noUpm
-name
AssetImportWorker1
-projectPath
D:/Work/GitHub/Warrior
-logFile
Logs/AssetImportWorker1.log
-srvPort
63979
-parentPid
10940
-analyticsCloudUserId
7971561647502
-analyticsLocalProjectId
c7cc0ae59e5b7704cb63ead80490d558
-editorAnalyticsEnabled
1
-cbmEditorLicense
39f005d78c910ce70fc36487da3499a96581a704
-cbmMachineId
x6yQczW4dP+G38XfcP0hqKf+bsM=
-licensingIpc
LicenseClient-Nikolaienko
-job-worker-count
1
-background-job-worker-count
8
-gc-helper-count
1
-name
AssetImport
Successfully changed project path to: D:/Work/GitHub/Warrior
D:/Work/GitHub/Warrior
[UnityMemory] Configuration Parameters - Can be set up in boot.config
    "memorysetup-temp-allocator-size-nav-mesh-worker=65536"
    "memorysetup-temp-allocator-size-audio-worker=65536"
    "memorysetup-temp-allocator-size-gfx=262144"
    "memorysetup-allocator-temp-initial-block-size-main=262144"
    "memorysetup-allocator-temp-initial-block-size-worker=262144"
    "memorysetup-temp-allocator-size-background-worker=32768"
    "memorysetup-temp-allocator-size-job-worker=262144"
    "memorysetup-temp-allocator-size-preload-manager=33554432"
    "memorysetup-remapper-allocator-initial-capacity=32768"
    "memorysetup-temp-allocator-size-gi-baking-worker=262144"
    "memorysetup-temp-allocator-size-gi-baking-worker=262144"
    "memorysetup-temp-allocator-size-gi-baking-worker=262144"
    "memorysetup-temp-allocator-size-gi-baking-worker=262144"
    "memorysetup-temp-allocator-size-gi-baking-worker=262144"
    "memorysetup-bucket-allocator-granularity=16"
    "memorysetup-bucket-allocator-bucket-count=8"
    "memorysetup-bucket-allocator-block-size=33554432"
    "memorysetup-bucket-allocator-block-count=8"
    "memorysetup-main-allocator-block-size=16777216"
    "memorysetup-thread-allocator-block-size=16777216"
    "memorysetup-gfx-main-allocator-block-size=16777216"
    "memorysetup-gfx-thread-allocator-block-size=16777216"
    "memorysetup-cache-allocator-block-size=4194304"
    "memorysetup-typetree-allocator-block-size=2097152"
    "memorysetup-profiler-bucket-allocator-granularity=16"
    "memorysetup-profiler-bucket-allocator-bucket-count=8"
    "memorysetup-profiler-bucket-allocator-block-size=33554432"
    "memorysetup-profiler-bucket-allocator-block-count=8"
    "memorysetup-profiler-allocator-block-size=16777216"
    "memorysetup-profiler-editor-allocator-block-size=1048576"
    "memorysetup-temp-allocator-size-main=16777216"
    "memorysetup-job-temp-allocator-block-size=2097152"
    "memorysetup-job-temp-allocator-block-size-background=1048576"
    "memorysetup-job-temp-allocator-reduction-small-platforms=262144"
    "memorysetup-temp-allocator-size-cloud-worker=32768"
Player connection [5372]  Target information:

Player connection [5372]  * "[IP] 192.168.0.106 [Port] 0 [Flags] 2 [Guid] 2598785343 [EditorId] 2598785343 [Version] 1048832 [Id] WindowsEditor(7,DESKTOP-O7KKPMB) [Debug] 1 [PackageName] WindowsEditor [ProjectName] Editor" 

Player connection [5372] Host joined multi-casting on [225.0.0.222:54997]...
Player connection [5372] Host joined alternative multi-casting on [225.0.0.222:34997]...
JobSystem: Creating JobQueue using job-worker-count value 1
Input System module state changed to: Initialized.
[Physics::Module] Initialized fallback backend.
[Physics::Module] Id: 0xdecafbad
Library Redirect Path: Library/
[Physics::Module] Selected backend.
[Physics::Module] Name: PhysX
[Physics::Module] Id: 0xf2b8ea05
[Physics::Module] SDK Version: 4.1.2
[Physics::Module] Integration Version: 1.0.0
[Physics::Module] Threading Mode: Multi-Threaded
Refreshing native plugins compatible for Editor in 8.05 ms, found 4 plugins.
Preloading 0 native plugins for Editor in 0.00 ms.
Initialize engine version: 6000.3.23f1 (09d2ecc7fb28)
[Subsystems] Discovering subsystems at path C:/Program Files/Unity 6000.3.23f1/Editor/Data/Resources/UnitySubsystems
[Subsystems] Discovering subsystems at path D:/Work/GitHub/Warrior/Assets
GfxDevice: creating device client; kGfxThreadingModeNonThreaded
d3d12: failed to query info queue interface (0x80004002).
Direct3D:
    Version:         Direct3D 12 [level 11.1]
    Renderer:        Intel(R) HD Graphics 4600 (ID=0x412)
    Vendor:          Intel
    VRAM:            2048 MB
    App VRAM Budget: 2048 MB
    Driver:          20.19.15.4531
    Unified Memory Architecture
    Cache Coherent UMA
Initialize mono
Mono path[0] = 'C:/Program Files/Unity 6000.3.23f1/Editor/Data/Managed'
Mono path[1] = 'C:/Program Files/Unity 6000.3.23f1/Editor/Data/MonoBleedingEdge/lib/mono/unityjit-win32'
Mono config path = 'C:/Program Files/Unity 6000.3.23f1/Editor/Data/MonoBleedingEdge/etc'
Using monoOptions --debugger-agent=transport=dt_socket,embedding=1,server=y,suspend=n,address=127.0.0.1:56904
Begin MonoManager ReloadAssembly
Registering precompiled unity dll's ...
Register platform support module: C:/Program Files/Unity 6000.3.23f1/Editor/Data/PlaybackEngines/WindowsStandaloneSupport/UnityEditor.WindowsStandalone.Extensions.dll
Registered in 0.003243 seconds.
- Loaded All Assemblies, in  0.790 seconds
Native extension for WindowsStandalone target not found
Package Manager log level set to [2]
[Package Manager] Failed to launch server process. Reason: Unity was launched with the -noUpm command-line argument
[Package Manager] Unable to send message (not connected to server process).
[Package Manager] Cannot connect to Unity Package Manager local server
ScheduleIndexationOnStartup MainProcess:False IndexOnStartup:True
Mono: successfully reloaded assembly
- Finished resetting the current domain, in  0.766 seconds
Domain Reload Profiling: 1553ms
	BeginReloadAssembly (246ms)
		ExecutionOrderSort (0ms)
		DisableScriptedObjects (0ms)
		BackupInstance (0ms)
		ReleaseScriptingObjects (0ms)
		CreateAndSetChildDomain (1ms)
	RebuildCommonClasses (77ms)
	RebuildNativeTypeToScriptingClass (24ms)
	initialDomainReloadingComplete (88ms)
	LoadAllAssembliesAndSetupDomain (351ms)
		LoadAssemblies (240ms)
		RebuildTransferFunctionScriptingTraits (0ms)
		AnalyzeDomain (346ms)
			TypeCache.Refresh (342ms)
				TypeCache.ScanAssembly (316ms)
			BuildScriptInfoCaches (0ms)
			ResolveRequiredComponents (1ms)
	FinalizeReload (767ms)
		ReleaseScriptCaches (0ms)
		RebuildScriptCaches (0ms)
		SetupLoadedEditorAssemblies (674ms)
			LogAssemblyErrors (0ms)
			InitializePlatformSupportModulesInManaged (95ms)
			SetLoadedEditorAssemblies (7ms)
			BeforeProcessingInitializeOnLoad (165ms)
			ProcessInitializeOnLoadAttributes (268ms)
			ProcessInitializeOnLoadMethodAttributes (139ms)
			AfterProcessingInitializeOnLoad (0ms)
			EditorAssembliesLoaded (0ms)
		ExecutionOrderSort2 (0ms)
		AwakeInstancesAfterBackupRestoration (0ms)
[Licensing::Module] Licensing is not yet initialized.
[Licensing::Client] Error: HandshakeResponse reported an error:
	ResponseCode: 505
	ResponseStatus: Unsupported protocol version '1.18.3'.
[Licensing::Module] Error: Failed to handshake to channel: "LicenseClient-Nikolaienko"
[Licensing::IpcConnector] LicenseClient-Nikolaienko channel disconnected successfully.
[Licensing::IpcConnector] Successfully connected to: "LicenseClient-Nikolaienko-6000.3.23" at "2026-10-05T11:31:33.7907501Z"
[Licensing::Client] Code 10 while verifying Licensing Client signature (process Id: 6948, path: "C:/Program Files/Unity 6000.3.23f1/Editor/Data/Resources/Licensing/Client/Unity.Licensing.Client.exe")
[Licensing::Module] LicensingClient has failed validation; ignoring
[Licensing::Client] Handshaking with LicensingClient:
  Version:                 1.18.3+d7ffd15
  Session Id:              a73e1097607c4fd5925f0e3f6cac3713
  Correlation Id:          46669b221eb72555d871ca0b06aa84e7
  External correlation Id: 5825389666988966108
  Machine Id:              x6yQczW4dP+G38XfcP0hqKf+bsM=
[Licensing::Module] Successfully connected to LicensingClient on channel: "LicenseClient-Nikolaienko-6000.3.23" (connect: 0.00s, validation: 0.00s, handshake: 0.04s)
[Licensing::IpcConnector] Successfully connected to: "LicenseClient-Nikolaienko-6000.3.23-notifications" at "2026-10-05T11:31:33.836128Z"
[Licensing::Module] Licensing Background thread has ended after 4.76s
[Licensing::Module] Licensing is initialized (took 2.09s).
[Licensing::Client] Successfully resolved entitlement details
[Licensing::Module] License group:
  Id: 7971561647502-UnityPersXXXX
  Product: Unity Personal
  Type: Assigned
  Expiration: Unlimited
========================================================================
Worker process is ready to serve import requests
Import Worker Mode flag is 0x00
Begin MonoManager ReloadAssembly
- Loaded All Assemblies, in  1.288 seconds
Script 'CharacterController' has the same name as built-in Unity component.
AddComponent and GetComponent will not work with this script.
Refreshing native plugins compatible for Editor in 1.46 ms, found 4 plugins.
Native extension for WindowsStandalone target not found
[Package Manager] Failed to launch server process. Reason: Unity was launched with the -noUpm command-line argument
[Package Manager] Unable to send message (not connected to server process).
[Package Manager] Cannot connect to Unity Package Manager local server
Refreshing native plugins compatible for Editor in 1.77 ms, found 4 plugins.
[Package Manager] Failed to launch server process. Reason: Unity was launched with the -noUpm command-line argument
[Package Manager] Unable to send message (not connected to server process).
[Package Manager] Cannot connect to Unity Package Manager local server
ScheduleIndexationOnStartup MainProcess:False IndexOnStartup:True
Mono: successfully reloaded assembly
- Finished resetting the current domain, in  0.956 seconds
Domain Reload Profiling: 2240ms
	BeginReloadAssembly (333ms)
		ExecutionOrderSort (0ms)
		DisableScriptedObjects (10ms)
		BackupInstance (0ms)
		ReleaseScriptingObjects (0ms)
		CreateAndSetChildDomain (53ms)
	RebuildCommonClasses (69ms)
	RebuildNativeTypeToScriptingClass (23ms)
	initialDomainReloadingComplete (77ms)
	LoadAllAssembliesAndSetupDomain (780ms)
		LoadAssemblies (591ms)
		RebuildTransferFunctionScriptingTraits (0ms)
		AnalyzeDomain (380ms)
			TypeCache.Refresh (282ms)
				TypeCache.ScanAssembly (263ms)
			BuildScriptInfoCaches (82ms)
			ResolveRequiredComponents (11ms)
	FinalizeReload (957ms)
		ReleaseScriptCaches (0ms)
		RebuildScriptCaches (0ms)
		SetupLoadedEditorAssemblies (706ms)
			LogAssemblyErrors (0ms)
			InitializePlatformSupportModulesInManaged (2ms)
			SetLoadedEditorAssemblies (7ms)
			BeforeProcessingInitializeOnLoad (191ms)
			ProcessInitializeOnLoadAttributes (421ms)
			ProcessInitializeOnLoadMethodAttributes (72ms)
			AfterProcessingInitializeOnLoad (12ms)
			EditorAssembliesLoaded (1ms)
		ExecutionOrderSort2 (0ms)
		AwakeInstancesAfterBackupRestoration (7ms)
Launched and connected shader compiler UnityShaderCompiler.exe after 0.03 seconds
Refreshing native plugins compatible for Editor in 2.04 ms, found 4 plugins.
Preloading 0 native plugins for Editor in 0.00 ms.
Unloading 16 Unused Serialized files (Serialized files now loaded: 0)
Curl error 3: URL rejected: Malformed input to a URL function
Unloading 6672 unused Assets / (4.5 MB). Loaded Objects now: 7465.
Memory consumption went from 150.8 MB to 146.3 MB.
Total: 12.884000 ms (FindLiveObjects: 0.945600 ms CreateObjectMapping: 1.469600 ms MarkObjects: 6.669700 ms  DeleteObjects: 3.797500 ms)

========================================================================
Received Import Request.
  Time since last request: 257933.697242 seconds.
  path: Assets/Scripts/Attack/IAttacker.cs
  artifactKey: Guid(be94139b525d00642923e18a624b012d) Importer(2089858483,b0f066a214c2f5e87bad3c948f4d605d)
Start importing Assets/Scripts/Attack/IAttacker.cs using Guid(be94139b525d00642923e18a624b012d) Importer(2089858483,b0f066a214c2f5e87bad3c948f4d605d) (ScriptedImporter) -> (artifact id: '80e2d4b24ce12632a17e6ad50b3d1390') in 0.1661559 seconds
Number of updated asset objects reloaded before import = 0Number of asset objects unloaded after import = 0

========================================================================
Received Import Request.
  Time since last request: 0.000030 seconds.
  path: Assets/Scripts/Charapters/Charapter.cs
  artifactKey: Guid(4dc756648d00558489a110606667b2a4) Importer(2089858483,b0f066a214c2f5e87bad3c948f4d605d)
Start importing Assets/Scripts/Charapters/Charapter.cs using Guid(4dc756648d00558489a110606667b2a4) Importer(2089858483,b0f066a214c2f5e87bad3c948f4d605d) (ScriptedImporter) -> (artifact id: 'f1e9a6064199277706e6e69ea9229b69') in 0.0202502 seconds
Number of updated asset objects reloaded before import = 0Number of asset objects unloaded after import = 0

========================================================================
Received Import Request.
  Time since last request: 0.000048 seconds.
  path: Assets/Scenes/World1.unity
  artifactKey: Guid(21a953c70ff79a34dbaea83e8c5176e4) Importer(2089858483,b0f066a214c2f5e87bad3c948f4d605d)
Start importing Assets/Scenes/World1.unity using Guid(21a953c70ff79a34dbaea83e8c5176e4) Importer(2089858483,b0f066a214c2f5e87bad3c948f4d605d) (ScriptedImporter) -> (artifact id: '4b5c163158ae91e9e13717b29222de56') in 0.04862 seconds
Number of updated asset objects reloaded before import = 0Number of asset objects unloaded after import = 1

========================================================================
Received Import Request.
  Time since last request: 0.000020 seconds.
  path: Assets/Prefabs/Player.prefab
  artifactKey: Guid(d7a0aefb9fbe70548bc3de2822a48891) Importer(815301076,1909f56bfc062723c751e8b465ee728b)
Start importing Assets/Prefabs/Player.prefab using Guid(d7a0aefb9fbe70548bc3de2822a48891) Importer(815301076,1909f56bfc062723c751e8b465ee728b) (PreviewImporter) -> (artifact id: '8b0a2908a091303ea6b7fe7cbf4af40e') in 0.9548888 seconds
Number of updated asset objects reloaded before import = 0Number of asset objects unloaded after import = 252

========================================================================
Received Import Request.
  Time since last request: 0.000033 seconds.
  path: Assets/Scripts/Attack/AttackController.cs
  artifactKey: Guid(c597d8ac9373f164c9972dd72ffa7dce) Importer(2089858483,b0f066a214c2f5e87bad3c948f4d605d)
Start importing Assets/Scripts/Attack/AttackController.cs using Guid(c597d8ac9373f164c9972dd72ffa7dce) Importer(2089858483,b0f066a214c2f5e87bad3c948f4d605d) (ScriptedImporter) -> (artifact id: 'b07c220506586d7fc90e973984575a22') in 0.0405163 seconds
Number of updated asset objects reloaded before import = 0Number of asset objects unloaded after import = 0

========================================================================
Received Import Request.
  Time since last request: 0.000051 seconds.
  path: Assets/Scripts/Charapters/CharapterMoveController.cs
  artifactKey: Guid(bbf63fd9496f01b44a1be78aaf6a7ef2) Importer(2089858483,b0f066a214c2f5e87bad3c948f4d605d)
Start importing Assets/Scripts/Charapters/CharapterMoveController.cs using Guid(bbf63fd9496f01b44a1be78aaf6a7ef2) Importer(2089858483,b0f066a214c2f5e87bad3c948f4d605d) (ScriptedImporter) -> (artifact id: 'afbbf6fb3b621fc5e4b7cc9e104fd8d4') in 0.0162127 seconds
Number of updated asset objects reloaded before import = 0Number of asset objects unloaded after import = 0

========================================================================
Received Import Request.
  Time since last request: 2.125054 seconds.
  path: Assets/Prefabs/Weapons
  artifactKey: Guid(f2210ff5abf70da41ad956a1ec111014) Importer(815301076,1909f56bfc062723c751e8b465ee728b)
Start importing Assets/Prefabs/Weapons using Guid(f2210ff5abf70da41ad956a1ec111014) Importer(815301076,1909f56bfc062723c751e8b465ee728b) (PreviewImporter) -> (artifact id: '23b02dc0b975654d0e777c4d840bde06') in 0.0010208 seconds
Number of updated asset objects reloaded before import = 0Number of asset objects unloaded after import = 0

========================================================================
Received Import Request.
  Time since last request: 0.897007 seconds.
  path: Assets/Prefabs/Weapons
  artifactKey: Guid(f2210ff5abf70da41ad956a1ec111014) Importer(2089858483,b0f066a214c2f5e87bad3c948f4d605d)
Start importing Assets/Prefabs/Weapons using Guid(f2210ff5abf70da41ad956a1ec111014) Importer(2089858483,b0f066a214c2f5e87bad3c948f4d605d) (ScriptedImporter) -> (artifact id: '72dfd84e884cfc947e3f359458004ac0') in 0.0195009 seconds
Number of updated asset objects reloaded before import = 0Number of asset objects unloaded after import = 1

========================================================================
Received Import Request.
  Time since last request: 1.827597 seconds.
  path: Assets/Prefabs/Weapons/Sword.prefab
  artifactKey: Guid(b469a56ad7c122c4992c8f9e5eeb94b0) Importer(815301076,1909f56bfc062723c751e8b465ee728b)
Start importing Assets/Prefabs/Weapons/Sword.prefab using Guid(b469a56ad7c122c4992c8f9e5eeb94b0) Importer(815301076,1909f56bfc062723c751e8b465ee728b) (PreviewImporter) -> (artifact id: '52a4ae7ceb040047bb4805dcc4ff7d4b') in 0.0238226 seconds
Number of updated asset objects reloaded before import = 0Number of asset objects unloaded after import = 22

========================================================================
Received Import Request.
  Time since last request: 0.861387 seconds.
  path: Assets/Prefabs/Weapons/Sword.prefab
  artifactKey: Guid(b469a56ad7c122c4992c8f9e5eeb94b0) Importer(2089858483,b0f066a214c2f5e87bad3c948f4d605d)
Start importing Assets/Prefabs/Weapons/Sword.prefab using Guid(b469a56ad7c122c4992c8f9e5eeb94b0) Importer(2089858483,b0f066a214c2f5e87bad3c948f4d605d) (ScriptedImporter) -> (artifact id: '1a6dfa0fbded4ebdcd58b4e091c0cc7e') in 0.0268483 seconds
Number of updated asset objects reloaded before import = 0Number of asset objects unloaded after import = 19

========================================================================
Received Import Request.
  Time since last request: 0.862224 seconds.
  path: Assets/Prefabs/Weapons/msword.prefab
  artifactKey: Guid(0f0a4e224448b6b4093cdd3e9934be2d) Importer(815301076,1909f56bfc062723c751e8b465ee728b)
Start importing Assets/Prefabs/Weapons/msword.prefab using Guid(0f0a4e224448b6b4093cdd3e9934be2d) Importer(815301076,1909f56bfc062723c751e8b465ee728b) (PreviewImporter) -> (artifact id: 'ae2ffaef72055924e2890ca8ec8f3636') in 0.021338 seconds
Number of updated asset objects reloaded before import = 0Number of asset objects unloaded after import = 22

========================================================================
Received Import Request.
  Time since last request: 0.905525 seconds.
  path: Assets/Prefabs/Weapons/msword.prefab
  artifactKey: Guid(0f0a4e224448b6b4093cdd3e9934be2d) Importer(2089858483,b0f066a214c2f5e87bad3c948f4d605d)
Start importing Assets/Prefabs/Weapons/msword.prefab using Guid(0f0a4e224448b6b4093cdd3e9934be2d) Importer(2089858483,b0f066a214c2f5e87bad3c948f4d605d) (ScriptedImporter) -> (artifact id: '2897e41bd9e4b65db0c9891ab457d06b') in 0.0143249 seconds
Number of updated asset objects reloaded before import = 0Number of asset objects unloaded after import = 19

========================================================================
Received Import Request.
  Time since last request: 0.403987 seconds.
  path: Assets/Prefabs/Weapons/axe.prefab
  artifactKey: Guid(35a667ce736904542adca7ec59a5cc52) Importer(815301076,1909f56bfc062723c751e8b465ee728b)
Start importing Assets/Prefabs/Weapons/axe.prefab using Guid(35a667ce736904542adca7ec59a5cc52) Importer(815301076,1909f56bfc062723c751e8b465ee728b) (PreviewImporter) -> (artifact id: '2ff60664b4c19e05105dcf2639fa654b') in 0.0437968 seconds
Number of updated asset objects reloaded before import = 0Number of asset objects unloaded after import = 22

========================================================================
Received Import Request.
  Time since last request: 0.889457 seconds.
  path: Assets/Prefabs/Weapons/axe.prefab
  artifactKey: Guid(35a667ce736904542adca7ec59a5cc52) Importer(2089858483,b0f066a214c2f5e87bad3c948f4d605d)
Start importing Assets/Prefabs/Weapons/axe.prefab using Guid(35a667ce736904542adca7ec59a5cc52) Importer(2089858483,b0f066a214c2f5e87bad3c948f4d605d) (ScriptedImporter) -> (artifact id: 'f1bf8ccf9f16c8e3b491e7db6459a4ec') in 0.0381726 seconds
Number of updated asset objects reloaded before import = 0Number of asset objects unloaded after import = 19

========================================================================
Received Import Request.
  Time since last request: 71.579628 seconds.
  path: Assets/Scenes/World1.unity
  artifactKey: Guid(21a953c70ff79a34dbaea83e8c5176e4) Importer(815301076,1909f56bfc062723c751e8b465ee728b)
Start importing Assets/Scenes/World1.unity using Guid(21a953c70ff79a34dbaea83e8c5176e4) Importer(815301076,1909f56bfc062723c751e8b465ee728b) (PreviewImporter) -> (artifact id: 'c6370a2e8bc9d0c057ddf9b7441be497') in 0.0010512 seconds
Number of updated asset objects reloaded before import = 0Number of asset objects unloaded after import = 0

========================================================================
Received Import Request.
  Time since last request: 434.814487 seconds.
  path: Assets/Scripts/Spells/PlayerSpellController.cs
  artifactKey: Guid(70c1240091b94af438c781b532103521) Importer(815301076,1909f56bfc062723c751e8b465ee728b)
Start importing Assets/Scripts/Spells/PlayerSpellController.cs using Guid(70c1240091b94af438c781b532103521) Importer(815301076,1909f56bfc062723c751e8b465ee728b) (PreviewImporter) -> (artifact id: '210fcf974641c50fb1b9ff5fda111593') in 0.0011823 seconds
Number of updated asset objects reloaded before import = 0Number of asset objects unloaded after import = 0

========================================================================
Received Import Request.
  Time since last request: 1.419482 seconds.
  path: Assets/Scripts/Spells/SpellController.cs
  artifactKey: Guid(dbadf034393297e4bbc9e745fddb90c0) Importer(815301076,1909f56bfc062723c751e8b465ee728b)
Start importing Assets/Scripts/Spells/SpellController.cs using Guid(dbadf034393297e4bbc9e745fddb90c0) Importer(815301076,1909f56bfc062723c751e8b465ee728b) (PreviewImporter) -> (artifact id: '07a250a74a2e29887a75bfd402687646') in 0.00072 seconds
Number of updated asset objects reloaded before import = 0Number of asset objects unloaded after import = 0

========================================================================
Received Import Request.
  Time since last request: 196.062088 seconds.
  path: Assets/Scripts/Weapons
  artifactKey: Guid(40f5610920506074a99818f6dacd59a9) Importer(815301076,1909f56bfc062723c751e8b465ee728b)
Start importing Assets/Scripts/Weapons using Guid(40f5610920506074a99818f6dacd59a9) Importer(815301076,1909f56bfc062723c751e8b465ee728b) (PreviewImporter) -> (artifact id: 'c9738b9b3cf124e1cd903246724d816a') in 0.0011731 seconds
Number of updated asset objects reloaded before import = 0Number of asset objects unloaded after import = 0

========================================================================
Received Import Request.
  Time since last request: 0.900443 seconds.
  path: Assets/Scripts/Weapons
  artifactKey: Guid(40f5610920506074a99818f6dacd59a9) Importer(2089858483,b0f066a214c2f5e87bad3c948f4d605d)
Start importing Assets/Scripts/Weapons using Guid(40f5610920506074a99818f6dacd59a9) Importer(2089858483,b0f066a214c2f5e87bad3c948f4d605d) (ScriptedImporter) -> (artifact id: '2aa84b30657a67028a2fac3421fa8c66') in 0.0183108 seconds
Number of updated asset objects reloaded before import = 0Number of asset objects unloaded after import = 1

========================================================================
Received Prepare
Script 'CharacterController' has the same name as built-in Unity component.
AddComponent and GetComponent will not work with this script.
Refreshing native plugins compatible for Editor in 1.73 ms, found 4 plugins.
Preloading 0 native plugins for Editor in 0.00 ms.
Unloading 16 Unused Serialized files (Serialized files now loaded: 0)
Unloading 6659 unused Assets / (4.0 MB). Loaded Objects now: 7591.
Memory consumption went from 163.4 MB to 159.4 MB.
Total: 12.933100 ms (FindLiveObjects: 0.876000 ms CreateObjectMapping: 0.871500 ms MarkObjects: 8.628100 ms  DeleteObjects: 2.556100 ms)

Prepare: number of updated asset objects reloaded= 0
========================================================================
Received Import Request.
  Time since last request: 14.209648 seconds.
  path: Assets/Scripts/Weapons/WeaponData.cs
  artifactKey: Guid(2d9720b74ca933e4da48927938fdb464) Importer(815301076,1909f56bfc062723c751e8b465ee728b)
Start importing Assets/Scripts/Weapons/WeaponData.cs using Guid(2d9720b74ca933e4da48927938fdb464) Importer(815301076,1909f56bfc062723c751e8b465ee728b) (PreviewImporter) -> (artifact id: '8c946456e3dc929639d378e6f5eed846') in 0.000757 seconds
Number of updated asset objects reloaded before import = 0Number of asset objects unloaded after import = 0

========================================================================
Received Import Request.
  Time since last request: 0.323879 seconds.
  path: Assets/Scripts/Weapons/WeaponData.cs
  artifactKey: Guid(2d9720b74ca933e4da48927938fdb464) Importer(2089858483,b0f066a214c2f5e87bad3c948f4d605d)
Start importing Assets/Scripts/Weapons/WeaponData.cs using Guid(2d9720b74ca933e4da48927938fdb464) Importer(2089858483,b0f066a214c2f5e87bad3c948f4d605d) (ScriptedImporter) -> (artifact id: '875d49c3a0e2d90a25c0a77be1b42b94') in 0.107114 seconds
Number of updated asset objects reloaded before import = 0Number of asset objects unloaded after import = 0

========================================================================
Received Prepare
Begin MonoManager ReloadAssembly
[Licensing::Client] Successfully resolved entitlement details
- Loaded All Assemblies, in  1.242 seconds
Script 'CharacterController' has the same name as built-in Unity component.
AddComponent and GetComponent will not work with this script.
Refreshing native plugins compatible for Editor in 2.06 ms, found 4 plugins.
Native extension for WindowsStandalone target not found
[Package Manager] Failed to launch server process. Reason: Unity was launched with the -noUpm command-line argument
[Package Manager] Unable to send message (not connected to server process).
[Package Manager] Cannot connect to Unity Package Manager local server
[Package Manager] Failed to launch server process. Reason: Unity was launched with the -noUpm command-line argument
[Package Manager] Unable to send message (not connected to server process).
[Package Manager] Cannot connect to Unity Package Manager local server
ScheduleIndexationOnStartup MainProcess:False IndexOnStartup:True
Mono: successfully reloaded assembly
- Finished resetting the current domain, in  2.219 seconds
Domain Reload Profiling: 3466ms
	BeginReloadAssembly (442ms)
		ExecutionOrderSort (0ms)
		DisableScriptedObjects (40ms)
		BackupInstance (0ms)
		ReleaseScriptingObjects (0ms)
		CreateAndSetChildDomain (98ms)
	RebuildCommonClasses (79ms)
	RebuildNativeTypeToScriptingClass (22ms)
	initialDomainReloadingComplete (51ms)
	LoadAllAssembliesAndSetupDomain (652ms)
		LoadAssemblies (564ms)
		RebuildTransferFunctionScriptingTraits (0ms)
		AnalyzeDomain (285ms)
			TypeCache.Refresh (18ms)
				TypeCache.ScanAssembly (1ms)
			BuildScriptInfoCaches (250ms)
			ResolveRequiredComponents (11ms)
	FinalizeReload (2220ms)
		ReleaseScriptCaches (0ms)
		RebuildScriptCaches (0ms)
		SetupLoadedEditorAssemblies (1893ms)
			LogAssemblyErrors (0ms)
			InitializePlatformSupportModulesInManaged (2ms)
			SetLoadedEditorAssemblies (7ms)
			BeforeProcessingInitializeOnLoad (368ms)
			ProcessInitializeOnLoadAttributes (1317ms)
			ProcessInitializeOnLoadMethodAttributes (188ms)
			AfterProcessingInitializeOnLoad (10ms)
			EditorAssembliesLoaded (1ms)
		ExecutionOrderSort2 (0ms)
		AwakeInstancesAfterBackupRestoration (34ms)
Refreshing native plugins compatible for Editor in 2.64 ms, found 4 plugins.
Preloading 0 native plugins for Editor in 0.00 ms.
Unloading 16 Unused Serialized files (Serialized files now loaded: 0)
Unloading 6669 unused Assets / (4.3 MB). Loaded Objects now: 7514.
Memory consumption went from 165.4 MB to 161.1 MB.
Total: 14.567700 ms (FindLiveObjects: 0.863600 ms CreateObjectMapping: 1.903400 ms MarkObjects: 7.303000 ms  DeleteObjects: 4.496300 ms)

Prepare: number of updated asset objects reloaded= 0
========================================================================
Received Import Request.
  Time since last request: 13.239227 seconds.
  path: Assets/Scripts/Weapons/WeaponData.cs
  artifactKey: Guid(2d9720b74ca933e4da48927938fdb464) Importer(815301076,1909f56bfc062723c751e8b465ee728b)
Start importing Assets/Scripts/Weapons/WeaponData.cs using Guid(2d9720b74ca933e4da48927938fdb464) Importer(815301076,1909f56bfc062723c751e8b465ee728b) (PreviewImporter) -> (artifact id: '00000000000000000000000000000000') in 0.0040702 seconds
Import Error Code:(4)
Message: Build asset version error: assets/scripts/weapons/weapondata.cs in SourceAssetDB has modification time of '2026-10-05T11:43:46.6317961Z' while content on disk has modification time of '2026-10-05T11:43:56.927Z'
  ERROR: Build asset version error: assets/scripts/weapons/weapondata.cs in SourceAssetDB has modification time of '2026-10-05T11:43:46.6317961Z' while content on disk has modification time of '2026-10-05T11:43:56.927Z'
Number of updated asset objects reloaded before import = 0Number of asset objects unloaded after import = 0

========================================================================
Received Import Request.
  Time since last request: 0.000110 seconds.
  path: Assets/Scripts/Weapons/WeaponData.cs
  artifactKey: Guid(2d9720b74ca933e4da48927938fdb464) Importer(815301076,1909f56bfc062723c751e8b465ee728b)
Start importing Assets/Scripts/Weapons/WeaponData.cs using Guid(2d9720b74ca933e4da48927938fdb464) Importer(815301076,1909f56bfc062723c751e8b465ee728b) (PreviewImporter) -> (artifact id: '00000000000000000000000000000000') in 0.0008811 seconds
Import Error Code:(4)
Message: Build asset version error: assets/scripts/weapons/weapondata.cs in SourceAssetDB has modification time of '2026-10-05T11:43:46.6317961Z' while content on disk has modification time of '2026-10-05T11:43:56.927Z'
  ERROR: Build asset version error: assets/scripts/weapons/weapondata.cs in SourceAssetDB has modification time of '2026-10-05T11:43:46.6317961Z' while content on disk has modification time of '2026-10-05T11:43:56.927Z'
Number of updated asset objects reloaded before import = 0Number of asset objects unloaded after import = 0

========================================================================
Received Import Request.
  Time since last request: 0.000027 seconds.
  path: Assets/Scripts/Weapons/WeaponData.cs
  artifactKey: Guid(2d9720b74ca933e4da48927938fdb464) Importer(815301076,1909f56bfc062723c751e8b465ee728b)
Start importing Assets/Scripts/Weapons/WeaponData.cs using Guid(2d9720b74ca933e4da48927938fdb464) Importer(815301076,1909f56bfc062723c751e8b465ee728b) (PreviewImporter) -> (artifact id: '00000000000000000000000000000000') in 0.0020395 seconds
Import Error Code:(4)
Message: Build asset version error: assets/scripts/weapons/weapondata.cs in SourceAssetDB has modification time of '2026-10-05T11:43:46.6317961Z' while content on disk has modification time of '2026-10-05T11:43:56.927Z'
  ERROR: Build asset version error: assets/scripts/weapons/weapondata.cs in SourceAssetDB has modification time of '2026-10-05T11:43:46.6317961Z' while content on disk has modification time of '2026-10-05T11:43:56.927Z'
Number of updated asset objects reloaded before import = 0Number of asset objects unloaded after import = 0

========================================================================
Received Import Request.
  Time since last request: 0.000029 seconds.
  path: Assets/Scripts/Weapons/WeaponData.cs
  artifactKey: Guid(2d9720b74ca933e4da48927938fdb464) Importer(815301076,1909f56bfc062723c751e8b465ee728b)
Start importing Assets/Scripts/Weapons/WeaponData.cs using Guid(2d9720b74ca933e4da48927938fdb464) Importer(815301076,1909f56bfc062723c751e8b465ee728b) (PreviewImporter) -> (artifact id: '00000000000000000000000000000000') in 0.000881 seconds
Import Error Code:(4)
Message: Build asset version error: assets/scripts/weapons/weapondata.cs in SourceAssetDB has modification time of '2026-10-05T11:43:46.6317961Z' while content on disk has modification time of '2026-10-05T11:43:56.927Z'
  ERROR: Build asset version error: assets/scripts/weapons/weapondata.cs in SourceAssetDB has modification time of '2026-10-05T11:43:46.6317961Z' while content on disk has modification time of '2026-10-05T11:43:56.927Z'
Number of updated asset objects reloaded before import = 0Number of asset objects unloaded after import = 0

========================================================================
Received Import Request.
  Time since last request: 0.000025 seconds.
  path: Assets/Scripts/Weapons/WeaponData.cs
  artifactKey: Guid(2d9720b74ca933e4da48927938fdb464) Importer(815301076,1909f56bfc062723c751e8b465ee728b)
Start importing Assets/Scripts/Weapons/WeaponData.cs using Guid(2d9720b74ca933e4da48927938fdb464) Importer(815301076,1909f56bfc062723c751e8b465ee728b) (PreviewImporter) -> (artifact id: '00000000000000000000000000000000') in 0.0008781 seconds
Import Error Code:(4)
Message: Build asset version error: assets/scripts/weapons/weapondata.cs in SourceAssetDB has modification time of '2026-10-05T11:43:46.6317961Z' while content on disk has modification time of '2026-10-05T11:43:56.927Z'
  ERROR: Build asset version error: assets/scripts/weapons/weapondata.cs in SourceAssetDB has modification time of '2026-10-05T11:43:46.6317961Z' while content on disk has modification time of '2026-10-05T11:43:56.927Z'
Number of updated asset objects reloaded before import = 0Number of asset objects unloaded after import = 0

========================================================================
Received Import Request.
  Time since last request: 0.000082 seconds.
  path: Assets/Scripts/Weapons/WeaponData.cs
  artifactKey: Guid(2d9720b74ca933e4da48927938fdb464) Importer(815301076,1909f56bfc062723c751e8b465ee728b)
Start importing Assets/Scripts/Weapons/WeaponData.cs using Guid(2d9720b74ca933e4da48927938fdb464) Importer(815301076,1909f56bfc062723c751e8b465ee728b) (PreviewImporter) -> (artifact id: '00000000000000000000000000000000') in 0.0010675 seconds
Import Error Code:(4)
Message: Build asset version error: assets/scripts/weapons/weapondata.cs in SourceAssetDB has modification time of '2026-10-05T11:43:46.6317961Z' while content on disk has modification time of '2026-10-05T11:43:56.927Z'
  ERROR: Build asset version error: assets/scripts/weapons/weapondata.cs in SourceAssetDB has modification time of '2026-10-05T11:43:46.6317961Z' while content on disk has modification time of '2026-10-05T11:43:56.927Z'
Number of updated asset objects reloaded before import = 0Number of asset objects unloaded after import = 0

========================================================================
Received Import Request.
  Time since last request: 0.000027 seconds.
  path: Assets/Scripts/Weapons/WeaponData.cs
  artifactKey: Guid(2d9720b74ca933e4da48927938fdb464) Importer(815301076,1909f56bfc062723c751e8b465ee728b)
Start importing Assets/Scripts/Weapons/WeaponData.cs using Guid(2d9720b74ca933e4da48927938fdb464) Importer(815301076,1909f56bfc062723c751e8b465ee728b) (PreviewImporter) -> (artifact id: '00000000000000000000000000000000') in 0.0028837 seconds
Import Error Code:(4)
Message: Build asset version error: assets/scripts/weapons/weapondata.cs in SourceAssetDB has modification time of '2026-10-05T11:43:46.6317961Z' while content on disk has modification time of '2026-10-05T11:43:56.927Z'
  ERROR: Build asset version error: assets/scripts/weapons/weapondata.cs in SourceAssetDB has modification time of '2026-10-05T11:43:46.6317961Z' while content on disk has modification time of '2026-10-05T11:43:56.927Z'
Number of updated asset objects reloaded before import = 0Number of asset objects unloaded after import = 0

========================================================================
Received Import Request.
  Time since last request: 0.000019 seconds.
  path: Assets/Scripts/Weapons/WeaponData.cs
  artifactKey: Guid(2d9720b74ca933e4da48927938fdb464) Importer(815301076,1909f56bfc062723c751e8b465ee728b)
Start importing Assets/Scripts/Weapons/WeaponData.cs using Guid(2d9720b74ca933e4da48927938fdb464) Importer(815301076,1909f56bfc062723c751e8b465ee728b) (PreviewImporter) -> (artifact id: '00000000000000000000000000000000') in 0.0006835 seconds
Import Error Code:(4)
Message: Build asset version error: assets/scripts/weapons/weapondata.cs in SourceAssetDB has modification time of '2026-10-05T11:43:46.6317961Z' while content on disk has modification time of '2026-10-05T11:43:56.927Z'
  ERROR: Build asset version error: assets/scripts/weapons/weapondata.cs in SourceAssetDB has modification time of '2026-10-05T11:43:46.6317961Z' while content on disk has modification time of '2026-10-05T11:43:56.927Z'
Number of updated asset objects reloaded before import = 0Number of asset objects unloaded after import = 0

========================================================================
Received Import Request.
  Time since last request: 0.000020 seconds.
  path: Assets/Scripts/Weapons/WeaponData.cs
  artifactKey: Guid(2d9720b74ca933e4da48927938fdb464) Importer(815301076,1909f56bfc062723c751e8b465ee728b)
Start importing Assets/Scripts/Weapons/WeaponData.cs using Guid(2d9720b74ca933e4da48927938fdb464) Importer(815301076,1909f56bfc062723c751e8b465ee728b) (PreviewImporter) -> (artifact id: '00000000000000000000000000000000') in 0.0014937 seconds
Import Error Code:(4)
Message: Build asset version error: assets/scripts/weapons/weapondata.cs in SourceAssetDB has modification time of '2026-10-05T11:43:46.6317961Z' while content on disk has modification time of '2026-10-05T11:43:56.927Z'
  ERROR: Build asset version error: assets/scripts/weapons/weapondata.cs in SourceAssetDB has modification time of '2026-10-05T11:43:46.6317961Z' while content on disk has modification time of '2026-10-05T11:43:56.927Z'
Number of updated asset objects reloaded before import = 0Number of asset objects unloaded after import = 0

========================================================================
Received Import Request.
  Time since last request: 0.000043 seconds.
  path: Assets/Scripts/Weapons/WeaponData.cs
  artifactKey: Guid(2d9720b74ca933e4da48927938fdb464) Importer(815301076,1909f56bfc062723c751e8b465ee728b)
Start importing Assets/Scripts/Weapons/WeaponData.cs using Guid(2d9720b74ca933e4da48927938fdb464) Importer(815301076,1909f56bfc062723c751e8b465ee728b) (PreviewImporter) -> (artifact id: '00000000000000000000000000000000') in 0.0008309 seconds
Import Error Code:(4)
Message: Build asset version error: assets/scripts/weapons/weapondata.cs in SourceAssetDB has modification time of '2026-10-05T11:43:46.6317961Z' while content on disk has modification time of '2026-10-05T11:43:56.927Z'
  ERROR: Build asset version error: assets/scripts/weapons/weapondata.cs in SourceAssetDB has modification time of '2026-10-05T11:43:46.6317961Z' while content on disk has modification time of '2026-10-05T11:43:56.927Z'
Number of updated asset objects reloaded before import = 0Number of asset objects unloaded after import = 0

========================================================================
Received Import Request.
  Time since last request: 0.000021 seconds.
  path: Assets/Scripts/Weapons/WeaponData.cs
  artifactKey: Guid(2d9720b74ca933e4da48927938fdb464) Importer(815301076,1909f56bfc062723c751e8b465ee728b)
Start importing Assets/Scripts/Weapons/WeaponData.cs using Guid(2d9720b74ca933e4da48927938fdb464) Importer(815301076,1909f56bfc062723c751e8b465ee728b) (PreviewImporter) -> (artifact id: '00000000000000000000000000000000') in 0.0011538 seconds
Import Error Code:(4)
Message: Build asset version error: assets/scripts/weapons/weapondata.cs in SourceAssetDB has modification time of '2026-10-05T11:43:46.6317961Z' while content on disk has modification time of '2026-10-05T11:43:56.927Z'
  ERROR: Build asset version error: assets/scripts/weapons/weapondata.cs in SourceAssetDB has modification time of '2026-10-05T11:43:46.6317961Z' while content on disk has modification time of '2026-10-05T11:43:56.927Z'
Number of updated asset objects reloaded before import = 0Number of asset objects unloaded after import = 0

========================================================================
Received Import Request.
  Time since last request: 0.000043 seconds.
  path: Assets/Scripts/Weapons/WeaponData.cs
  artifactKey: Guid(2d9720b74ca933e4da48927938fdb464) Importer(815301076,1909f56bfc062723c751e8b465ee728b)
Start importing Assets/Scripts/Weapons/WeaponData.cs using Guid(2d9720b74ca933e4da48927938fdb464) Importer(815301076,1909f56bfc062723c751e8b465ee728b) (PreviewImporter) -> (artifact id: '00000000000000000000000000000000') in 0.000673 seconds
Import Error Code:(4)
Message: Build asset version error: assets/scripts/weapons/weapondata.cs in SourceAssetDB has modification time of '2026-10-05T11:43:46.6317961Z' while content on disk has modification time of '2026-10-05T11:43:56.927Z'
  ERROR: Build asset version error: assets/scripts/weapons/weapondata.cs in SourceAssetDB has modification time of '2026-10-05T11:43:46.6317961Z' while content on disk has modification time of '2026-10-05T11:43:56.927Z'
Number of updated asset objects reloaded before import = 0Number of asset objects unloaded after import = 0

========================================================================
Received Import Request.
  Time since last request: 0.000024 seconds.
  path: Assets/Scripts/Weapons/WeaponData.cs
  artifactKey: Guid(2d9720b74ca933e4da48927938fdb464) Importer(815301076,1909f56bfc062723c751e8b465ee728b)
Start importing Assets/Scripts/Weapons/WeaponData.cs using Guid(2d9720b74ca933e4da48927938fdb464) Importer(815301076,1909f56bfc062723c751e8b465ee728b) (PreviewImporter) -> (artifact id: '00000000000000000000000000000000') in 0.0007138 seconds
Import Error Code:(4)
Message: Build asset version error: assets/scripts/weapons/weapondata.cs in SourceAssetDB has modification time of '2026-10-05T11:43:46.6317961Z' while content on disk has modification time of '2026-10-05T11:43:56.927Z'
  ERROR: Build asset version error: assets/scripts/weapons/weapondata.cs in SourceAssetDB has modification time of '2026-10-05T11:43:46.6317961Z' while content on disk has modification time of '2026-10-05T11:43:56.927Z'
Number of updated asset objects reloaded before import = 0Number of asset objects unloaded after import = 0

========================================================================
Received Import Request.
  Time since last request: 0.000020 seconds.
  path: Assets/Scripts/Weapons/WeaponData.cs
  artifactKey: Guid(2d9720b74ca933e4da48927938fdb464) Importer(815301076,1909f56bfc062723c751e8b465ee728b)
Start importing Assets/Scripts/Weapons/WeaponData.cs using Guid(2d9720b74ca933e4da48927938fdb464) Importer(815301076,1909f56bfc062723c751e8b465ee728b) (PreviewImporter) -> (artifact id: '00000000000000000000000000000000') in 0.0010158 seconds
Import Error Code:(4)
Message: Build asset version error: assets/scripts/weapons/weapondata.cs in SourceAssetDB has modification time of '2026-10-05T11:43:46.6317961Z' while content on disk has modification time of '2026-10-05T11:43:56.927Z'
  ERROR: Build asset version error: assets/scripts/weapons/weapondata.cs in SourceAssetDB has modification time of '2026-10-05T11:43:46.6317961Z' while content on disk has modification time of '2026-10-05T11:43:56.927Z'
Number of updated asset objects reloaded before import = 0Number of asset objects unloaded after import = 0

========================================================================
Received Import Request.
  Time since last request: 0.000025 seconds.
  path: Assets/Scripts/Weapons/WeaponData.cs
  artifactKey: Guid(2d9720b74ca933e4da48927938fdb464) Importer(815301076,1909f56bfc062723c751e8b465ee728b)
Start importing Assets/Scripts/Weapons/WeaponData.cs using Guid(2d9720b74ca933e4da48927938fdb464) Importer(815301076,1909f56bfc062723c751e8b465ee728b) (PreviewImporter) -> (artifact id: '00000000000000000000000000000000') in 0.000821 seconds
Import Error Code:(4)
Message: Build asset version error: assets/scripts/weapons/weapondata.cs in SourceAssetDB has modification time of '2026-10-05T11:43:46.6317961Z' while content on disk has modification time of '2026-10-05T11:43:56.927Z'
  ERROR: Build asset version error: assets/scripts/weapons/weapondata.cs in SourceAssetDB has modification time of '2026-10-05T11:43:46.6317961Z' while content on disk has modification time of '2026-10-05T11:43:56.927Z'
Number of updated asset objects reloaded before import = 0Number of asset objects unloaded after import = 0

========================================================================
Received Import Request.
  Time since last request: 0.000075 seconds.
  path: Assets/Scripts/Weapons/WeaponData.cs
  artifactKey: Guid(2d9720b74ca933e4da48927938fdb464) Importer(815301076,1909f56bfc062723c751e8b465ee728b)
Start importing Assets/Scripts/Weapons/WeaponData.cs using Guid(2d9720b74ca933e4da48927938fdb464) Importer(815301076,1909f56bfc062723c751e8b465ee728b) (PreviewImporter) -> (artifact id: '00000000000000000000000000000000') in 0.0010014 seconds
Import Error Code:(4)
Message: Build asset version error: assets/scripts/weapons/weapondata.cs in SourceAssetDB has modification time of '2026-10-05T11:43:46.6317961Z' while content on disk has modification time of '2026-10-05T11:43:56.927Z'
  ERROR: Build asset version error: assets/scripts/weapons/weapondata.cs in SourceAssetDB has modification time of '2026-10-05T11:43:46.6317961Z' while content on disk has modification time of '2026-10-05T11:43:56.927Z'
Number of updated asset objects reloaded before import = 0Number of asset objects unloaded after import = 0

========================================================================
Received Import Request.
  Time since last request: 0.000039 seconds.
  path: Assets/Scripts/Weapons/WeaponData.cs
  artifactKey: Guid(2d9720b74ca933e4da48927938fdb464) Importer(815301076,1909f56bfc062723c751e8b465ee728b)
Start importing Assets/Scripts/Weapons/WeaponData.cs using Guid(2d9720b74ca933e4da48927938fdb464) Importer(815301076,1909f56bfc062723c751e8b465ee728b) (PreviewImporter) -> (artifact id: '00000000000000000000000000000000') in 0.0008524 seconds
Import Error Code:(4)
Message: Build asset version error: assets/scripts/weapons/weapondata.cs in SourceAssetDB has modification time of '2026-10-05T11:43:46.6317961Z' while content on disk has modification time of '2026-10-05T11:43:56.927Z'
  ERROR: Build asset version error: assets/scripts/weapons/weapondata.cs in SourceAssetDB has modification time of '2026-10-05T11:43:46.6317961Z' while content on disk has modification time of '2026-10-05T11:43:56.927Z'
Number of updated asset objects reloaded before import = 0Number of asset objects unloaded after import = 0

========================================================================
Received Import Request.
  Time since last request: 0.000020 seconds.
  path: Assets/Scripts/Weapons/WeaponData.cs
  artifactKey: Guid(2d9720b74ca933e4da48927938fdb464) Importer(815301076,1909f56bfc062723c751e8b465ee728b)
Start importing Assets/Scripts/Weapons/WeaponData.cs using Guid(2d9720b74ca933e4da48927938fdb464) Importer(815301076,1909f56bfc062723c751e8b465ee728b) (PreviewImporter) -> (artifact id: '00000000000000000000000000000000') in 0.0005354 seconds
Import Error Code:(4)
Message: Build asset version error: assets/scripts/weapons/weapondata.cs in SourceAssetDB has modification time of '2026-10-05T11:43:46.6317961Z' while content on disk has modification time of '2026-10-05T11:43:56.927Z'
  ERROR: Build asset version error: assets/scripts/weapons/weapondata.cs in SourceAssetDB has modification time of '2026-10-05T11:43:46.6317961Z' while content on disk has modification time of '2026-10-05T11:43:56.927Z'
Number of updated asset objects reloaded before import = 0Number of asset objects unloaded after import = 0

========================================================================
Received Import Request.
  Time since last request: 0.000038 seconds.
  path: Assets/Scripts/Weapons/WeaponData.cs
  artifactKey: Guid(2d9720b74ca933e4da48927938fdb464) Importer(815301076,1909f56bfc062723c751e8b465ee728b)
Start importing Assets/Scripts/Weapons/WeaponData.cs using Guid(2d9720b74ca933e4da48927938fdb464) Importer(815301076,1909f56bfc062723c751e8b465ee728b) (PreviewImporter) -> (artifact id: '00000000000000000000000000000000') in 0.000757 seconds
Import Error Code:(4)
Message: Build asset version error: assets/scripts/weapons/weapondata.cs in SourceAssetDB has modification time of '2026-10-05T11:43:46.6317961Z' while content on disk has modification time of '2026-10-05T11:43:56.927Z'
  ERROR: Build asset version error: assets/scripts/weapons/weapondata.cs in SourceAssetDB has modification time of '2026-10-05T11:43:46.6317961Z' while content on disk has modification time of '2026-10-05T11:43:56.927Z'
Number of updated asset objects reloaded before import = 0Number of asset objects unloaded after import = 0

========================================================================
Received Import Request.
  Time since last request: 0.000027 seconds.
  path: Assets/Scripts/Weapons/WeaponData.cs
  artifactKey: Guid(2d9720b74ca933e4da48927938fdb464) Importer(815301076,1909f56bfc062723c751e8b465ee728b)
Start importing Assets/Scripts/Weapons/WeaponData.cs using Guid(2d9720b74ca933e4da48927938fdb464) Importer(815301076,1909f56bfc062723c751e8b465ee728b) (PreviewImporter) -> (artifact id: '00000000000000000000000000000000') in 0.0007151 seconds
Import Error Code:(4)
Message: Build asset version error: assets/scripts/weapons/weapondata.cs in SourceAssetDB has modification time of '2026-10-05T11:43:46.6317961Z' while content on disk has modification time of '2026-10-05T11:43:56.927Z'
  ERROR: Build asset version error: assets/scripts/weapons/weapondata.cs in SourceAssetDB has modification time of '2026-10-05T11:43:46.6317961Z' while content on disk has modification time of '2026-10-05T11:43:56.927Z'
Number of updated asset objects reloaded before import = 0Number of asset objects unloaded after import = 0

========================================================================
Received Import Request.
  Time since last request: 0.000036 seconds.
  path: Assets/Scripts/Weapons/WeaponData.cs
  artifactKey: Guid(2d9720b74ca933e4da48927938fdb464) Importer(815301076,1909f56bfc062723c751e8b465ee728b)
Start importing Assets/Scripts/Weapons/WeaponData.cs using Guid(2d9720b74ca933e4da48927938fdb464) Importer(815301076,1909f56bfc062723c751e8b465ee728b) (PreviewImporter) -> (artifact id: '00000000000000000000000000000000') in 0.0010164 seconds
Import Error Code:(4)
Message: Build asset version error: assets/scripts/weapons/weapondata.cs in SourceAssetDB has modification time of '2026-10-05T11:43:46.6317961Z' while content on disk has modification time of '2026-10-05T11:43:56.927Z'
  ERROR: Build asset version error: assets/scripts/weapons/weapondata.cs in SourceAssetDB has modification time of '2026-10-05T11:43:46.6317961Z' while content on disk has modification time of '2026-10-05T11:43:56.927Z'
Number of updated asset objects reloaded before import = 0Number of asset objects unloaded after import = 0

========================================================================
Received Import Request.
  Time since last request: 0.000030 seconds.
  path: Assets/Scripts/Weapons/WeaponData.cs
  artifactKey: Guid(2d9720b74ca933e4da48927938fdb464) Importer(815301076,1909f56bfc062723c751e8b465ee728b)
Start importing Assets/Scripts/Weapons/WeaponData.cs using Guid(2d9720b74ca933e4da48927938fdb464) Importer(815301076,1909f56bfc062723c751e8b465ee728b) (PreviewImporter) -> (artifact id: '00000000000000000000000000000000') in 0.0008664 seconds
Import Error Code:(4)
Message: Build asset version error: assets/scripts/weapons/weapondata.cs in SourceAssetDB has modification time of '2026-10-05T11:43:46.6317961Z' while content on disk has modification time of '2026-10-05T11:43:56.927Z'
  ERROR: Build asset version error: assets/scripts/weapons/weapondata.cs in SourceAssetDB has modification time of '2026-10-05T11:43:46.6317961Z' while content on disk has modification time of '2026-10-05T11:43:56.927Z'
Number of updated asset objects reloaded before import = 0Number of asset objects unloaded after import = 0

========================================================================
Received Import Request.
  Time since last request: 0.000032 seconds.
  path: Assets/Scripts/Weapons/WeaponData.cs
  artifactKey: Guid(2d9720b74ca933e4da48927938fdb464) Importer(815301076,1909f56bfc062723c751e8b465ee728b)
Start importing Assets/Scripts/Weapons/WeaponData.cs using Guid(2d9720b74ca933e4da48927938fdb464) Importer(815301076,1909f56bfc062723c751e8b465ee728b) (PreviewImporter) -> (artifact id: '00000000000000000000000000000000') in 0.0011638 seconds
Import Error Code:(4)
Message: Build asset version error: assets/scripts/weapons/weapondata.cs in SourceAssetDB has modification time of '2026-10-05T11:43:46.6317961Z' while content on disk has modification time of '2026-10-05T11:43:56.927Z'
  ERROR: Build asset version error: assets/scripts/weapons/weapondata.cs in SourceAssetDB has modification time of '2026-10-05T11:43:46.6317961Z' while content on disk has modification time of '2026-10-05T11:43:56.927Z'
Number of updated asset objects reloaded before import = 0Number of asset objects unloaded after import = 0

========================================================================
Received Import Request.
  Time since last request: 0.000026 seconds.
  path: Assets/Scripts/Weapons/WeaponData.cs
  artifactKey: Guid(2d9720b74ca933e4da48927938fdb464) Importer(815301076,1909f56bfc062723c751e8b465ee728b)
Start importing Assets/Scripts/Weapons/WeaponData.cs using Guid(2d9720b74ca933e4da48927938fdb464) Importer(815301076,1909f56bfc062723c751e8b465ee728b) (PreviewImporter) -> (artifact id: '00000000000000000000000000000000') in 0.0007827 seconds
Import Error Code:(4)
Message: Build asset version error: assets/scripts/weapons/weapondata.cs in SourceAssetDB has modification time of '2026-10-05T11:43:46.6317961Z' while content on disk has modification time of '2026-10-05T11:43:56.927Z'
  ERROR: Build asset version error: assets/scripts/weapons/weapondata.cs in SourceAssetDB has modification time of '2026-10-05T11:43:46.6317961Z' while content on disk has modification time of '2026-10-05T11:43:56.927Z'
Number of updated asset objects reloaded before import = 0Number of asset objects unloaded after import = 0

========================================================================
Received Import Request.
  Time since last request: 0.000061 seconds.
  path: Assets/Scripts/Weapons/WeaponData.cs
  artifactKey: Guid(2d9720b74ca933e4da48927938fdb464) Importer(815301076,1909f56bfc062723c751e8b465ee728b)
Start importing Assets/Scripts/Weapons/WeaponData.cs using Guid(2d9720b74ca933e4da48927938fdb464) Importer(815301076,1909f56bfc062723c751e8b465ee728b) (PreviewImporter) -> (artifact id: '00000000000000000000000000000000') in 0.0006947 seconds
Import Error Code:(4)
Message: Build asset version error: assets/scripts/weapons/weapondata.cs in SourceAssetDB has modification time of '2026-10-05T11:43:46.6317961Z' while content on disk has modification time of '2026-10-05T11:43:56.927Z'
  ERROR: Build asset version error: assets/scripts/weapons/weapondata.cs in SourceAssetDB has modification time of '2026-10-05T11:43:46.6317961Z' while content on disk has modification time of '2026-10-05T11:43:56.927Z'
Number of updated asset objects reloaded before import = 0Number of asset objects unloaded after import = 0

========================================================================
Received Import Request.
  Time since last request: 0.000060 seconds.
  path: Assets/Scripts/Weapons/WeaponData.cs
  artifactKey: Guid(2d9720b74ca933e4da48927938fdb464) Importer(815301076,1909f56bfc062723c751e8b465ee728b)
Start importing Assets/Scripts/Weapons/WeaponData.cs using Guid(2d9720b74ca933e4da48927938fdb464) Importer(815301076,1909f56bfc062723c751e8b465ee728b) (PreviewImporter) -> (artifact id: '00000000000000000000000000000000') in 0.0005497 seconds
Import Error Code:(4)
Message: Build asset version error: assets/scripts/weapons/weapondata.cs in SourceAssetDB has modification time of '2026-10-05T11:43:46.6317961Z' while content on disk has modification time of '2026-10-05T11:43:56.927Z'
  ERROR: Build asset version error: assets/scripts/weapons/weapondata.cs in SourceAssetDB has modification time of '2026-10-05T11:43:46.6317961Z' while content on disk has modification time of '2026-10-05T11:43:56.927Z'
Number of updated asset objects reloaded before import = 0Number of asset objects unloaded after import = 0

========================================================================
Received Import Request.
  Time since last request: 0.000017 seconds.
  path: Assets/Scripts/Weapons/WeaponData.cs
  artifactKey: Guid(2d9720b74ca933e4da48927938fdb464) Importer(815301076,1909f56bfc062723c751e8b465ee728b)
Start importing Assets/Scripts/Weapons/WeaponData.cs using Guid(2d9720b74ca933e4da48927938fdb464) Importer(815301076,1909f56bfc062723c751e8b465ee728b) (PreviewImporter) -> (artifact id: '00000000000000000000000000000000') in 0.0007471 seconds
Import Error Code:(4)
Message: Build asset version error: assets/scripts/weapons/weapondata.cs in SourceAssetDB has modification time of '2026-10-05T11:43:46.6317961Z' while content on disk has modification time of '2026-10-05T11:43:56.927Z'
  ERROR: Build asset version error: assets/scripts/weapons/weapondata.cs in SourceAssetDB has modification time of '2026-10-05T11:43:46.6317961Z' while content on disk has modification time of '2026-10-05T11:43:56.927Z'
Number of updated asset objects reloaded before import = 0Number of asset objects unloaded after import = 0

========================================================================
Received Import Request.
  Time since last request: 0.000036 seconds.
  path: Assets/Scripts/Weapons/WeaponData.cs
  artifactKey: Guid(2d9720b74ca933e4da48927938fdb464) Importer(815301076,1909f56bfc062723c751e8b465ee728b)
Start importing Assets/Scripts/Weapons/WeaponData.cs using Guid(2d9720b74ca933e4da48927938fdb464) Importer(815301076,1909f56bfc062723c751e8b465ee728b) (PreviewImporter) -> (artifact id: '00000000000000000000000000000000') in 0.0005853 seconds
Import Error Code:(4)
Message: Build asset version error: assets/scripts/weapons/weapondata.cs in SourceAssetDB has modification time of '2026-10-05T11:43:46.6317961Z' while content on disk has modification time of '2026-10-05T11:43:56.927Z'
  ERROR: Build asset version error: assets/scripts/weapons/weapondata.cs in SourceAssetDB has modification time of '2026-10-05T11:43:46.6317961Z' while content on disk has modification time of '2026-10-05T11:43:56.927Z'
Number of updated asset objects reloaded before import = 0Number of asset objects unloaded after import = 0

========================================================================
Received Import Request.
  Time since last request: 0.000024 seconds.
  path: Assets/Scripts/Weapons/WeaponData.cs
  artifactKey: Guid(2d9720b74ca933e4da48927938fdb464) Importer(815301076,1909f56bfc062723c751e8b465ee728b)
Start importing Assets/Scripts/Weapons/WeaponData.cs using Guid(2d9720b74ca933e4da48927938fdb464) Importer(815301076,1909f56bfc062723c751e8b465ee728b) (PreviewImporter) -> (artifact id: '00000000000000000000000000000000') in 0.0009577 seconds
Import Error Code:(4)
Message: Build asset version error: assets/scripts/weapons/weapondata.cs in SourceAssetDB has modification time of '2026-10-05T11:43:46.6317961Z' while content on disk has modification time of '2026-10-05T11:43:56.927Z'
  ERROR: Build asset version error: assets/scripts/weapons/weapondata.cs in SourceAssetDB has modification time of '2026-10-05T11:43:46.6317961Z' while content on disk has modification time of '2026-10-05T11:43:56.927Z'
Number of updated asset objects reloaded before import = 0Number of asset objects unloaded after import = 0

========================================================================
Received Import Request.
  Time since last request: 0.000030 seconds.
  path: Assets/Scripts/Weapons/WeaponData.cs
  artifactKey: Guid(2d9720b74ca933e4da48927938fdb464) Importer(815301076,1909f56bfc062723c751e8b465ee728b)
Start importing Assets/Scripts/Weapons/WeaponData.cs using Guid(2d9720b74ca933e4da48927938fdb464) Importer(815301076,1909f56bfc062723c751e8b465ee728b) (PreviewImporter) -> (artifact id: '00000000000000000000000000000000') in 0.0008122 seconds
Import Error Code:(4)
Message: Build asset version error: assets/scripts/weapons/weapondata.cs in SourceAssetDB has modification time of '2026-10-05T11:43:46.6317961Z' while content on disk has modification time of '2026-10-05T11:43:56.927Z'
  ERROR: Build asset version error: assets/scripts/weapons/weapondata.cs in SourceAssetDB has modification time of '2026-10-05T11:43:46.6317961Z' while content on disk has modification time of '2026-10-05T11:43:56.927Z'
Number of updated asset objects reloaded before import = 0Number of asset objects unloaded after import = 0

========================================================================
Received Import Request.
  Time since last request: 0.000018 seconds.
  path: Assets/Scripts/Weapons/WeaponData.cs
  artifactKey: Guid(2d9720b74ca933e4da48927938fdb464) Importer(815301076,1909f56bfc062723c751e8b465ee728b)
Start importing Assets/Scripts/Weapons/WeaponData.cs using Guid(2d9720b74ca933e4da48927938fdb464) Importer(815301076,1909f56bfc062723c751e8b465ee728b) (PreviewImporter) -> (artifact id: '00000000000000000000000000000000') in 0.0008307 seconds
Import Error Code:(4)
Message: Build asset version error: assets/scripts/weapons/weapondata.cs in SourceAssetDB has modification time of '2026-10-05T11:43:46.6317961Z' while content on disk has modification time of '2026-10-05T11:43:56.927Z'
  ERROR: Build asset version error: assets/scripts/weapons/weapondata.cs in SourceAssetDB has modification time of '2026-10-05T11:43:46.6317961Z' while content on disk has modification time of '2026-10-05T11:43:56.927Z'
Number of updated asset objects reloaded before import = 0Number of asset objects unloaded after import = 0

========================================================================
Received Import Request.
  Time since last request: 0.000058 seconds.
  path: Assets/Scripts/Weapons/WeaponData.cs
  artifactKey: Guid(2d9720b74ca933e4da48927938fdb464) Importer(815301076,1909f56bfc062723c751e8b465ee728b)
Start importing Assets/Scripts/Weapons/WeaponData.cs using Guid(2d9720b74ca933e4da48927938fdb464) Importer(815301076,1909f56bfc062723c751e8b465ee728b) (PreviewImporter) -> (artifact id: '00000000000000000000000000000000') in 0.0011569 seconds
Import Error Code:(4)
Message: Build asset version error: assets/scripts/weapons/weapondata.cs in SourceAssetDB has modification time of '2026-10-05T11:43:46.6317961Z' while content on disk has modification time of '2026-10-05T11:43:56.927Z'
  ERROR: Build asset version error: assets/scripts/weapons/weapondata.cs in SourceAssetDB has modification time of '2026-10-05T11:43:46.6317961Z' while content on disk has modification time of '2026-10-05T11:43:56.927Z'
Number of updated asset objects reloaded before import = 0Number of asset objects unloaded after import = 0

========================================================================
Received Import Request.
  Time since last request: 0.000066 seconds.
  path: Assets/Scripts/Weapons/WeaponData.cs
  artifactKey: Guid(2d9720b74ca933e4da48927938fdb464) Importer(815301076,1909f56bfc062723c751e8b465ee728b)
Start importing Assets/Scripts/Weapons/WeaponData.cs using Guid(2d9720b74ca933e4da48927938fdb464) Importer(815301076,1909f56bfc062723c751e8b465ee728b) (PreviewImporter) -> (artifact id: '00000000000000000000000000000000') in 0.0007748 seconds
Import Error Code:(4)
Message: Build asset version error: assets/scripts/weapons/weapondata.cs in SourceAssetDB has modification time of '2026-10-05T11:43:46.6317961Z' while content on disk has modification time of '2026-10-05T11:43:56.927Z'
  ERROR: Build asset version error: assets/scripts/weapons/weapondata.cs in SourceAssetDB has modification time of '2026-10-05T11:43:46.6317961Z' while content on disk has modification time of '2026-10-05T11:43:56.927Z'
Number of updated asset objects reloaded before import = 0Number of asset objects unloaded after import = 0

========================================================================
Received Import Request.
  Time since last request: 0.000059 seconds.
  path: Assets/Scripts/Weapons/WeaponData.cs
  artifactKey: Guid(2d9720b74ca933e4da48927938fdb464) Importer(815301076,1909f56bfc062723c751e8b465ee728b)
Start importing Assets/Scripts/Weapons/WeaponData.cs using Guid(2d9720b74ca933e4da48927938fdb464) Importer(815301076,1909f56bfc062723c751e8b465ee728b) (PreviewImporter) -> (artifact id: '00000000000000000000000000000000') in 0.0408069 seconds
Import Error Code:(4)
Message: Build asset version error: assets/scripts/weapons/weapondata.cs in SourceAssetDB has modification time of '2026-10-05T11:43:46.6317961Z' while content on disk has modification time of '2026-10-05T11:43:56.927Z'
  ERROR: Build asset version error: assets/scripts/weapons/weapondata.cs in SourceAssetDB has modification time of '2026-10-05T11:43:46.6317961Z' while content on disk has modification time of '2026-10-05T11:43:56.927Z'
Number of updated asset objects reloaded before import = 0Number of asset objects unloaded after import = 0

========================================================================
Received Import Request.
  Time since last request: 0.000028 seconds.
  path: Assets/Scripts/Weapons/WeaponData.cs
  artifactKey: Guid(2d9720b74ca933e4da48927938fdb464) Importer(815301076,1909f56bfc062723c751e8b465ee728b)
Start importing Assets/Scripts/Weapons/WeaponData.cs using Guid(2d9720b74ca933e4da48927938fdb464) Importer(815301076,1909f56bfc062723c751e8b465ee728b) (PreviewImporter) -> (artifact id: '00000000000000000000000000000000') in 0.0006597 seconds
Import Error Code:(4)
Message: Build asset version error: assets/scripts/weapons/weapondata.cs in SourceAssetDB has modification time of '2026-10-05T11:43:46.6317961Z' while content on disk has modification time of '2026-10-05T11:43:56.927Z'
  ERROR: Build asset version error: assets/scripts/weapons/weapondata.cs in SourceAssetDB has modification time of '2026-10-05T11:43:46.6317961Z' while content on disk has modification time of '2026-10-05T11:43:56.927Z'
Number of updated asset objects reloaded before import = 0Number of asset objects unloaded after import = 0

========================================================================
Received Import Request.
  Time since last request: 0.000031 seconds.
  path: Assets/Scripts/Weapons/WeaponData.cs
  artifactKey: Guid(2d9720b74ca933e4da48927938fdb464) Importer(815301076,1909f56bfc062723c751e8b465ee728b)
Start importing Assets/Scripts/Weapons/WeaponData.cs using Guid(2d9720b74ca933e4da48927938fdb464) Importer(815301076,1909f56bfc062723c751e8b465ee728b) (PreviewImporter) -> (artifact id: '00000000000000000000000000000000') in 0.0008339 seconds
Import Error Code:(4)
Message: Build asset version error: assets/scripts/weapons/weapondata.cs in SourceAssetDB has modification time of '2026-10-05T11:43:46.6317961Z' while content on disk has modification time of '2026-10-05T11:43:56.927Z'
  ERROR: Build asset version error: assets/scripts/weapons/weapondata.cs in SourceAssetDB has modification time of '2026-10-05T11:43:46.6317961Z' while content on disk has modification time of '2026-10-05T11:43:56.927Z'
Number of updated asset objects reloaded before import = 0Number of asset objects unloaded after import = 0

========================================================================
Received Import Request.
  Time since last request: 0.000024 seconds.
  path: Assets/Scripts/Weapons/WeaponData.cs
  artifactKey: Guid(2d9720b74ca933e4da48927938fdb464) Importer(815301076,1909f56bfc062723c751e8b465ee728b)
Start importing Assets/Scripts/Weapons/WeaponData.cs using Guid(2d9720b74ca933e4da48927938fdb464) Importer(815301076,1909f56bfc062723c751e8b465ee728b) (PreviewImporter) -> (artifact id: '00000000000000000000000000000000') in 0.0011879 seconds
Import Error Code:(4)
Message: Build asset version error: assets/scripts/weapons/weapondata.cs in SourceAssetDB has modification time of '2026-10-05T11:43:46.6317961Z' while content on disk has modification time of '2026-10-05T11:43:56.927Z'
  ERROR: Build asset version error: assets/scripts/weapons/weapondata.cs in SourceAssetDB has modification time of '2026-10-05T11:43:46.6317961Z' while content on disk has modification time of '2026-10-05T11:43:56.927Z'
Number of updated asset objects reloaded before import = 0Number of asset objects unloaded after import = 0

========================================================================
Received Import Request.
  Time since last request: 0.000057 seconds.
  path: Assets/Scripts/Weapons/WeaponData.cs
  artifactKey: Guid(2d9720b74ca933e4da48927938fdb464) Importer(815301076,1909f56bfc062723c751e8b465ee728b)
Start importing Assets/Scripts/Weapons/WeaponData.cs using Guid(2d9720b74ca933e4da48927938fdb464) Importer(815301076,1909f56bfc062723c751e8b465ee728b) (PreviewImporter) -> (artifact id: '00000000000000000000000000000000') in 0.0007056 seconds
Import Error Code:(4)
Message: Build asset version error: assets/scripts/weapons/weapondata.cs in SourceAssetDB has modification time of '2026-10-05T11:43:46.6317961Z' while content on disk has modification time of '2026-10-05T11:43:56.927Z'
  ERROR: Build asset version error: assets/scripts/weapons/weapondata.cs in SourceAssetDB has modification time of '2026-10-05T11:43:46.6317961Z' while content on disk has modification time of '2026-10-05T11:43:56.927Z'
Number of updated asset objects reloaded before import = 0Number of asset objects unloaded after import = 0

========================================================================
Received Import Request.
  Time since last request: 0.000017 seconds.
  path: Assets/Scripts/Weapons/WeaponData.cs
  artifactKey: Guid(2d9720b74ca933e4da48927938fdb464) Importer(815301076,1909f56bfc062723c751e8b465ee728b)
Start importing Assets/Scripts/Weapons/WeaponData.cs using Guid(2d9720b74ca933e4da48927938fdb464) Importer(815301076,1909f56bfc062723c751e8b465ee728b) (PreviewImporter) -> (artifact id: '00000000000000000000000000000000') in 0.0009645 seconds
Import Error Code:(4)
Message: Build asset version error: assets/scripts/weapons/weapondata.cs in SourceAssetDB has modification time of '2026-10-05T11:43:46.6317961Z' while content on disk has modification time of '2026-10-05T11:43:56.927Z'
  ERROR: Build asset version error: assets/scripts/weapons/weapondata.cs in SourceAssetDB has modification time of '2026-10-05T11:43:46.6317961Z' while content on disk has modification time of '2026-10-05T11:43:56.927Z'
Number of updated asset objects reloaded before import = 0Number of asset objects unloaded after import = 0

========================================================================
Received Import Request.
  Time since last request: 0.000061 seconds.
  path: Assets/Scripts/Weapons/WeaponData.cs
  artifactKey: Guid(2d9720b74ca933e4da48927938fdb464) Importer(815301076,1909f56bfc062723c751e8b465ee728b)
Start importing Assets/Scripts/Weapons/WeaponData.cs using Guid(2d9720b74ca933e4da48927938fdb464) Importer(815301076,1909f56bfc062723c751e8b465ee728b) (PreviewImporter) -> (artifact id: '00000000000000000000000000000000') in 0.0014046 seconds
Import Error Code:(4)
Message: Build asset version error: assets/scripts/weapons/weapondata.cs in SourceAssetDB has modification time of '2026-10-05T11:43:46.6317961Z' while content on disk has modification time of '2026-10-05T11:43:56.927Z'
  ERROR: Build asset version error: assets/scripts/weapons/weapondata.cs in SourceAssetDB has modification time of '2026-10-05T11:43:46.6317961Z' while content on disk has modification time of '2026-10-05T11:43:56.927Z'
Number of updated asset objects reloaded before import = 0Number of asset objects unloaded after import = 0

========================================================================
Received Import Request.
  Time since last request: 0.000020 seconds.
  path: Assets/Scripts/Weapons/WeaponData.cs
  artifactKey: Guid(2d9720b74ca933e4da48927938fdb464) Importer(815301076,1909f56bfc062723c751e8b465ee728b)
Start importing Assets/Scripts/Weapons/WeaponData.cs using Guid(2d9720b74ca933e4da48927938fdb464) Importer(815301076,1909f56bfc062723c751e8b465ee728b) (PreviewImporter) -> (artifact id: '00000000000000000000000000000000') in 0.0006197 seconds
Import Error Code:(4)
Message: Build asset version error: assets/scripts/weapons/weapondata.cs in SourceAssetDB has modification time of '2026-10-05T11:43:46.6317961Z' while content on disk has modification time of '2026-10-05T11:43:56.927Z'
  ERROR: Build asset version error: assets/scripts/weapons/weapondata.cs in SourceAssetDB has modification time of '2026-10-05T11:43:46.6317961Z' while content on disk has modification time of '2026-10-05T11:43:56.927Z'
Number of updated asset objects reloaded before import = 0Number of asset objects unloaded after import = 0

========================================================================
Received Import Request.
  Time since last request: 0.000030 seconds.
  path: Assets/Scripts/Weapons/WeaponData.cs
  artifactKey: Guid(2d9720b74ca933e4da48927938fdb464) Importer(815301076,1909f56bfc062723c751e8b465ee728b)
Start importing Assets/Scripts/Weapons/WeaponData.cs using Guid(2d9720b74ca933e4da48927938fdb464) Importer(815301076,1909f56bfc062723c751e8b465ee728b) (PreviewImporter) -> (artifact id: '00000000000000000000000000000000') in 0.0006151 seconds
Import Error Code:(4)
Message: Build asset version error: assets/scripts/weapons/weapondata.cs in SourceAssetDB has modification time of '2026-10-05T11:43:46.6317961Z' while content on disk has modification time of '2026-10-05T11:43:56.927Z'
  ERROR: Build asset version error: assets/scripts/weapons/weapondata.cs in SourceAssetDB has modification time of '2026-10-05T11:43:46.6317961Z' while content on disk has modification time of '2026-10-05T11:43:56.927Z'
Number of updated asset objects reloaded before import = 0Number of asset objects unloaded after import = 0

========================================================================
Received Import Request.
  Time since last request: 0.000037 seconds.
  path: Assets/Scripts/Weapons/WeaponData.cs
  artifactKey: Guid(2d9720b74ca933e4da48927938fdb464) Importer(815301076,1909f56bfc062723c751e8b465ee728b)
Start importing Assets/Scripts/Weapons/WeaponData.cs using Guid(2d9720b74ca933e4da48927938fdb464) Importer(815301076,1909f56bfc062723c751e8b465ee728b) (PreviewImporter) -> (artifact id: '00000000000000000000000000000000') in 0.0008056 seconds
Import Error Code:(4)
Message: Build asset version error: assets/scripts/weapons/weapondata.cs in SourceAssetDB has modification time of '2026-10-05T11:43:46.6317961Z' while content on disk has modification time of '2026-10-05T11:43:56.927Z'
  ERROR: Build asset version error: assets/scripts/weapons/weapondata.cs in SourceAssetDB has modification time of '2026-10-05T11:43:46.6317961Z' while content on disk has modification time of '2026-10-05T11:43:56.927Z'
Number of updated asset objects reloaded before import = 0Number of asset objects unloaded after import = 0

========================================================================
Received Import Request.
  Time since last request: 0.000019 seconds.
  path: Assets/Scripts/Weapons/WeaponData.cs
  artifactKey: Guid(2d9720b74ca933e4da48927938fdb464) Importer(815301076,1909f56bfc062723c751e8b465ee728b)
Start importing Assets/Scripts/Weapons/WeaponData.cs using Guid(2d9720b74ca933e4da48927938fdb464) Importer(815301076,1909f56bfc062723c751e8b465ee728b) (PreviewImporter) -> (artifact id: '00000000000000000000000000000000') in 0.0006828 seconds
Import Error Code:(4)
Message: Build asset version error: assets/scripts/weapons/weapondata.cs in SourceAssetDB has modification time of '2026-10-05T11:43:46.6317961Z' while content on disk has modification time of '2026-10-05T11:43:56.927Z'
  ERROR: Build asset version error: assets/scripts/weapons/weapondata.cs in SourceAssetDB has modification time of '2026-10-05T11:43:46.6317961Z' while content on disk has modification time of '2026-10-05T11:43:56.927Z'
Number of updated asset objects reloaded before import = 0Number of asset objects unloaded after import = 0

========================================================================
Received Import Request.
  Time since last request: 0.000047 seconds.
  path: Assets/Scripts/Weapons/WeaponData.cs
  artifactKey: Guid(2d9720b74ca933e4da48927938fdb464) Importer(815301076,1909f56bfc062723c751e8b465ee728b)
Start importing Assets/Scripts/Weapons/WeaponData.cs using Guid(2d9720b74ca933e4da48927938fdb464) Importer(815301076,1909f56bfc062723c751e8b465ee728b) (PreviewImporter) -> (artifact id: '00000000000000000000000000000000') in 0.0030126 seconds
Import Error Code:(4)
Message: Build asset version error: assets/scripts/weapons/weapondata.cs in SourceAssetDB has modification time of '2026-10-05T11:43:46.6317961Z' while content on disk has modification time of '2026-10-05T11:43:56.927Z'
  ERROR: Build asset version error: assets/scripts/weapons/weapondata.cs in SourceAssetDB has modification time of '2026-10-05T11:43:46.6317961Z' while content on disk has modification time of '2026-10-05T11:43:56.927Z'
Number of updated asset objects reloaded before import = 0Number of asset objects unloaded after import = 0

========================================================================
Received Import Request.
  Time since last request: 0.000064 seconds.
  path: Assets/Scripts/Weapons/WeaponData.cs
  artifactKey: Guid(2d9720b74ca933e4da48927938fdb464) Importer(815301076,1909f56bfc062723c751e8b465ee728b)
Start importing Assets/Scripts/Weapons/WeaponData.cs using Guid(2d9720b74ca933e4da48927938fdb464) Importer(815301076,1909f56bfc062723c751e8b465ee728b) (PreviewImporter) -> (artifact id: '00000000000000000000000000000000') in 0.0080633 seconds
Import Error Code:(4)
Message: Build asset version error: assets/scripts/weapons/weapondata.cs in SourceAssetDB has modification time of '2026-10-05T11:43:46.6317961Z' while content on disk has modification time of '2026-10-05T11:43:56.927Z'
  ERROR: Build asset version error: assets/scripts/weapons/weapondata.cs in SourceAssetDB has modification time of '2026-10-05T11:43:46.6317961Z' while content on disk has modification time of '2026-10-05T11:43:56.927Z'
Number of updated asset objects reloaded before import = 0Number of asset objects unloaded after import = 0

========================================================================
Received Import Request.
  Time since last request: 0.000040 seconds.
  path: Assets/Scripts/Weapons/WeaponData.cs
  artifactKey: Guid(2d9720b74ca933e4da48927938fdb464) Importer(815301076,1909f56bfc062723c751e8b465ee728b)
Start importing Assets/Scripts/Weapons/WeaponData.cs using Guid(2d9720b74ca933e4da48927938fdb464) Importer(815301076,1909f56bfc062723c751e8b465ee728b) (PreviewImporter) -> (artifact id: '00000000000000000000000000000000') in 0.0009254 seconds
Import Error Code:(4)
Message: Build asset version error: assets/scripts/weapons/weapondata.cs in SourceAssetDB has modification time of '2026-10-05T11:43:46.6317961Z' while content on disk has modification time of '2026-10-05T11:43:56.927Z'
  ERROR: Build asset version error: assets/scripts/weapons/weapondata.cs in SourceAssetDB has modification time of '2026-10-05T11:43:46.6317961Z' while content on disk has modification time of '2026-10-05T11:43:56.927Z'
Number of updated asset objects reloaded before import = 0Number of asset objects unloaded after import = 0

========================================================================
Received Import Request.
  Time since last request: 0.000065 seconds.
  path: Assets/Scripts/Weapons/WeaponData.cs
  artifactKey: Guid(2d9720b74ca933e4da48927938fdb464) Importer(815301076,1909f56bfc062723c751e8b465ee728b)
Start importing Assets/Scripts/Weapons/WeaponData.cs using Guid(2d9720b74ca933e4da48927938fdb464) Importer(815301076,1909f56bfc062723c751e8b465ee728b) (PreviewImporter) -> (artifact id: '00000000000000000000000000000000') in 0.0007294 seconds
Import Error Code:(4)
Message: Build asset version error: assets/scripts/weapons/weapondata.cs in SourceAssetDB has modification time of '2026-10-05T11:43:46.6317961Z' while content on disk has modification time of '2026-10-05T11:43:56.927Z'
  ERROR: Build asset version error: assets/scripts/weapons/weapondata.cs in SourceAssetDB has modification time of '2026-10-05T11:43:46.6317961Z' while content on disk has modification time of '2026-10-05T11:43:56.927Z'
Number of updated asset objects reloaded before import = 0Number of asset objects unloaded after import = 0

========================================================================
Received Import Request.
  Time since last request: 0.000024 seconds.
  path: Assets/Scripts/Weapons/WeaponData.cs
  artifactKey: Guid(2d9720b74ca933e4da48927938fdb464) Importer(815301076,1909f56bfc062723c751e8b465ee728b)
Start importing Assets/Scripts/Weapons/WeaponData.cs using Guid(2d9720b74ca933e4da48927938fdb464) Importer(815301076,1909f56bfc062723c751e8b465ee728b) (PreviewImporter) -> (artifact id: '00000000000000000000000000000000') in 0.0012778 seconds
Import Error Code:(4)
Message: Build asset version error: assets/scripts/weapons/weapondata.cs in SourceAssetDB has modification time of '2026-10-05T11:43:46.6317961Z' while content on disk has modification time of '2026-10-05T11:43:56.927Z'
  ERROR: Build asset version error: assets/scripts/weapons/weapondata.cs in SourceAssetDB has modification time of '2026-10-05T11:43:46.6317961Z' while content on disk has modification time of '2026-10-05T11:43:56.927Z'
Number of updated asset objects reloaded before import = 0Number of asset objects unloaded after import = 0

========================================================================
Received Import Request.
  Time since last request: 0.000049 seconds.
  path: Assets/Scripts/Weapons/WeaponData.cs
  artifactKey: Guid(2d9720b74ca933e4da48927938fdb464) Importer(815301076,1909f56bfc062723c751e8b465ee728b)
Start importing Assets/Scripts/Weapons/WeaponData.cs using Guid(2d9720b74ca933e4da48927938fdb464) Importer(815301076,1909f56bfc062723c751e8b465ee728b) (PreviewImporter) -> (artifact id: '00000000000000000000000000000000') in 0.0014015 seconds
Import Error Code:(4)
Message: Build asset version error: assets/scripts/weapons/weapondata.cs in SourceAssetDB has modification time of '2026-10-05T11:43:46.6317961Z' while content on disk has modification time of '2026-10-05T11:43:56.927Z'
  ERROR: Build asset version error: assets/scripts/weapons/weapondata.cs in SourceAssetDB has modification time of '2026-10-05T11:43:46.6317961Z' while content on disk has modification time of '2026-10-05T11:43:56.927Z'
Number of updated asset objects reloaded before import = 0Number of asset objects unloaded after import = 0

========================================================================
Received Import Request.
  Time since last request: 0.000024 seconds.
  path: Assets/Scripts/Weapons/WeaponData.cs
  artifactKey: Guid(2d9720b74ca933e4da48927938fdb464) Importer(815301076,1909f56bfc062723c751e8b465ee728b)
Start importing Assets/Scripts/Weapons/WeaponData.cs using Guid(2d9720b74ca933e4da48927938fdb464) Importer(815301076,1909f56bfc062723c751e8b465ee728b) (PreviewImporter) -> (artifact id: '00000000000000000000000000000000') in 0.0007746 seconds
Import Error Code:(4)
Message: Build asset version error: assets/scripts/weapons/weapondata.cs in SourceAssetDB has modification time of '2026-10-05T11:43:46.6317961Z' while content on disk has modification time of '2026-10-05T11:43:56.927Z'
  ERROR: Build asset version error: assets/scripts/weapons/weapondata.cs in SourceAssetDB has modification time of '2026-10-05T11:43:46.6317961Z' while content on disk has modification time of '2026-10-05T11:43:56.927Z'
Number of updated asset objects reloaded before import = 0Number of asset objects unloaded after import = 0

========================================================================
Received Import Request.
  Time since last request: 0.000071 seconds.
  path: Assets/Scripts/Weapons/WeaponData.cs
  artifactKey: Guid(2d9720b74ca933e4da48927938fdb464) Importer(815301076,1909f56bfc062723c751e8b465ee728b)
Start importing Assets/Scripts/Weapons/WeaponData.cs using Guid(2d9720b74ca933e4da48927938fdb464) Importer(815301076,1909f56bfc062723c751e8b465ee728b) (PreviewImporter) -> (artifact id: '00000000000000000000000000000000') in 0.000659 seconds
Import Error Code:(4)
Message: Build asset version error: assets/scripts/weapons/weapondata.cs in SourceAssetDB has modification time of '2026-10-05T11:43:46.6317961Z' while content on disk has modification time of '2026-10-05T11:43:56.927Z'
  ERROR: Build asset version error: assets/scripts/weapons/weapondata.cs in SourceAssetDB has modification time of '2026-10-05T11:43:46.6317961Z' while content on disk has modification time of '2026-10-05T11:43:56.927Z'
Number of updated asset objects reloaded before import = 0Number of asset objects unloaded after import = 0

========================================================================
Received Import Request.
  Time since last request: 0.000024 seconds.
  path: Assets/Scripts/Weapons/WeaponData.cs
  artifactKey: Guid(2d9720b74ca933e4da48927938fdb464) Importer(815301076,1909f56bfc062723c751e8b465ee728b)
Start importing Assets/Scripts/Weapons/WeaponData.cs using Guid(2d9720b74ca933e4da48927938fdb464) Importer(815301076,1909f56bfc062723c751e8b465ee728b) (PreviewImporter) -> (artifact id: '00000000000000000000000000000000') in 0.0010241 seconds
Import Error Code:(4)
Message: Build asset version error: assets/scripts/weapons/weapondata.cs in SourceAssetDB has modification time of '2026-10-05T11:43:46.6317961Z' while content on disk has modification time of '2026-10-05T11:43:56.927Z'
  ERROR: Build asset version error: assets/scripts/weapons/weapondata.cs in SourceAssetDB has modification time of '2026-10-05T11:43:46.6317961Z' while content on disk has modification time of '2026-10-05T11:43:56.927Z'
Number of updated asset objects reloaded before import = 0Number of asset objects unloaded after import = 0

========================================================================
Received Import Request.
  Time since last request: 0.000020 seconds.
  path: Assets/Scripts/Weapons/WeaponData.cs
  artifactKey: Guid(2d9720b74ca933e4da48927938fdb464) Importer(815301076,1909f56bfc062723c751e8b465ee728b)
Start importing Assets/Scripts/Weapons/WeaponData.cs using Guid(2d9720b74ca933e4da48927938fdb464) Importer(815301076,1909f56bfc062723c751e8b465ee728b) (PreviewImporter) -> (artifact id: '00000000000000000000000000000000') in 0.0009098 seconds
Import Error Code:(4)
Message: Build asset version error: assets/scripts/weapons/weapondata.cs in SourceAssetDB has modification time of '2026-10-05T11:43:46.6317961Z' while content on disk has modification time of '2026-10-05T11:43:56.927Z'
  ERROR: Build asset version error: assets/scripts/weapons/weapondata.cs in SourceAssetDB has modification time of '2026-10-05T11:43:46.6317961Z' while content on disk has modification time of '2026-10-05T11:43:56.927Z'
Number of updated asset objects reloaded before import = 0Number of asset objects unloaded after import = 0

========================================================================
Received Import Request.
  Time since last request: 0.000031 seconds.
  path: Assets/Scripts/Weapons/WeaponData.cs
  artifactKey: Guid(2d9720b74ca933e4da48927938fdb464) Importer(815301076,1909f56bfc062723c751e8b465ee728b)
Start importing Assets/Scripts/Weapons/WeaponData.cs using Guid(2d9720b74ca933e4da48927938fdb464) Importer(815301076,1909f56bfc062723c751e8b465ee728b) (PreviewImporter) -> (artifact id: '00000000000000000000000000000000') in 0.0012227 seconds
Import Error Code:(4)
Message: Build asset version error: assets/scripts/weapons/weapondata.cs in SourceAssetDB has modification time of '2026-10-05T11:43:46.6317961Z' while content on disk has modification time of '2026-10-05T11:43:56.927Z'
  ERROR: Build asset version error: assets/scripts/weapons/weapondata.cs in SourceAssetDB has modification time of '2026-10-05T11:43:46.6317961Z' while content on disk has modification time of '2026-10-05T11:43:56.927Z'
Number of updated asset objects reloaded before import = 0Number of asset objects unloaded after import = 0

========================================================================
Received Import Request.
  Time since last request: 0.000024 seconds.
  path: Assets/Scripts/Weapons/WeaponData.cs
  artifactKey: Guid(2d9720b74ca933e4da48927938fdb464) Importer(815301076,1909f56bfc062723c751e8b465ee728b)
Start importing Assets/Scripts/Weapons/WeaponData.cs using Guid(2d9720b74ca933e4da48927938fdb464) Importer(815301076,1909f56bfc062723c751e8b465ee728b) (PreviewImporter) -> (artifact id: '00000000000000000000000000000000') in 0.0007875 seconds
Import Error Code:(4)
Message: Build asset version error: assets/scripts/weapons/weapondata.cs in SourceAssetDB has modification time of '2026-10-05T11:43:46.6317961Z' while content on disk has modification time of '2026-10-05T11:43:56.927Z'
  ERROR: Build asset version error: assets/scripts/weapons/weapondata.cs in SourceAssetDB has modification time of '2026-10-05T11:43:46.6317961Z' while content on disk has modification time of '2026-10-05T11:43:56.927Z'
Number of updated asset objects reloaded before import = 0Number of asset objects unloaded after import = 0

========================================================================
Received Import Request.
  Time since last request: 0.002218 seconds.
  path: Assets/Scripts/Weapons/WeaponData.cs
  artifactKey: Guid(2d9720b74ca933e4da48927938fdb464) Importer(815301076,1909f56bfc062723c751e8b465ee728b)
Start importing Assets/Scripts/Weapons/WeaponData.cs using Guid(2d9720b74ca933e4da48927938fdb464) Importer(815301076,1909f56bfc062723c751e8b465ee728b) (PreviewImporter) -> (artifact id: '00000000000000000000000000000000') in 0.0007976 seconds
Import Error Code:(4)
Message: Build asset version error: assets/scripts/weapons/weapondata.cs in SourceAssetDB has modification time of '2026-10-05T11:43:46.6317961Z' while content on disk has modification time of '2026-10-05T11:43:56.927Z'
  ERROR: Build asset version error: assets/scripts/weapons/weapondata.cs in SourceAssetDB has modification time of '2026-10-05T11:43:46.6317961Z' while content on disk has modification time of '2026-10-05T11:43:56.927Z'
Number of updated asset objects reloaded before import = 0Number of asset objects unloaded after import = 0

========================================================================
Received Import Request.
  Time since last request: 0.000024 seconds.
  path: Assets/Scripts/Weapons/WeaponData.cs
  artifactKey: Guid(2d9720b74ca933e4da48927938fdb464) Importer(815301076,1909f56bfc062723c751e8b465ee728b)
Start importing Assets/Scripts/Weapons/WeaponData.cs using Guid(2d9720b74ca933e4da48927938fdb464) Importer(815301076,1909f56bfc062723c751e8b465ee728b) (PreviewImporter) -> (artifact id: '00000000000000000000000000000000') in 0.0010017 seconds
Import Error Code:(4)
Message: Build asset version error: assets/scripts/weapons/weapondata.cs in SourceAssetDB has modification time of '2026-10-05T11:43:46.6317961Z' while content on disk has modification time of '2026-10-05T11:43:56.927Z'
  ERROR: Build asset version error: assets/scripts/weapons/weapondata.cs in SourceAssetDB has modification time of '2026-10-05T11:43:46.6317961Z' while content on disk has modification time of '2026-10-05T11:43:56.927Z'
Number of updated asset objects reloaded before import = 0Number of asset objects unloaded after import = 0

========================================================================
Received Import Request.
  Time since last request: 0.000025 seconds.
  path: Assets/Scripts/Weapons/WeaponData.cs
  artifactKey: Guid(2d9720b74ca933e4da48927938fdb464) Importer(815301076,1909f56bfc062723c751e8b465ee728b)
Start importing Assets/Scripts/Weapons/WeaponData.cs using Guid(2d9720b74ca933e4da48927938fdb464) Importer(815301076,1909f56bfc062723c751e8b465ee728b) (PreviewImporter) -> (artifact id: '00000000000000000000000000000000') in 0.0006869 seconds
Import Error Code:(4)
Message: Build asset version error: assets/scripts/weapons/weapondata.cs in SourceAssetDB has modification time of '2026-10-05T11:43:46.6317961Z' while content on disk has modification time of '2026-10-05T11:43:56.927Z'
  ERROR: Build asset version error: assets/scripts/weapons/weapondata.cs in SourceAssetDB has modification time of '2026-10-05T11:43:46.6317961Z' while content on disk has modification time of '2026-10-05T11:43:56.927Z'
Number of updated asset objects reloaded before import = 0Number of asset objects unloaded after import = 0

========================================================================
Received Import Request.
  Time since last request: 0.000024 seconds.
  path: Assets/Scripts/Weapons/WeaponData.cs
  artifactKey: Guid(2d9720b74ca933e4da48927938fdb464) Importer(815301076,1909f56bfc062723c751e8b465ee728b)
Start importing Assets/Scripts/Weapons/WeaponData.cs using Guid(2d9720b74ca933e4da48927938fdb464) Importer(815301076,1909f56bfc062723c751e8b465ee728b) (PreviewImporter) -> (artifact id: '00000000000000000000000000000000') in 0.0006175 seconds
Import Error Code:(4)
Message: Build asset version error: assets/scripts/weapons/weapondata.cs in SourceAssetDB has modification time of '2026-10-05T11:43:46.6317961Z' while content on disk has modification time of '2026-10-05T11:44:05.385Z'
  ERROR: Build asset version error: assets/scripts/weapons/weapondata.cs in SourceAssetDB has modification time of '2026-10-05T11:43:46.6317961Z' while content on disk has modification time of '2026-10-05T11:44:05.385Z'
Number of updated asset objects reloaded before import = 0Number of asset objects unloaded after import = 0

========================================================================
Received Import Request.
  Time since last request: 0.000032 seconds.
  path: Assets/Scripts/Weapons/WeaponData.cs
  artifactKey: Guid(2d9720b74ca933e4da48927938fdb464) Importer(815301076,1909f56bfc062723c751e8b465ee728b)
Start importing Assets/Scripts/Weapons/WeaponData.cs using Guid(2d9720b74ca933e4da48927938fdb464) Importer(815301076,1909f56bfc062723c751e8b465ee728b) (PreviewImporter) -> (artifact id: '00000000000000000000000000000000') in 0.0005423 seconds
Import Error Code:(4)
Message: Build asset version error: assets/scripts/weapons/weapondata.cs in SourceAssetDB has modification time of '2026-10-05T11:43:46.6317961Z' while content on disk has modification time of '2026-10-05T11:44:05.385Z'
  ERROR: Build asset version error: assets/scripts/weapons/weapondata.cs in SourceAssetDB has modification time of '2026-10-05T11:43:46.6317961Z' while content on disk has modification time of '2026-10-05T11:44:05.385Z'
Number of updated asset objects reloaded before import = 0Number of asset objects unloaded after import = 0

========================================================================
Received Import Request.
  Time since last request: 0.000043 seconds.
  path: Assets/Scripts/Weapons/WeaponData.cs
  artifactKey: Guid(2d9720b74ca933e4da48927938fdb464) Importer(815301076,1909f56bfc062723c751e8b465ee728b)
Start importing Assets/Scripts/Weapons/WeaponData.cs using Guid(2d9720b74ca933e4da48927938fdb464) Importer(815301076,1909f56bfc062723c751e8b465ee728b) (PreviewImporter) -> (artifact id: '00000000000000000000000000000000') in 0.0013913 seconds
Import Error Code:(4)
Message: Build asset version error: assets/scripts/weapons/weapondata.cs in SourceAssetDB has modification time of '2026-10-05T11:43:46.6317961Z' while content on disk has modification time of '2026-10-05T11:44:05.385Z'
  ERROR: Build asset version error: assets/scripts/weapons/weapondata.cs in SourceAssetDB has modification time of '2026-10-05T11:43:46.6317961Z' while content on disk has modification time of '2026-10-05T11:44:05.385Z'
Number of updated asset objects reloaded before import = 0Number of asset objects unloaded after import = 0

========================================================================
Received Import Request.
  Time since last request: 0.000051 seconds.
  path: Assets/Scripts/Weapons/WeaponData.cs
  artifactKey: Guid(2d9720b74ca933e4da48927938fdb464) Importer(815301076,1909f56bfc062723c751e8b465ee728b)
Start importing Assets/Scripts/Weapons/WeaponData.cs using Guid(2d9720b74ca933e4da48927938fdb464) Importer(815301076,1909f56bfc062723c751e8b465ee728b) (PreviewImporter) -> (artifact id: '00000000000000000000000000000000') in 0.0006622 seconds
Import Error Code:(4)
Message: Build asset version error: assets/scripts/weapons/weapondata.cs in SourceAssetDB has modification time of '2026-10-05T11:43:46.6317961Z' while content on disk has modification time of '2026-10-05T11:44:05.385Z'
  ERROR: Build asset version error: assets/scripts/weapons/weapondata.cs in SourceAssetDB has modification time of '2026-10-05T11:43:46.6317961Z' while content on disk has modification time of '2026-10-05T11:44:05.385Z'
Number of updated asset objects reloaded before import = 0Number of asset objects unloaded after import = 0

========================================================================
Received Import Request.
  Time since last request: 0.000019 seconds.
  path: Assets/Scripts/Weapons/WeaponData.cs
  artifactKey: Guid(2d9720b74ca933e4da48927938fdb464) Importer(815301076,1909f56bfc062723c751e8b465ee728b)
Start importing Assets/Scripts/Weapons/WeaponData.cs using Guid(2d9720b74ca933e4da48927938fdb464) Importer(815301076,1909f56bfc062723c751e8b465ee728b) (PreviewImporter) -> (artifact id: '00000000000000000000000000000000') in 0.0006135 seconds
Import Error Code:(4)
Message: Build asset version error: assets/scripts/weapons/weapondata.cs in SourceAssetDB has modification time of '2026-10-05T11:43:46.6317961Z' while content on disk has modification time of '2026-10-05T11:44:05.385Z'
  ERROR: Build asset version error: assets/scripts/weapons/weapondata.cs in SourceAssetDB has modification time of '2026-10-05T11:43:46.6317961Z' while content on disk has modification time of '2026-10-05T11:44:05.385Z'
Number of updated asset objects reloaded before import = 0Number of asset objects unloaded after import = 0

========================================================================
Received Import Request.
  Time since last request: 0.000029 seconds.
  path: Assets/Scripts/Weapons/WeaponData.cs
  artifactKey: Guid(2d9720b74ca933e4da48927938fdb464) Importer(815301076,1909f56bfc062723c751e8b465ee728b)
Start importing Assets/Scripts/Weapons/WeaponData.cs using Guid(2d9720b74ca933e4da48927938fdb464) Importer(815301076,1909f56bfc062723c751e8b465ee728b) (PreviewImporter) -> (artifact id: '00000000000000000000000000000000') in 0.0010777 seconds
Import Error Code:(4)
Message: Build asset version error: assets/scripts/weapons/weapondata.cs in SourceAssetDB has modification time of '2026-10-05T11:43:46.6317961Z' while content on disk has modification time of '2026-10-05T11:44:05.385Z'
  ERROR: Build asset version error: assets/scripts/weapons/weapondata.cs in SourceAssetDB has modification time of '2026-10-05T11:43:46.6317961Z' while content on disk has modification time of '2026-10-05T11:44:05.385Z'
Number of updated asset objects reloaded before import = 0Number of asset objects unloaded after import = 0

========================================================================
Received Import Request.
  Time since last request: 0.000061 seconds.
  path: Assets/Scripts/Weapons/WeaponData.cs
  artifactKey: Guid(2d9720b74ca933e4da48927938fdb464) Importer(815301076,1909f56bfc062723c751e8b465ee728b)
Start importing Assets/Scripts/Weapons/WeaponData.cs using Guid(2d9720b74ca933e4da48927938fdb464) Importer(815301076,1909f56bfc062723c751e8b465ee728b) (PreviewImporter) -> (artifact id: '00000000000000000000000000000000') in 0.001078 seconds
Import Error Code:(4)
Message: Build asset version error: assets/scripts/weapons/weapondata.cs in SourceAssetDB has modification time of '2026-10-05T11:43:46.6317961Z' while content on disk has modification time of '2026-10-05T11:44:05.385Z'
  ERROR: Build asset version error: assets/scripts/weapons/weapondata.cs in SourceAssetDB has modification time of '2026-10-05T11:43:46.6317961Z' while content on disk has modification time of '2026-10-05T11:44:05.385Z'
Number of updated asset objects reloaded before import = 0Number of asset objects unloaded after import = 0

========================================================================
Received Import Request.
  Time since last request: 0.000023 seconds.
  path: Assets/Scripts/Weapons/WeaponData.cs
  artifactKey: Guid(2d9720b74ca933e4da48927938fdb464) Importer(815301076,1909f56bfc062723c751e8b465ee728b)
Start importing Assets/Scripts/Weapons/WeaponData.cs using Guid(2d9720b74ca933e4da48927938fdb464) Importer(815301076,1909f56bfc062723c751e8b465ee728b) (PreviewImporter) -> (artifact id: '00000000000000000000000000000000') in 0.0006424 seconds
Import Error Code:(4)
Message: Build asset version error: assets/scripts/weapons/weapondata.cs in SourceAssetDB has modification time of '2026-10-05T11:43:46.6317961Z' while content on disk has modification time of '2026-10-05T11:44:05.385Z'
  ERROR: Build asset version error: assets/scripts/weapons/weapondata.cs in SourceAssetDB has modification time of '2026-10-05T11:43:46.6317961Z' while content on disk has modification time of '2026-10-05T11:44:05.385Z'
Number of updated asset objects reloaded before import = 0Number of asset objects unloaded after import = 0

========================================================================
Received Import Request.
  Time since last request: 0.000021 seconds.
  path: Assets/Scripts/Weapons/WeaponData.cs
  artifactKey: Guid(2d9720b74ca933e4da48927938fdb464) Importer(815301076,1909f56bfc062723c751e8b465ee728b)
Start importing Assets/Scripts/Weapons/WeaponData.cs using Guid(2d9720b74ca933e4da48927938fdb464) Importer(815301076,1909f56bfc062723c751e8b465ee728b) (PreviewImporter) -> (artifact id: '00000000000000000000000000000000') in 0.0006216 seconds
Import Error Code:(4)
Message: Build asset version error: assets/scripts/weapons/weapondata.cs in SourceAssetDB has modification time of '2026-10-05T11:43:46.6317961Z' while content on disk has modification time of '2026-10-05T11:44:05.385Z'
  ERROR: Build asset version error: assets/scripts/weapons/weapondata.cs in SourceAssetDB has modification time of '2026-10-05T11:43:46.6317961Z' while content on disk has modification time of '2026-10-05T11:44:05.385Z'
Number of updated asset objects reloaded before import = 0Number of asset objects unloaded after import = 0

========================================================================
Received Import Request.
  Time since last request: 0.000019 seconds.
  path: Assets/Scripts/Weapons/WeaponData.cs
  artifactKey: Guid(2d9720b74ca933e4da48927938fdb464) Importer(815301076,1909f56bfc062723c751e8b465ee728b)
Start importing Assets/Scripts/Weapons/WeaponData.cs using Guid(2d9720b74ca933e4da48927938fdb464) Importer(815301076,1909f56bfc062723c751e8b465ee728b) (PreviewImporter) -> (artifact id: '00000000000000000000000000000000') in 0.0006702 seconds
Import Error Code:(4)
Message: Build asset version error: assets/scripts/weapons/weapondata.cs in SourceAssetDB has modification time of '2026-10-05T11:43:46.6317961Z' while content on disk has modification time of '2026-10-05T11:44:05.385Z'
  ERROR: Build asset version error: assets/scripts/weapons/weapondata.cs in SourceAssetDB has modification time of '2026-10-05T11:43:46.6317961Z' while content on disk has modification time of '2026-10-05T11:44:05.385Z'
Number of updated asset objects reloaded before import = 0Number of asset objects unloaded after import = 0

========================================================================
Received Import Request.
  Time since last request: 0.000027 seconds.
  path: Assets/Scripts/Weapons/WeaponData.cs
  artifactKey: Guid(2d9720b74ca933e4da48927938fdb464) Importer(815301076,1909f56bfc062723c751e8b465ee728b)
Start importing Assets/Scripts/Weapons/WeaponData.cs using Guid(2d9720b74ca933e4da48927938fdb464) Importer(815301076,1909f56bfc062723c751e8b465ee728b) (PreviewImporter) -> (artifact id: '00000000000000000000000000000000') in 0.0010271 seconds
Import Error Code:(4)
Message: Build asset version error: assets/scripts/weapons/weapondata.cs in SourceAssetDB has modification time of '2026-10-05T11:43:46.6317961Z' while content on disk has modification time of '2026-10-05T11:44:05.385Z'
  ERROR: Build asset version error: assets/scripts/weapons/weapondata.cs in SourceAssetDB has modification time of '2026-10-05T11:43:46.6317961Z' while content on disk has modification time of '2026-10-05T11:44:05.385Z'
Number of updated asset objects reloaded before import = 0Number of asset objects unloaded after import = 0

========================================================================
Received Import Request.
  Time since last request: 0.000037 seconds.
  path: Assets/Scripts/Weapons/WeaponData.cs
  artifactKey: Guid(2d9720b74ca933e4da48927938fdb464) Importer(815301076,1909f56bfc062723c751e8b465ee728b)
Start importing Assets/Scripts/Weapons/WeaponData.cs using Guid(2d9720b74ca933e4da48927938fdb464) Importer(815301076,1909f56bfc062723c751e8b465ee728b) (PreviewImporter) -> (artifact id: '00000000000000000000000000000000') in 0.0008113 seconds
Import Error Code:(4)
Message: Build asset version error: assets/scripts/weapons/weapondata.cs in SourceAssetDB has modification time of '2026-10-05T11:43:46.6317961Z' while content on disk has modification time of '2026-10-05T11:44:05.385Z'
  ERROR: Build asset version error: assets/scripts/weapons/weapondata.cs in SourceAssetDB has modification time of '2026-10-05T11:43:46.6317961Z' while content on disk has modification time of '2026-10-05T11:44:05.385Z'
Number of updated asset objects reloaded before import = 0Number of asset objects unloaded after import = 0

========================================================================
Received Import Request.
  Time since last request: 0.000054 seconds.
  path: Assets/Scripts/Weapons/WeaponData.cs
  artifactKey: Guid(2d9720b74ca933e4da48927938fdb464) Importer(815301076,1909f56bfc062723c751e8b465ee728b)
Start importing Assets/Scripts/Weapons/WeaponData.cs using Guid(2d9720b74ca933e4da48927938fdb464) Importer(815301076,1909f56bfc062723c751e8b465ee728b) (PreviewImporter) -> (artifact id: '00000000000000000000000000000000') in 0.0006351 seconds
Import Error Code:(4)
Message: Build asset version error: assets/scripts/weapons/weapondata.cs in SourceAssetDB has modification time of '2026-10-05T11:43:46.6317961Z' while content on disk has modification time of '2026-10-05T11:44:05.385Z'
  ERROR: Build asset version error: assets/scripts/weapons/weapondata.cs in SourceAssetDB has modification time of '2026-10-05T11:43:46.6317961Z' while content on disk has modification time of '2026-10-05T11:44:05.385Z'
Number of updated asset objects reloaded before import = 0Number of asset objects unloaded after import = 0

========================================================================
Received Import Request.
  Time since last request: 0.000024 seconds.
  path: Assets/Scripts/Weapons/WeaponData.cs
  artifactKey: Guid(2d9720b74ca933e4da48927938fdb464) Importer(815301076,1909f56bfc062723c751e8b465ee728b)
Start importing Assets/Scripts/Weapons/WeaponData.cs using Guid(2d9720b74ca933e4da48927938fdb464) Importer(815301076,1909f56bfc062723c751e8b465ee728b) (PreviewImporter) -> (artifact id: '00000000000000000000000000000000') in 0.0007545 seconds
Import Error Code:(4)
Message: Build asset version error: assets/scripts/weapons/weapondata.cs in SourceAssetDB has modification time of '2026-10-05T11:43:46.6317961Z' while content on disk has modification time of '2026-10-05T11:44:05.385Z'
  ERROR: Build asset version error: assets/scripts/weapons/weapondata.cs in SourceAssetDB has modification time of '2026-10-05T11:43:46.6317961Z' while content on disk has modification time of '2026-10-05T11:44:05.385Z'
Number of updated asset objects reloaded before import = 0Number of asset objects unloaded after import = 0

========================================================================
Received Import Request.
  Time since last request: 0.000044 seconds.
  path: Assets/Scripts/Weapons/WeaponData.cs
  artifactKey: Guid(2d9720b74ca933e4da48927938fdb464) Importer(815301076,1909f56bfc062723c751e8b465ee728b)
Start importing Assets/Scripts/Weapons/WeaponData.cs using Guid(2d9720b74ca933e4da48927938fdb464) Importer(815301076,1909f56bfc062723c751e8b465ee728b) (PreviewImporter) -> (artifact id: '00000000000000000000000000000000') in 0.0007185 seconds
Import Error Code:(4)
Message: Build asset version error: assets/scripts/weapons/weapondata.cs in SourceAssetDB has modification time of '2026-10-05T11:43:46.6317961Z' while content on disk has modification time of '2026-10-05T11:44:05.385Z'
  ERROR: Build asset version error: assets/scripts/weapons/weapondata.cs in SourceAssetDB has modification time of '2026-10-05T11:43:46.6317961Z' while content on disk has modification time of '2026-10-05T11:44:05.385Z'
Number of updated asset objects reloaded before import = 0Number of asset objects unloaded after import = 0

========================================================================
Received Import Request.
  Time since last request: 0.000027 seconds.
  path: Assets/Scripts/Weapons/WeaponData.cs
  artifactKey: Guid(2d9720b74ca933e4da48927938fdb464) Importer(815301076,1909f56bfc062723c751e8b465ee728b)
Start importing Assets/Scripts/Weapons/WeaponData.cs using Guid(2d9720b74ca933e4da48927938fdb464) Importer(815301076,1909f56bfc062723c751e8b465ee728b) (PreviewImporter) -> (artifact id: '00000000000000000000000000000000') in 0.0008375 seconds
Import Error Code:(4)
Message: Build asset version error: assets/scripts/weapons/weapondata.cs in SourceAssetDB has modification time of '2026-10-05T11:43:46.6317961Z' while content on disk has modification time of '2026-10-05T11:44:05.385Z'
  ERROR: Build asset version error: assets/scripts/weapons/weapondata.cs in SourceAssetDB has modification time of '2026-10-05T11:43:46.6317961Z' while content on disk has modification time of '2026-10-05T11:44:05.385Z'
Number of updated asset objects reloaded before import = 0Number of asset objects unloaded after import = 0

========================================================================
Received Import Request.
  Time since last request: 0.000037 seconds.
  path: Assets/Scripts/Weapons/WeaponData.cs
  artifactKey: Guid(2d9720b74ca933e4da48927938fdb464) Importer(815301076,1909f56bfc062723c751e8b465ee728b)
Start importing Assets/Scripts/Weapons/WeaponData.cs using Guid(2d9720b74ca933e4da48927938fdb464) Importer(815301076,1909f56bfc062723c751e8b465ee728b) (PreviewImporter) -> (artifact id: '00000000000000000000000000000000') in 0.0005356 seconds
Import Error Code:(4)
Message: Build asset version error: assets/scripts/weapons/weapondata.cs in SourceAssetDB has modification time of '2026-10-05T11:43:46.6317961Z' while content on disk has modification time of '2026-10-05T11:44:05.385Z'
  ERROR: Build asset version error: assets/scripts/weapons/weapondata.cs in SourceAssetDB has modification time of '2026-10-05T11:43:46.6317961Z' while content on disk has modification time of '2026-10-05T11:44:05.385Z'
Number of updated asset objects reloaded before import = 0Number of asset objects unloaded after import = 0

========================================================================
Received Import Request.
  Time since last request: 0.000033 seconds.
  path: Assets/Scripts/Weapons/WeaponData.cs
  artifactKey: Guid(2d9720b74ca933e4da48927938fdb464) Importer(815301076,1909f56bfc062723c751e8b465ee728b)
Start importing Assets/Scripts/Weapons/WeaponData.cs using Guid(2d9720b74ca933e4da48927938fdb464) Importer(815301076,1909f56bfc062723c751e8b465ee728b) (PreviewImporter) -> (artifact id: '00000000000000000000000000000000') in 0.0007375 seconds
Import Error Code:(4)
Message: Build asset version error: assets/scripts/weapons/weapondata.cs in SourceAssetDB has modification time of '2026-10-05T11:43:46.6317961Z' while content on disk has modification time of '2026-10-05T11:44:05.385Z'
  ERROR: Build asset version error: assets/scripts/weapons/weapondata.cs in SourceAssetDB has modification time of '2026-10-05T11:43:46.6317961Z' while content on disk has modification time of '2026-10-05T11:44:05.385Z'
Number of updated asset objects reloaded before import = 0Number of asset objects unloaded after import = 0

========================================================================
Received Import Request.
  Time since last request: 0.000087 seconds.
  path: Assets/Scripts/Weapons/WeaponData.cs
  artifactKey: Guid(2d9720b74ca933e4da48927938fdb464) Importer(815301076,1909f56bfc062723c751e8b465ee728b)
Start importing Assets/Scripts/Weapons/WeaponData.cs using Guid(2d9720b74ca933e4da48927938fdb464) Importer(815301076,1909f56bfc062723c751e8b465ee728b) (PreviewImporter) -> (artifact id: '00000000000000000000000000000000') in 0.0334057 seconds
Import Error Code:(4)
Message: Build asset version error: assets/scripts/weapons/weapondata.cs in SourceAssetDB has modification time of '2026-10-05T11:43:46.6317961Z' while content on disk has modification time of '2026-10-05T11:44:05.385Z'
  ERROR: Build asset version error: assets/scripts/weapons/weapondata.cs in SourceAssetDB has modification time of '2026-10-05T11:43:46.6317961Z' while content on disk has modification time of '2026-10-05T11:44:05.385Z'
Number of updated asset objects reloaded before import = 0Number of asset objects unloaded after import = 0

========================================================================
Received Import Request.
  Time since last request: 0.000028 seconds.
  path: Assets/Scripts/Weapons/WeaponData.cs
  artifactKey: Guid(2d9720b74ca933e4da48927938fdb464) Importer(815301076,1909f56bfc062723c751e8b465ee728b)
Start importing Assets/Scripts/Weapons/WeaponData.cs using Guid(2d9720b74ca933e4da48927938fdb464) Importer(815301076,1909f56bfc062723c751e8b465ee728b) (PreviewImporter) -> (artifact id: '00000000000000000000000000000000') in 0.0006981 seconds
Import Error Code:(4)
Message: Build asset version error: assets/scripts/weapons/weapondata.cs in SourceAssetDB has modification time of '2026-10-05T11:43:46.6317961Z' while content on disk has modification time of '2026-10-05T11:44:05.385Z'
  ERROR: Build asset version error: assets/scripts/weapons/weapondata.cs in SourceAssetDB has modification time of '2026-10-05T11:43:46.6317961Z' while content on disk has modification time of '2026-10-05T11:44:05.385Z'
Number of updated asset objects reloaded before import = 0Number of asset objects unloaded after import = 0

========================================================================
Received Import Request.
  Time since last request: 0.000072 seconds.
  path: Assets/Scripts/Weapons/WeaponData.cs
  artifactKey: Guid(2d9720b74ca933e4da48927938fdb464) Importer(815301076,1909f56bfc062723c751e8b465ee728b)
Start importing Assets/Scripts/Weapons/WeaponData.cs using Guid(2d9720b74ca933e4da48927938fdb464) Importer(815301076,1909f56bfc062723c751e8b465ee728b) (PreviewImporter) -> (artifact id: '00000000000000000000000000000000') in 0.0027288 seconds
Import Error Code:(4)
Message: Build asset version error: assets/scripts/weapons/weapondata.cs in SourceAssetDB has modification time of '2026-10-05T11:43:46.6317961Z' while content on disk has modification time of '2026-10-05T11:44:05.385Z'
  ERROR: Build asset version error: assets/scripts/weapons/weapondata.cs in SourceAssetDB has modification time of '2026-10-05T11:43:46.6317961Z' while content on disk has modification time of '2026-10-05T11:44:05.385Z'
Number of updated asset objects reloaded before import = 0Number of asset objects unloaded after import = 0

========================================================================
Received Import Request.
  Time since last request: 0.000023 seconds.
  path: Assets/Scripts/Weapons/WeaponData.cs
  artifactKey: Guid(2d9720b74ca933e4da48927938fdb464) Importer(815301076,1909f56bfc062723c751e8b465ee728b)
Start importing Assets/Scripts/Weapons/WeaponData.cs using Guid(2d9720b74ca933e4da48927938fdb464) Importer(815301076,1909f56bfc062723c751e8b465ee728b) (PreviewImporter) -> (artifact id: '00000000000000000000000000000000') in 0.0005903 seconds
Import Error Code:(4)
Message: Build asset version error: assets/scripts/weapons/weapondata.cs in SourceAssetDB has modification time of '2026-10-05T11:43:46.6317961Z' while content on disk has modification time of '2026-10-05T11:44:05.385Z'
  ERROR: Build asset version error: assets/scripts/weapons/weapondata.cs in SourceAssetDB has modification time of '2026-10-05T11:43:46.6317961Z' while content on disk has modification time of '2026-10-05T11:44:05.385Z'
Number of updated asset objects reloaded before import = 0Number of asset objects unloaded after import = 0

========================================================================
Received Import Request.
  Time since last request: 0.000061 seconds.
  path: Assets/Scripts/Weapons/WeaponData.cs
  artifactKey: Guid(2d9720b74ca933e4da48927938fdb464) Importer(815301076,1909f56bfc062723c751e8b465ee728b)
Start importing Assets/Scripts/Weapons/WeaponData.cs using Guid(2d9720b74ca933e4da48927938fdb464) Importer(815301076,1909f56bfc062723c751e8b465ee728b) (PreviewImporter) -> (artifact id: '00000000000000000000000000000000') in 0.0006596 seconds
Import Error Code:(4)
Message: Build asset version error: assets/scripts/weapons/weapondata.cs in SourceAssetDB has modification time of '2026-10-05T11:43:46.6317961Z' while content on disk has modification time of '2026-10-05T11:44:05.385Z'
  ERROR: Build asset version error: assets/scripts/weapons/weapondata.cs in SourceAssetDB has modification time of '2026-10-05T11:43:46.6317961Z' while content on disk has modification time of '2026-10-05T11:44:05.385Z'
Number of updated asset objects reloaded before import = 0Number of asset objects unloaded after import = 0

========================================================================
Received Import Request.
  Time since last request: 0.000023 seconds.
  path: Assets/Scripts/Weapons/WeaponData.cs
  artifactKey: Guid(2d9720b74ca933e4da48927938fdb464) Importer(815301076,1909f56bfc062723c751e8b465ee728b)
Start importing Assets/Scripts/Weapons/WeaponData.cs using Guid(2d9720b74ca933e4da48927938fdb464) Importer(815301076,1909f56bfc062723c751e8b465ee728b) (PreviewImporter) -> (artifact id: '00000000000000000000000000000000') in 0.0006432 seconds
Import Error Code:(4)
Message: Build asset version error: assets/scripts/weapons/weapondata.cs in SourceAssetDB has modification time of '2026-10-05T11:43:46.6317961Z' while content on disk has modification time of '2026-10-05T11:44:05.385Z'
  ERROR: Build asset version error: assets/scripts/weapons/weapondata.cs in SourceAssetDB has modification time of '2026-10-05T11:43:46.6317961Z' while content on disk has modification time of '2026-10-05T11:44:05.385Z'
Number of updated asset objects reloaded before import = 0Number of asset objects unloaded after import = 0

========================================================================
Received Import Request.
  Time since last request: 0.000020 seconds.
  path: Assets/Scripts/Weapons/WeaponData.cs
  artifactKey: Guid(2d9720b74ca933e4da48927938fdb464) Importer(815301076,1909f56bfc062723c751e8b465ee728b)
Start importing Assets/Scripts/Weapons/WeaponData.cs using Guid(2d9720b74ca933e4da48927938fdb464) Importer(815301076,1909f56bfc062723c751e8b465ee728b) (PreviewImporter) -> (artifact id: '00000000000000000000000000000000') in 0.0005913 seconds
Import Error Code:(4)
Message: Build asset version error: assets/scripts/weapons/weapondata.cs in SourceAssetDB has modification time of '2026-10-05T11:43:46.6317961Z' while content on disk has modification time of '2026-10-05T11:44:05.385Z'
  ERROR: Build asset version error: assets/scripts/weapons/weapondata.cs in SourceAssetDB has modification time of '2026-10-05T11:43:46.6317961Z' while content on disk has modification time of '2026-10-05T11:44:05.385Z'
Number of updated asset objects reloaded before import = 0Number of asset objects unloaded after import = 0

========================================================================
Received Import Request.
  Time since last request: 0.000032 seconds.
  path: Assets/Scripts/Weapons/WeaponData.cs
  artifactKey: Guid(2d9720b74ca933e4da48927938fdb464) Importer(815301076,1909f56bfc062723c751e8b465ee728b)
Start importing Assets/Scripts/Weapons/WeaponData.cs using Guid(2d9720b74ca933e4da48927938fdb464) Importer(815301076,1909f56bfc062723c751e8b465ee728b) (PreviewImporter) -> (artifact id: '00000000000000000000000000000000') in 0.0009778 seconds
Import Error Code:(4)
Message: Build asset version error: assets/scripts/weapons/weapondata.cs in SourceAssetDB has modification time of '2026-10-05T11:43:46.6317961Z' while content on disk has modification time of '2026-10-05T11:44:05.385Z'
  ERROR: Build asset version error: assets/scripts/weapons/weapondata.cs in SourceAssetDB has modification time of '2026-10-05T11:43:46.6317961Z' while content on disk has modification time of '2026-10-05T11:44:05.385Z'
Number of updated asset objects reloaded before import = 0Number of asset objects unloaded after import = 0

========================================================================
Received Import Request.
  Time since last request: 0.000049 seconds.
  path: Assets/Scripts/Weapons/WeaponData.cs
  artifactKey: Guid(2d9720b74ca933e4da48927938fdb464) Importer(815301076,1909f56bfc062723c751e8b465ee728b)
Start importing Assets/Scripts/Weapons/WeaponData.cs using Guid(2d9720b74ca933e4da48927938fdb464) Importer(815301076,1909f56bfc062723c751e8b465ee728b) (PreviewImporter) -> (artifact id: '00000000000000000000000000000000') in 0.0005522 seconds
Import Error Code:(4)
Message: Build asset version error: assets/scripts/weapons/weapondata.cs in SourceAssetDB has modification time of '2026-10-05T11:43:46.6317961Z' while content on disk has modification time of '2026-10-05T11:44:05.385Z'
  ERROR: Build asset version error: assets/scripts/weapons/weapondata.cs in SourceAssetDB has modification time of '2026-10-05T11:43:46.6317961Z' while content on disk has modification time of '2026-10-05T11:44:05.385Z'
Number of updated asset objects reloaded before import = 0Number of asset objects unloaded after import = 0

========================================================================
Received Import Request.
  Time since last request: 0.000029 seconds.
  path: Assets/Scripts/Weapons/WeaponData.cs
  artifactKey: Guid(2d9720b74ca933e4da48927938fdb464) Importer(815301076,1909f56bfc062723c751e8b465ee728b)
Start importing Assets/Scripts/Weapons/WeaponData.cs using Guid(2d9720b74ca933e4da48927938fdb464) Importer(815301076,1909f56bfc062723c751e8b465ee728b) (PreviewImporter) -> (artifact id: '00000000000000000000000000000000') in 0.000804 seconds
Import Error Code:(4)
Message: Build asset version error: assets/scripts/weapons/weapondata.cs in SourceAssetDB has modification time of '2026-10-05T11:43:46.6317961Z' while content on disk has modification time of '2026-10-05T11:44:05.385Z'
  ERROR: Build asset version error: assets/scripts/weapons/weapondata.cs in SourceAssetDB has modification time of '2026-10-05T11:43:46.6317961Z' while content on disk has modification time of '2026-10-05T11:44:05.385Z'
Number of updated asset objects reloaded before import = 0Number of asset objects unloaded after import = 0

========================================================================
Received Import Request.
  Time since last request: 0.000036 seconds.
  path: Assets/Scripts/Weapons/WeaponData.cs
  artifactKey: Guid(2d9720b74ca933e4da48927938fdb464) Importer(815301076,1909f56bfc062723c751e8b465ee728b)
Start importing Assets/Scripts/Weapons/WeaponData.cs using Guid(2d9720b74ca933e4da48927938fdb464) Importer(815301076,1909f56bfc062723c751e8b465ee728b) (PreviewImporter) -> (artifact id: '00000000000000000000000000000000') in 0.0006602 seconds
Import Error Code:(4)
Message: Build asset version error: assets/scripts/weapons/weapondata.cs in SourceAssetDB has modification time of '2026-10-05T11:43:46.6317961Z' while content on disk has modification time of '2026-10-05T11:44:05.385Z'
  ERROR: Build asset version error: assets/scripts/weapons/weapondata.cs in SourceAssetDB has modification time of '2026-10-05T11:43:46.6317961Z' while content on disk has modification time of '2026-10-05T11:44:05.385Z'
Number of updated asset objects reloaded before import = 0Number of asset objects unloaded after import = 0

========================================================================
Received Import Request.
  Time since last request: 0.000020 seconds.
  path: Assets/Scripts/Weapons/WeaponData.cs
  artifactKey: Guid(2d9720b74ca933e4da48927938fdb464) Importer(815301076,1909f56bfc062723c751e8b465ee728b)
Start importing Assets/Scripts/Weapons/WeaponData.cs using Guid(2d9720b74ca933e4da48927938fdb464) Importer(815301076,1909f56bfc062723c751e8b465ee728b) (PreviewImporter) -> (artifact id: '00000000000000000000000000000000') in 0.00099 seconds
Import Error Code:(4)
Message: Build asset version error: assets/scripts/weapons/weapondata.cs in SourceAssetDB has modification time of '2026-10-05T11:43:46.6317961Z' while content on disk has modification time of '2026-10-05T11:44:05.385Z'
  ERROR: Build asset version error: assets/scripts/weapons/weapondata.cs in SourceAssetDB has modification time of '2026-10-05T11:43:46.6317961Z' while content on disk has modification time of '2026-10-05T11:44:05.385Z'
Number of updated asset objects reloaded before import = 0Number of asset objects unloaded after import = 0

========================================================================
Received Import Request.
  Time since last request: 0.000018 seconds.
  path: Assets/Scripts/Weapons/WeaponData.cs
  artifactKey: Guid(2d9720b74ca933e4da48927938fdb464) Importer(815301076,1909f56bfc062723c751e8b465ee728b)
Start importing Assets/Scripts/Weapons/WeaponData.cs using Guid(2d9720b74ca933e4da48927938fdb464) Importer(815301076,1909f56bfc062723c751e8b465ee728b) (PreviewImporter) -> (artifact id: '00000000000000000000000000000000') in 0.0006974 seconds
Import Error Code:(4)
Message: Build asset version error: assets/scripts/weapons/weapondata.cs in SourceAssetDB has modification time of '2026-10-05T11:43:46.6317961Z' while content on disk has modification time of '2026-10-05T11:44:05.385Z'
  ERROR: Build asset version error: assets/scripts/weapons/weapondata.cs in SourceAssetDB has modification time of '2026-10-05T11:43:46.6317961Z' while content on disk has modification time of '2026-10-05T11:44:05.385Z'
Number of updated asset objects reloaded before import = 0Number of asset objects unloaded after import = 0

========================================================================
Received Import Request.
  Time since last request: 0.000022 seconds.
  path: Assets/Scripts/Weapons/WeaponData.cs
  artifactKey: Guid(2d9720b74ca933e4da48927938fdb464) Importer(815301076,1909f56bfc062723c751e8b465ee728b)
Start importing Assets/Scripts/Weapons/WeaponData.cs using Guid(2d9720b74ca933e4da48927938fdb464) Importer(815301076,1909f56bfc062723c751e8b465ee728b) (PreviewImporter) -> (artifact id: '00000000000000000000000000000000') in 0.0009837 seconds
Import Error Code:(4)
Message: Build asset version error: assets/scripts/weapons/weapondata.cs in SourceAssetDB has modification time of '2026-10-05T11:43:46.6317961Z' while content on disk has modification time of '2026-10-05T11:44:05.385Z'
  ERROR: Build asset version error: assets/scripts/weapons/weapondata.cs in SourceAssetDB has modification time of '2026-10-05T11:43:46.6317961Z' while content on disk has modification time of '2026-10-05T11:44:05.385Z'
Number of updated asset objects reloaded before import = 0Number of asset objects unloaded after import = 0

========================================================================
Received Import Request.
  Time since last request: 0.000037 seconds.
  path: Assets/Scripts/Weapons/WeaponData.cs
  artifactKey: Guid(2d9720b74ca933e4da48927938fdb464) Importer(815301076,1909f56bfc062723c751e8b465ee728b)
Start importing Assets/Scripts/Weapons/WeaponData.cs using Guid(2d9720b74ca933e4da48927938fdb464) Importer(815301076,1909f56bfc062723c751e8b465ee728b) (PreviewImporter) -> (artifact id: '00000000000000000000000000000000') in 0.0011663 seconds
Import Error Code:(4)
Message: Build asset version error: assets/scripts/weapons/weapondata.cs in SourceAssetDB has modification time of '2026-10-05T11:43:46.6317961Z' while content on disk has modification time of '2026-10-05T11:44:05.385Z'
  ERROR: Build asset version error: assets/scripts/weapons/weapondata.cs in SourceAssetDB has modification time of '2026-10-05T11:43:46.6317961Z' while content on disk has modification time of '2026-10-05T11:44:05.385Z'
Number of updated asset objects reloaded before import = 0Number of asset objects unloaded after import = 0

========================================================================
Received Import Request.
  Time since last request: 0.000047 seconds.
  path: Assets/Scripts/Weapons/WeaponData.cs
  artifactKey: Guid(2d9720b74ca933e4da48927938fdb464) Importer(815301076,1909f56bfc062723c751e8b465ee728b)
Start importing Assets/Scripts/Weapons/WeaponData.cs using Guid(2d9720b74ca933e4da48927938fdb464) Importer(815301076,1909f56bfc062723c751e8b465ee728b) (PreviewImporter) -> (artifact id: '00000000000000000000000000000000') in 0.0006687 seconds
Import Error Code:(4)
Message: Build asset version error: assets/scripts/weapons/weapondata.cs in SourceAssetDB has modification time of '2026-10-05T11:43:46.6317961Z' while content on disk has modification time of '2026-10-05T11:44:05.385Z'
  ERROR: Build asset version error: assets/scripts/weapons/weapondata.cs in SourceAssetDB has modification time of '2026-10-05T11:43:46.6317961Z' while content on disk has modification time of '2026-10-05T11:44:05.385Z'
Number of updated asset objects reloaded before import = 0Number of asset objects unloaded after import = 0

========================================================================
Received Import Request.
  Time since last request: 0.000041 seconds.
  path: Assets/Scripts/Weapons/WeaponData.cs
  artifactKey: Guid(2d9720b74ca933e4da48927938fdb464) Importer(815301076,1909f56bfc062723c751e8b465ee728b)
Start importing Assets/Scripts/Weapons/WeaponData.cs using Guid(2d9720b74ca933e4da48927938fdb464) Importer(815301076,1909f56bfc062723c751e8b465ee728b) (PreviewImporter) -> (artifact id: '00000000000000000000000000000000') in 0.0007074 seconds
Import Error Code:(4)
Message: Build asset version error: assets/scripts/weapons/weapondata.cs in SourceAssetDB has modification time of '2026-10-05T11:43:46.6317961Z' while content on disk has modification time of '2026-10-05T11:44:05.385Z'
  ERROR: Build asset version error: assets/scripts/weapons/weapondata.cs in SourceAssetDB has modification time of '2026-10-05T11:43:46.6317961Z' while content on disk has modification time of '2026-10-05T11:44:05.385Z'
Number of updated asset objects reloaded before import = 0Number of asset objects unloaded after import = 0

========================================================================
Received Import Request.
  Time since last request: 0.000023 seconds.
  path: Assets/Scripts/Weapons/WeaponData.cs
  artifactKey: Guid(2d9720b74ca933e4da48927938fdb464) Importer(815301076,1909f56bfc062723c751e8b465ee728b)
Start importing Assets/Scripts/Weapons/WeaponData.cs using Guid(2d9720b74ca933e4da48927938fdb464) Importer(815301076,1909f56bfc062723c751e8b465ee728b) (PreviewImporter) -> (artifact id: '00000000000000000000000000000000') in 0.0006887 seconds
Import Error Code:(4)
Message: Build asset version error: assets/scripts/weapons/weapondata.cs in SourceAssetDB has modification time of '2026-10-05T11:43:46.6317961Z' while content on disk has modification time of '2026-10-05T11:44:05.385Z'
  ERROR: Build asset version error: assets/scripts/weapons/weapondata.cs in SourceAssetDB has modification time of '2026-10-05T11:43:46.6317961Z' while content on disk has modification time of '2026-10-05T11:44:05.385Z'
Number of updated asset objects reloaded before import = 0Number of asset objects unloaded after import = 0

========================================================================
Received Import Request.
  Time since last request: 0.000070 seconds.
  path: Assets/Scripts/Weapons/WeaponData.cs
  artifactKey: Guid(2d9720b74ca933e4da48927938fdb464) Importer(815301076,1909f56bfc062723c751e8b465ee728b)
Start importing Assets/Scripts/Weapons/WeaponData.cs using Guid(2d9720b74ca933e4da48927938fdb464) Importer(815301076,1909f56bfc062723c751e8b465ee728b) (PreviewImporter) -> (artifact id: '00000000000000000000000000000000') in 0.0009467 seconds
Import Error Code:(4)
Message: Build asset version error: assets/scripts/weapons/weapondata.cs in SourceAssetDB has modification time of '2026-10-05T11:43:46.6317961Z' while content on disk has modification time of '2026-10-05T11:44:05.385Z'
  ERROR: Build asset version error: assets/scripts/weapons/weapondata.cs in SourceAssetDB has modification time of '2026-10-05T11:43:46.6317961Z' while content on disk has modification time of '2026-10-05T11:44:05.385Z'
Number of updated asset objects reloaded before import = 0Number of asset objects unloaded after import = 0

========================================================================
Received Import Request.
  Time since last request: 0.000034 seconds.
  path: Assets/Scripts/Weapons/WeaponData.cs
  artifactKey: Guid(2d9720b74ca933e4da48927938fdb464) Importer(815301076,1909f56bfc062723c751e8b465ee728b)
Start importing Assets/Scripts/Weapons/WeaponData.cs using Guid(2d9720b74ca933e4da48927938fdb464) Importer(815301076,1909f56bfc062723c751e8b465ee728b) (PreviewImporter) -> (artifact id: '00000000000000000000000000000000') in 0.000677 seconds
Import Error Code:(4)
Message: Build asset version error: assets/scripts/weapons/weapondata.cs in SourceAssetDB has modification time of '2026-10-05T11:43:46.6317961Z' while content on disk has modification time of '2026-10-05T11:44:05.385Z'
  ERROR: Build asset version error: assets/scripts/weapons/weapondata.cs in SourceAssetDB has modification time of '2026-10-05T11:43:46.6317961Z' while content on disk has modification time of '2026-10-05T11:44:05.385Z'
Number of updated asset objects reloaded before import = 0Number of asset objects unloaded after import = 0

========================================================================
Received Import Request.
  Time since last request: 0.000020 seconds.
  path: Assets/Scripts/Weapons/WeaponData.cs
  artifactKey: Guid(2d9720b74ca933e4da48927938fdb464) Importer(815301076,1909f56bfc062723c751e8b465ee728b)
Start importing Assets/Scripts/Weapons/WeaponData.cs using Guid(2d9720b74ca933e4da48927938fdb464) Importer(815301076,1909f56bfc062723c751e8b465ee728b) (PreviewImporter) -> (artifact id: '00000000000000000000000000000000') in 0.0012524 seconds
Import Error Code:(4)
Message: Build asset version error: assets/scripts/weapons/weapondata.cs in SourceAssetDB has modification time of '2026-10-05T11:43:46.6317961Z' while content on disk has modification time of '2026-10-05T11:44:05.385Z'
  ERROR: Build asset version error: assets/scripts/weapons/weapondata.cs in SourceAssetDB has modification time of '2026-10-05T11:43:46.6317961Z' while content on disk has modification time of '2026-10-05T11:44:05.385Z'
Number of updated asset objects reloaded before import = 0Number of asset objects unloaded after import = 0

========================================================================
Received Import Request.
  Time since last request: 0.000022 seconds.
  path: Assets/Scripts/Weapons/WeaponData.cs
  artifactKey: Guid(2d9720b74ca933e4da48927938fdb464) Importer(815301076,1909f56bfc062723c751e8b465ee728b)
Start importing Assets/Scripts/Weapons/WeaponData.cs using Guid(2d9720b74ca933e4da48927938fdb464) Importer(815301076,1909f56bfc062723c751e8b465ee728b) (PreviewImporter) -> (artifact id: '00000000000000000000000000000000') in 0.0005685 seconds
Import Error Code:(4)
Message: Build asset version error: assets/scripts/weapons/weapondata.cs in SourceAssetDB has modification time of '2026-10-05T11:43:46.6317961Z' while content on disk has modification time of '2026-10-05T11:44:05.385Z'
  ERROR: Build asset version error: assets/scripts/weapons/weapondata.cs in SourceAssetDB has modification time of '2026-10-05T11:43:46.6317961Z' while content on disk has modification time of '2026-10-05T11:44:05.385Z'
Number of updated asset objects reloaded before import = 0Number of asset objects unloaded after import = 0

========================================================================
Received Import Request.
  Time since last request: 0.000192 seconds.
  path: Assets/Scripts/Weapons/WeaponData.cs
  artifactKey: Guid(2d9720b74ca933e4da48927938fdb464) Importer(815301076,1909f56bfc062723c751e8b465ee728b)
Start importing Assets/Scripts/Weapons/WeaponData.cs using Guid(2d9720b74ca933e4da48927938fdb464) Importer(815301076,1909f56bfc062723c751e8b465ee728b) (PreviewImporter) -> (artifact id: '00000000000000000000000000000000') in 0.0006268 seconds
Import Error Code:(4)
Message: Build asset version error: assets/scripts/weapons/weapondata.cs in SourceAssetDB has modification time of '2026-10-05T11:43:46.6317961Z' while content on disk has modification time of '2026-10-05T11:44:05.385Z'
  ERROR: Build asset version error: assets/scripts/weapons/weapondata.cs in SourceAssetDB has modification time of '2026-10-05T11:43:46.6317961Z' while content on disk has modification time of '2026-10-05T11:44:05.385Z'
Number of updated asset objects reloaded before import = 0Number of asset objects unloaded after import = 0

========================================================================
Received Import Request.
  Time since last request: 0.000043 seconds.
  path: Assets/Scripts/Weapons/WeaponData.cs
  artifactKey: Guid(2d9720b74ca933e4da48927938fdb464) Importer(815301076,1909f56bfc062723c751e8b465ee728b)
Start importing Assets/Scripts/Weapons/WeaponData.cs using Guid(2d9720b74ca933e4da48927938fdb464) Importer(815301076,1909f56bfc062723c751e8b465ee728b) (PreviewImporter) -> (artifact id: '00000000000000000000000000000000') in 0.0008086 seconds
Import Error Code:(4)
Message: Build asset version error: assets/scripts/weapons/weapondata.cs in SourceAssetDB has modification time of '2026-10-05T11:43:46.6317961Z' while content on disk has modification time of '2026-10-05T11:44:05.385Z'
  ERROR: Build asset version error: assets/scripts/weapons/weapondata.cs in SourceAssetDB has modification time of '2026-10-05T11:43:46.6317961Z' while content on disk has modification time of '2026-10-05T11:44:05.385Z'
Number of updated asset objects reloaded before import = 0Number of asset objects unloaded after import = 0

========================================================================
Received Import Request.
  Time since last request: 0.000017 seconds.
  path: Assets/Scripts/Weapons/WeaponData.cs
  artifactKey: Guid(2d9720b74ca933e4da48927938fdb464) Importer(815301076,1909f56bfc062723c751e8b465ee728b)
Start importing Assets/Scripts/Weapons/WeaponData.cs using Guid(2d9720b74ca933e4da48927938fdb464) Importer(815301076,1909f56bfc062723c751e8b465ee728b) (PreviewImporter) -> (artifact id: '00000000000000000000000000000000') in 0.0013985 seconds
Import Error Code:(4)
Message: Build asset version error: assets/scripts/weapons/weapondata.cs in SourceAssetDB has modification time of '2026-10-05T11:43:46.6317961Z' while content on disk has modification time of '2026-10-05T11:44:05.385Z'
  ERROR: Build asset version error: assets/scripts/weapons/weapondata.cs in SourceAssetDB has modification time of '2026-10-05T11:43:46.6317961Z' while content on disk has modification time of '2026-10-05T11:44:05.385Z'
Number of updated asset objects reloaded before import = 0Number of asset objects unloaded after import = 0

========================================================================
Received Import Request.
  Time since last request: 0.000029 seconds.
  path: Assets/Scripts/Weapons/WeaponData.cs
  artifactKey: Guid(2d9720b74ca933e4da48927938fdb464) Importer(815301076,1909f56bfc062723c751e8b465ee728b)
Start importing Assets/Scripts/Weapons/WeaponData.cs using Guid(2d9720b74ca933e4da48927938fdb464) Importer(815301076,1909f56bfc062723c751e8b465ee728b) (PreviewImporter) -> (artifact id: '00000000000000000000000000000000') in 0.0018987 seconds
Import Error Code:(4)
Message: Build asset version error: assets/scripts/weapons/weapondata.cs in SourceAssetDB has modification time of '2026-10-05T11:43:46.6317961Z' while content on disk has modification time of '2026-10-05T11:44:05.385Z'
  ERROR: Build asset version error: assets/scripts/weapons/weapondata.cs in SourceAssetDB has modification time of '2026-10-05T11:43:46.6317961Z' while content on disk has modification time of '2026-10-05T11:44:05.385Z'
Number of updated asset objects reloaded before import = 0Number of asset objects unloaded after import = 0

========================================================================
Received Import Request.
  Time since last request: 0.000026 seconds.
  path: Assets/Scripts/Weapons/WeaponData.cs
  artifactKey: Guid(2d9720b74ca933e4da48927938fdb464) Importer(815301076,1909f56bfc062723c751e8b465ee728b)
Start importing Assets/Scripts/Weapons/WeaponData.cs using Guid(2d9720b74ca933e4da48927938fdb464) Importer(815301076,1909f56bfc062723c751e8b465ee728b) (PreviewImporter) -> (artifact id: '00000000000000000000000000000000') in 0.0006868 seconds
Import Error Code:(4)
Message: Build asset version error: assets/scripts/weapons/weapondata.cs in SourceAssetDB has modification time of '2026-10-05T11:43:46.6317961Z' while content on disk has modification time of '2026-10-05T11:44:05.385Z'
  ERROR: Build asset version error: assets/scripts/weapons/weapondata.cs in SourceAssetDB has modification time of '2026-10-05T11:43:46.6317961Z' while content on disk has modification time of '2026-10-05T11:44:05.385Z'
Number of updated asset objects reloaded before import = 0Number of asset objects unloaded after import = 0

========================================================================
Received Import Request.
  Time since last request: 0.000074 seconds.
  path: Assets/Scripts/Weapons/WeaponData.cs
  artifactKey: Guid(2d9720b74ca933e4da48927938fdb464) Importer(815301076,1909f56bfc062723c751e8b465ee728b)
Start importing Assets/Scripts/Weapons/WeaponData.cs using Guid(2d9720b74ca933e4da48927938fdb464) Importer(815301076,1909f56bfc062723c751e8b465ee728b) (PreviewImporter) -> (artifact id: '00000000000000000000000000000000') in 0.0006553 seconds
Import Error Code:(4)
Message: Build asset version error: assets/scripts/weapons/weapondata.cs in SourceAssetDB has modification time of '2026-10-05T11:43:46.6317961Z' while content on disk has modification time of '2026-10-05T11:44:05.385Z'
  ERROR: Build asset version error: assets/scripts/weapons/weapondata.cs in SourceAssetDB has modification time of '2026-10-05T11:43:46.6317961Z' while content on disk has modification time of '2026-10-05T11:44:05.385Z'
Number of updated asset objects reloaded before import = 0Number of asset objects unloaded after import = 0

========================================================================
Received Import Request.
  Time since last request: 0.000028 seconds.
  path: Assets/Scripts/Weapons/WeaponData.cs
  artifactKey: Guid(2d9720b74ca933e4da48927938fdb464) Importer(815301076,1909f56bfc062723c751e8b465ee728b)
Start importing Assets/Scripts/Weapons/WeaponData.cs using Guid(2d9720b74ca933e4da48927938fdb464) Importer(815301076,1909f56bfc062723c751e8b465ee728b) (PreviewImporter) -> (artifact id: '00000000000000000000000000000000') in 0.0008223 seconds
Import Error Code:(4)
Message: Build asset version error: assets/scripts/weapons/weapondata.cs in SourceAssetDB has modification time of '2026-10-05T11:43:46.6317961Z' while content on disk has modification time of '2026-10-05T11:44:05.385Z'
  ERROR: Build asset version error: assets/scripts/weapons/weapondata.cs in SourceAssetDB has modification time of '2026-10-05T11:43:46.6317961Z' while content on disk has modification time of '2026-10-05T11:44:05.385Z'
Number of updated asset objects reloaded before import = 0Number of asset objects unloaded after import = 0

========================================================================
Received Import Request.
  Time since last request: 0.000035 seconds.
  path: Assets/Scripts/Weapons/WeaponData.cs
  artifactKey: Guid(2d9720b74ca933e4da48927938fdb464) Importer(815301076,1909f56bfc062723c751e8b465ee728b)
Start importing Assets/Scripts/Weapons/WeaponData.cs using Guid(2d9720b74ca933e4da48927938fdb464) Importer(815301076,1909f56bfc062723c751e8b465ee728b) (PreviewImporter) -> (artifact id: '00000000000000000000000000000000') in 0.0007666 seconds
Import Error Code:(4)
Message: Build asset version error: assets/scripts/weapons/weapondata.cs in SourceAssetDB has modification time of '2026-10-05T11:43:46.6317961Z' while content on disk has modification time of '2026-10-05T11:44:05.385Z'
  ERROR: Build asset version error: assets/scripts/weapons/weapondata.cs in SourceAssetDB has modification time of '2026-10-05T11:43:46.6317961Z' while content on disk has modification time of '2026-10-05T11:44:05.385Z'
Number of updated asset objects reloaded before import = 0Number of asset objects unloaded after import = 0

========================================================================
Received Import Request.
  Time since last request: 0.000022 seconds.
  path: Assets/Scripts/Weapons/WeaponData.cs
  artifactKey: Guid(2d9720b74ca933e4da48927938fdb464) Importer(815301076,1909f56bfc062723c751e8b465ee728b)
Start importing Assets/Scripts/Weapons/WeaponData.cs using Guid(2d9720b74ca933e4da48927938fdb464) Importer(815301076,1909f56bfc062723c751e8b465ee728b) (PreviewImporter) -> (artifact id: '00000000000000000000000000000000') in 0.0008188 seconds
Import Error Code:(4)
Message: Build asset version error: assets/scripts/weapons/weapondata.cs in SourceAssetDB has modification time of '2026-10-05T11:43:46.6317961Z' while content on disk has modification time of '2026-10-05T11:44:05.385Z'
  ERROR: Build asset version error: assets/scripts/weapons/weapondata.cs in SourceAssetDB has modification time of '2026-10-05T11:43:46.6317961Z' while content on disk has modification time of '2026-10-05T11:44:05.385Z'
Number of updated asset objects reloaded before import = 0Number of asset objects unloaded after import = 0

========================================================================
Received Import Request.
  Time since last request: 0.000068 seconds.
  path: Assets/Scripts/Weapons/WeaponData.cs
  artifactKey: Guid(2d9720b74ca933e4da48927938fdb464) Importer(815301076,1909f56bfc062723c751e8b465ee728b)
Start importing Assets/Scripts/Weapons/WeaponData.cs using Guid(2d9720b74ca933e4da48927938fdb464) Importer(815301076,1909f56bfc062723c751e8b465ee728b) (PreviewImporter) -> (artifact id: '00000000000000000000000000000000') in 0.0010424 seconds
Import Error Code:(4)
Message: Build asset version error: assets/scripts/weapons/weapondata.cs in SourceAssetDB has modification time of '2026-10-05T11:43:46.6317961Z' while content on disk has modification time of '2026-10-05T11:44:05.385Z'
  ERROR: Build asset version error: assets/scripts/weapons/weapondata.cs in SourceAssetDB has modification time of '2026-10-05T11:43:46.6317961Z' while content on disk has modification time of '2026-10-05T11:44:05.385Z'
Number of updated asset objects reloaded before import = 0Number of asset objects unloaded after import = 0

========================================================================
Received Import Request.
  Time since last request: 0.000021 seconds.
  path: Assets/Scripts/Weapons/WeaponData.cs
  artifactKey: Guid(2d9720b74ca933e4da48927938fdb464) Importer(815301076,1909f56bfc062723c751e8b465ee728b)
Start importing Assets/Scripts/Weapons/WeaponData.cs using Guid(2d9720b74ca933e4da48927938fdb464) Importer(815301076,1909f56bfc062723c751e8b465ee728b) (PreviewImporter) -> (artifact id: '00000000000000000000000000000000') in 0.0015754 seconds
Import Error Code:(4)
Message: Build asset version error: assets/scripts/weapons/weapondata.cs in SourceAssetDB has modification time of '2026-10-05T11:43:46.6317961Z' while content on disk has modification time of '2026-10-05T11:44:05.385Z'
  ERROR: Build asset version error: assets/scripts/weapons/weapondata.cs in SourceAssetDB has modification time of '2026-10-05T11:43:46.6317961Z' while content on disk has modification time of '2026-10-05T11:44:05.385Z'
Number of updated asset objects reloaded before import = 0Number of asset objects unloaded after import = 0

========================================================================
Received Import Request.
  Time since last request: 0.000027 seconds.
  path: Assets/Scripts/Weapons/WeaponData.cs
  artifactKey: Guid(2d9720b74ca933e4da48927938fdb464) Importer(815301076,1909f56bfc062723c751e8b465ee728b)
Start importing Assets/Scripts/Weapons/WeaponData.cs using Guid(2d9720b74ca933e4da48927938fdb464) Importer(815301076,1909f56bfc062723c751e8b465ee728b) (PreviewImporter) -> (artifact id: '00000000000000000000000000000000') in 0.0007314 seconds
Import Error Code:(4)
Message: Build asset version error: assets/scripts/weapons/weapondata.cs in SourceAssetDB has modification time of '2026-10-05T11:43:46.6317961Z' while content on disk has modification time of '2026-10-05T11:44:05.385Z'
  ERROR: Build asset version error: assets/scripts/weapons/weapondata.cs in SourceAssetDB has modification time of '2026-10-05T11:43:46.6317961Z' while content on disk has modification time of '2026-10-05T11:44:05.385Z'
Number of updated asset objects reloaded before import = 0Number of asset objects unloaded after import = 0

========================================================================
Received Import Request.
  Time since last request: 0.000034 seconds.
  path: Assets/Scripts/Weapons/WeaponData.cs
  artifactKey: Guid(2d9720b74ca933e4da48927938fdb464) Importer(815301076,1909f56bfc062723c751e8b465ee728b)
Start importing Assets/Scripts/Weapons/WeaponData.cs using Guid(2d9720b74ca933e4da48927938fdb464) Importer(815301076,1909f56bfc062723c751e8b465ee728b) (PreviewImporter) -> (artifact id: '00000000000000000000000000000000') in 0.0007093 seconds
Import Error Code:(4)
Message: Build asset version error: assets/scripts/weapons/weapondata.cs in SourceAssetDB has modification time of '2026-10-05T11:43:46.6317961Z' while content on disk has modification time of '2026-10-05T11:44:05.385Z'
  ERROR: Build asset version error: assets/scripts/weapons/weapondata.cs in SourceAssetDB has modification time of '2026-10-05T11:43:46.6317961Z' while content on disk has modification time of '2026-10-05T11:44:05.385Z'
Number of updated asset objects reloaded before import = 0Number of asset objects unloaded after import = 0

========================================================================
Received Import Request.
  Time since last request: 0.000042 seconds.
  path: Assets/Scripts/Weapons/WeaponData.cs
  artifactKey: Guid(2d9720b74ca933e4da48927938fdb464) Importer(815301076,1909f56bfc062723c751e8b465ee728b)
Start importing Assets/Scripts/Weapons/WeaponData.cs using Guid(2d9720b74ca933e4da48927938fdb464) Importer(815301076,1909f56bfc062723c751e8b465ee728b) (PreviewImporter) -> (artifact id: '00000000000000000000000000000000') in 0.0007469 seconds
Import Error Code:(4)
Message: Build asset version error: assets/scripts/weapons/weapondata.cs in SourceAssetDB has modification time of '2026-10-05T11:43:46.6317961Z' while content on disk has modification time of '2026-10-05T11:44:05.385Z'
  ERROR: Build asset version error: assets/scripts/weapons/weapondata.cs in SourceAssetDB has modification time of '2026-10-05T11:43:46.6317961Z' while content on disk has modification time of '2026-10-05T11:44:05.385Z'
Number of updated asset objects reloaded before import = 0Number of asset objects unloaded after import = 0

========================================================================
Received Import Request.
  Time since last request: 0.000023 seconds.
  path: Assets/Scripts/Weapons/WeaponData.cs
  artifactKey: Guid(2d9720b74ca933e4da48927938fdb464) Importer(815301076,1909f56bfc062723c751e8b465ee728b)
Start importing Assets/Scripts/Weapons/WeaponData.cs using Guid(2d9720b74ca933e4da48927938fdb464) Importer(815301076,1909f56bfc062723c751e8b465ee728b) (PreviewImporter) -> (artifact id: '00000000000000000000000000000000') in 0.0006327 seconds
Import Error Code:(4)
Message: Build asset version error: assets/scripts/weapons/weapondata.cs in SourceAssetDB has modification time of '2026-10-05T11:43:46.6317961Z' while content on disk has modification time of '2026-10-05T11:44:05.385Z'
  ERROR: Build asset version error: assets/scripts/weapons/weapondata.cs in SourceAssetDB has modification time of '2026-10-05T11:43:46.6317961Z' while content on disk has modification time of '2026-10-05T11:44:05.385Z'
Number of updated asset objects reloaded before import = 0Number of asset objects unloaded after import = 0

========================================================================
Received Import Request.
  Time since last request: 0.000019 seconds.
  path: Assets/Scripts/Weapons/WeaponData.cs
  artifactKey: Guid(2d9720b74ca933e4da48927938fdb464) Importer(815301076,1909f56bfc062723c751e8b465ee728b)
Start importing Assets/Scripts/Weapons/WeaponData.cs using Guid(2d9720b74ca933e4da48927938fdb464) Importer(815301076,1909f56bfc062723c751e8b465ee728b) (PreviewImporter) -> (artifact id: '00000000000000000000000000000000') in 0.0006129 seconds
Import Error Code:(4)
Message: Build asset version error: assets/scripts/weapons/weapondata.cs in SourceAssetDB has modification time of '2026-10-05T11:43:46.6317961Z' while content on disk has modification time of '2026-10-05T11:44:05.385Z'
  ERROR: Build asset version error: assets/scripts/weapons/weapondata.cs in SourceAssetDB has modification time of '2026-10-05T11:43:46.6317961Z' while content on disk has modification time of '2026-10-05T11:44:05.385Z'
Number of updated asset objects reloaded before import = 0Number of asset objects unloaded after import = 0

========================================================================
Received Import Request.
  Time since last request: 0.000025 seconds.
  path: Assets/Scripts/Weapons/WeaponData.cs
  artifactKey: Guid(2d9720b74ca933e4da48927938fdb464) Importer(815301076,1909f56bfc062723c751e8b465ee728b)
Start importing Assets/Scripts/Weapons/WeaponData.cs using Guid(2d9720b74ca933e4da48927938fdb464) Importer(815301076,1909f56bfc062723c751e8b465ee728b) (PreviewImporter) -> (artifact id: '00000000000000000000000000000000') in 0.0007284 seconds
Import Error Code:(4)
Message: Build asset version error: assets/scripts/weapons/weapondata.cs in SourceAssetDB has modification time of '2026-10-05T11:43:46.6317961Z' while content on disk has modification time of '2026-10-05T11:44:05.385Z'
  ERROR: Build asset version error: assets/scripts/weapons/weapondata.cs in SourceAssetDB has modification time of '2026-10-05T11:43:46.6317961Z' while content on disk has modification time of '2026-10-05T11:44:05.385Z'
Number of updated asset objects reloaded before import = 0Number of asset objects unloaded after import = 0

========================================================================
Received Import Request.
  Time since last request: 0.000027 seconds.
  path: Assets/Scripts/Weapons/WeaponData.cs
  artifactKey: Guid(2d9720b74ca933e4da48927938fdb464) Importer(815301076,1909f56bfc062723c751e8b465ee728b)
Start importing Assets/Scripts/Weapons/WeaponData.cs using Guid(2d9720b74ca933e4da48927938fdb464) Importer(815301076,1909f56bfc062723c751e8b465ee728b) (PreviewImporter) -> (artifact id: '00000000000000000000000000000000') in 0.0005561 seconds
Import Error Code:(4)
Message: Build asset version error: assets/scripts/weapons/weapondata.cs in SourceAssetDB has modification time of '2026-10-05T11:43:46.6317961Z' while content on disk has modification time of '2026-10-05T11:44:05.385Z'
  ERROR: Build asset version error: assets/scripts/weapons/weapondata.cs in SourceAssetDB has modification time of '2026-10-05T11:43:46.6317961Z' while content on disk has modification time of '2026-10-05T11:44:05.385Z'
Number of updated asset objects reloaded before import = 0Number of asset objects unloaded after import = 0

========================================================================
Received Import Request.
  Time since last request: 0.000032 seconds.
  path: Assets/Scripts/Weapons/WeaponData.cs
  artifactKey: Guid(2d9720b74ca933e4da48927938fdb464) Importer(815301076,1909f56bfc062723c751e8b465ee728b)
Start importing Assets/Scripts/Weapons/WeaponData.cs using Guid(2d9720b74ca933e4da48927938fdb464) Importer(815301076,1909f56bfc062723c751e8b465ee728b) (PreviewImporter) -> (artifact id: '00000000000000000000000000000000') in 0.0014906 seconds
Import Error Code:(4)
Message: Build asset version error: assets/scripts/weapons/weapondata.cs in SourceAssetDB has modification time of '2026-10-05T11:43:46.6317961Z' while content on disk has modification time of '2026-10-05T11:44:05.385Z'
  ERROR: Build asset version error: assets/scripts/weapons/weapondata.cs in SourceAssetDB has modification time of '2026-10-05T11:43:46.6317961Z' while content on disk has modification time of '2026-10-05T11:44:05.385Z'
Number of updated asset objects reloaded before import = 0Number of asset objects unloaded after import = 0

========================================================================
Received Import Request.
  Time since last request: 0.000023 seconds.
  path: Assets/Scripts/Weapons/WeaponData.cs
  artifactKey: Guid(2d9720b74ca933e4da48927938fdb464) Importer(815301076,1909f56bfc062723c751e8b465ee728b)
Start importing Assets/Scripts/Weapons/WeaponData.cs using Guid(2d9720b74ca933e4da48927938fdb464) Importer(815301076,1909f56bfc062723c751e8b465ee728b) (PreviewImporter) -> (artifact id: '00000000000000000000000000000000') in 0.0008918 seconds
Import Error Code:(4)
Message: Build asset version error: assets/scripts/weapons/weapondata.cs in SourceAssetDB has modification time of '2026-10-05T11:43:46.6317961Z' while content on disk has modification time of '2026-10-05T11:44:05.385Z'
  ERROR: Build asset version error: assets/scripts/weapons/weapondata.cs in SourceAssetDB has modification time of '2026-10-05T11:43:46.6317961Z' while content on disk has modification time of '2026-10-05T11:44:05.385Z'
Number of updated asset objects reloaded before import = 0Number of asset objects unloaded after import = 0

========================================================================
Received Import Request.
  Time since last request: 0.000019 seconds.
  path: Assets/Scripts/Weapons/WeaponData.cs
  artifactKey: Guid(2d9720b74ca933e4da48927938fdb464) Importer(815301076,1909f56bfc062723c751e8b465ee728b)
Start importing Assets/Scripts/Weapons/WeaponData.cs using Guid(2d9720b74ca933e4da48927938fdb464) Importer(815301076,1909f56bfc062723c751e8b465ee728b) (PreviewImporter) -> (artifact id: '00000000000000000000000000000000') in 0.0006511 seconds
Import Error Code:(4)
Message: Build asset version error: assets/scripts/weapons/weapondata.cs in SourceAssetDB has modification time of '2026-10-05T11:43:46.6317961Z' while content on disk has modification time of '2026-10-05T11:44:05.385Z'
  ERROR: Build asset version error: assets/scripts/weapons/weapondata.cs in SourceAssetDB has modification time of '2026-10-05T11:43:46.6317961Z' while content on disk has modification time of '2026-10-05T11:44:05.385Z'
Number of updated asset objects reloaded before import = 0Number of asset objects unloaded after import = 0

========================================================================
Received Import Request.
  Time since last request: 0.000024 seconds.
  path: Assets/Scripts/Weapons/WeaponData.cs
  artifactKey: Guid(2d9720b74ca933e4da48927938fdb464) Importer(815301076,1909f56bfc062723c751e8b465ee728b)
Start importing Assets/Scripts/Weapons/WeaponData.cs using Guid(2d9720b74ca933e4da48927938fdb464) Importer(815301076,1909f56bfc062723c751e8b465ee728b) (PreviewImporter) -> (artifact id: '00000000000000000000000000000000') in 0.000629 seconds
Import Error Code:(4)
Message: Build asset version error: assets/scripts/weapons/weapondata.cs in SourceAssetDB has modification time of '2026-10-05T11:43:46.6317961Z' while content on disk has modification time of '2026-10-05T11:44:05.385Z'
  ERROR: Build asset version error: assets/scripts/weapons/weapondata.cs in SourceAssetDB has modification time of '2026-10-05T11:43:46.6317961Z' while content on disk has modification time of '2026-10-05T11:44:05.385Z'
Number of updated asset objects reloaded before import = 0Number of asset objects unloaded after import = 0

========================================================================
Received Import Request.
  Time since last request: 0.000029 seconds.
  path: Assets/Scripts/Weapons/WeaponData.cs
  artifactKey: Guid(2d9720b74ca933e4da48927938fdb464) Importer(815301076,1909f56bfc062723c751e8b465ee728b)
Start importing Assets/Scripts/Weapons/WeaponData.cs using Guid(2d9720b74ca933e4da48927938fdb464) Importer(815301076,1909f56bfc062723c751e8b465ee728b) (PreviewImporter) -> (artifact id: '00000000000000000000000000000000') in 0.0010497 seconds
Import Error Code:(4)
Message: Build asset version error: assets/scripts/weapons/weapondata.cs in SourceAssetDB has modification time of '2026-10-05T11:43:46.6317961Z' while content on disk has modification time of '2026-10-05T11:44:05.385Z'
  ERROR: Build asset version error: assets/scripts/weapons/weapondata.cs in SourceAssetDB has modification time of '2026-10-05T11:43:46.6317961Z' while content on disk has modification time of '2026-10-05T11:44:05.385Z'
Number of updated asset objects reloaded before import = 0Number of asset objects unloaded after import = 0

========================================================================
Received Import Request.
  Time since last request: 0.000066 seconds.
  path: Assets/Scripts/Weapons/WeaponData.cs
  artifactKey: Guid(2d9720b74ca933e4da48927938fdb464) Importer(815301076,1909f56bfc062723c751e8b465ee728b)
Start importing Assets/Scripts/Weapons/WeaponData.cs using Guid(2d9720b74ca933e4da48927938fdb464) Importer(815301076,1909f56bfc062723c751e8b465ee728b) (PreviewImporter) -> (artifact id: '00000000000000000000000000000000') in 0.0007561 seconds
Import Error Code:(4)
Message: Build asset version error: assets/scripts/weapons/weapondata.cs in SourceAssetDB has modification time of '2026-10-05T11:43:46.6317961Z' while content on disk has modification time of '2026-10-05T11:44:05.385Z'
  ERROR: Build asset version error: assets/scripts/weapons/weapondata.cs in SourceAssetDB has modification time of '2026-10-05T11:43:46.6317961Z' while content on disk has modification time of '2026-10-05T11:44:05.385Z'
Number of updated asset objects reloaded before import = 0Number of asset objects unloaded after import = 0

========================================================================
Received Import Request.
  Time since last request: 0.000025 seconds.
  path: Assets/Scripts/Weapons/WeaponData.cs
  artifactKey: Guid(2d9720b74ca933e4da48927938fdb464) Importer(815301076,1909f56bfc062723c751e8b465ee728b)
Start importing Assets/Scripts/Weapons/WeaponData.cs using Guid(2d9720b74ca933e4da48927938fdb464) Importer(815301076,1909f56bfc062723c751e8b465ee728b) (PreviewImporter) -> (artifact id: '00000000000000000000000000000000') in 0.0007651 seconds
Import Error Code:(4)
Message: Build asset version error: assets/scripts/weapons/weapondata.cs in SourceAssetDB has modification time of '2026-10-05T11:43:46.6317961Z' while content on disk has modification time of '2026-10-05T11:44:05.385Z'
  ERROR: Build asset version error: assets/scripts/weapons/weapondata.cs in SourceAssetDB has modification time of '2026-10-05T11:43:46.6317961Z' while content on disk has modification time of '2026-10-05T11:44:05.385Z'
Number of updated asset objects reloaded before import = 0Number of asset objects unloaded after import = 0

========================================================================
Received Import Request.
  Time since last request: 0.000018 seconds.
  path: Assets/Scripts/Weapons/WeaponData.cs
  artifactKey: Guid(2d9720b74ca933e4da48927938fdb464) Importer(815301076,1909f56bfc062723c751e8b465ee728b)
Start importing Assets/Scripts/Weapons/WeaponData.cs using Guid(2d9720b74ca933e4da48927938fdb464) Importer(815301076,1909f56bfc062723c751e8b465ee728b) (PreviewImporter) -> (artifact id: '00000000000000000000000000000000') in 0.0007886 seconds
Import Error Code:(4)
Message: Build asset version error: assets/scripts/weapons/weapondata.cs in SourceAssetDB has modification time of '2026-10-05T11:43:46.6317961Z' while content on disk has modification time of '2026-10-05T11:44:05.385Z'
  ERROR: Build asset version error: assets/scripts/weapons/weapondata.cs in SourceAssetDB has modification time of '2026-10-05T11:43:46.6317961Z' while content on disk has modification time of '2026-10-05T11:44:05.385Z'
Number of updated asset objects reloaded before import = 0Number of asset objects unloaded after import = 0

========================================================================
Received Import Request.
  Time since last request: 0.000018 seconds.
  path: Assets/Scripts/Weapons/WeaponData.cs
  artifactKey: Guid(2d9720b74ca933e4da48927938fdb464) Importer(815301076,1909f56bfc062723c751e8b465ee728b)
Start importing Assets/Scripts/Weapons/WeaponData.cs using Guid(2d9720b74ca933e4da48927938fdb464) Importer(815301076,1909f56bfc062723c751e8b465ee728b) (PreviewImporter) -> (artifact id: '00000000000000000000000000000000') in 0.0013323 seconds
Import Error Code:(4)
Message: Build asset version error: assets/scripts/weapons/weapondata.cs in SourceAssetDB has modification time of '2026-10-05T11:43:46.6317961Z' while content on disk has modification time of '2026-10-05T11:44:05.385Z'
  ERROR: Build asset version error: assets/scripts/weapons/weapondata.cs in SourceAssetDB has modification time of '2026-10-05T11:43:46.6317961Z' while content on disk has modification time of '2026-10-05T11:44:05.385Z'
Number of updated asset objects reloaded before import = 0Number of asset objects unloaded after import = 0

========================================================================
Received Import Request.
  Time since last request: 0.000026 seconds.
  path: Assets/Scripts/Weapons/WeaponData.cs
  artifactKey: Guid(2d9720b74ca933e4da48927938fdb464) Importer(815301076,1909f56bfc062723c751e8b465ee728b)
Start importing Assets/Scripts/Weapons/WeaponData.cs using Guid(2d9720b74ca933e4da48927938fdb464) Importer(815301076,1909f56bfc062723c751e8b465ee728b) (PreviewImporter) -> (artifact id: '00000000000000000000000000000000') in 0.0008543 seconds
Import Error Code:(4)
Message: Build asset version error: assets/scripts/weapons/weapondata.cs in SourceAssetDB has modification time of '2026-10-05T11:43:46.6317961Z' while content on disk has modification time of '2026-10-05T11:44:05.385Z'
  ERROR: Build asset version error: assets/scripts/weapons/weapondata.cs in SourceAssetDB has modification time of '2026-10-05T11:43:46.6317961Z' while content on disk has modification time of '2026-10-05T11:44:05.385Z'
Number of updated asset objects reloaded before import = 0Number of asset objects unloaded after import = 0

========================================================================
Received Import Request.
  Time since last request: 0.000034 seconds.
  path: Assets/Scripts/Weapons/WeaponData.cs
  artifactKey: Guid(2d9720b74ca933e4da48927938fdb464) Importer(815301076,1909f56bfc062723c751e8b465ee728b)
Start importing Assets/Scripts/Weapons/WeaponData.cs using Guid(2d9720b74ca933e4da48927938fdb464) Importer(815301076,1909f56bfc062723c751e8b465ee728b) (PreviewImporter) -> (artifact id: '00000000000000000000000000000000') in 0.0007094 seconds
Import Error Code:(4)
Message: Build asset version error: assets/scripts/weapons/weapondata.cs in SourceAssetDB has modification time of '2026-10-05T11:43:46.6317961Z' while content on disk has modification time of '2026-10-05T11:44:05.385Z'
  ERROR: Build asset version error: assets/scripts/weapons/weapondata.cs in SourceAssetDB has modification time of '2026-10-05T11:43:46.6317961Z' while content on disk has modification time of '2026-10-05T11:44:05.385Z'
Number of updated asset objects reloaded before import = 0Number of asset objects unloaded after import = 0

========================================================================
Received Import Request.
  Time since last request: 0.000027 seconds.
  path: Assets/Scripts/Weapons/WeaponData.cs
  artifactKey: Guid(2d9720b74ca933e4da48927938fdb464) Importer(815301076,1909f56bfc062723c751e8b465ee728b)
Start importing Assets/Scripts/Weapons/WeaponData.cs using Guid(2d9720b74ca933e4da48927938fdb464) Importer(815301076,1909f56bfc062723c751e8b465ee728b) (PreviewImporter) -> (artifact id: '00000000000000000000000000000000') in 0.0007973 seconds
Import Error Code:(4)
Message: Build asset version error: assets/scripts/weapons/weapondata.cs in SourceAssetDB has modification time of '2026-10-05T11:43:46.6317961Z' while content on disk has modification time of '2026-10-05T11:44:05.385Z'
  ERROR: Build asset version error: assets/scripts/weapons/weapondata.cs in SourceAssetDB has modification time of '2026-10-05T11:43:46.6317961Z' while content on disk has modification time of '2026-10-05T11:44:05.385Z'
Number of updated asset objects reloaded before import = 0Number of asset objects unloaded after import = 0

========================================================================
Received Import Request.
  Time since last request: 0.000022 seconds.
  path: Assets/Scripts/Weapons/WeaponData.cs
  artifactKey: Guid(2d9720b74ca933e4da48927938fdb464) Importer(815301076,1909f56bfc062723c751e8b465ee728b)
Start importing Assets/Scripts/Weapons/WeaponData.cs using Guid(2d9720b74ca933e4da48927938fdb464) Importer(815301076,1909f56bfc062723c751e8b465ee728b) (PreviewImporter) -> (artifact id: '00000000000000000000000000000000') in 0.0006989 seconds
Import Error Code:(4)
Message: Build asset version error: assets/scripts/weapons/weapondata.cs in SourceAssetDB has modification time of '2026-10-05T11:43:46.6317961Z' while content on disk has modification time of '2026-10-05T11:44:05.385Z'
  ERROR: Build asset version error: assets/scripts/weapons/weapondata.cs in SourceAssetDB has modification time of '2026-10-05T11:43:46.6317961Z' while content on disk has modification time of '2026-10-05T11:44:05.385Z'
Number of updated asset objects reloaded before import = 0Number of asset objects unloaded after import = 0

========================================================================
Received Import Request.
  Time since last request: 0.000031 seconds.
  path: Assets/Scripts/Weapons/WeaponData.cs
  artifactKey: Guid(2d9720b74ca933e4da48927938fdb464) Importer(815301076,1909f56bfc062723c751e8b465ee728b)
Start importing Assets/Scripts/Weapons/WeaponData.cs using Guid(2d9720b74ca933e4da48927938fdb464) Importer(815301076,1909f56bfc062723c751e8b465ee728b) (PreviewImporter) -> (artifact id: '00000000000000000000000000000000') in 0.001549 seconds
Import Error Code:(4)
Message: Build asset version error: assets/scripts/weapons/weapondata.cs in SourceAssetDB has modification time of '2026-10-05T11:43:46.6317961Z' while content on disk has modification time of '2026-10-05T11:44:05.385Z'
  ERROR: Build asset version error: assets/scripts/weapons/weapondata.cs in SourceAssetDB has modification time of '2026-10-05T11:43:46.6317961Z' while content on disk has modification time of '2026-10-05T11:44:05.385Z'
Number of updated asset objects reloaded before import = 0Number of asset objects unloaded after import = 0

========================================================================
Received Import Request.
  Time since last request: 0.000024 seconds.
  path: Assets/Scripts/Weapons/WeaponData.cs
  artifactKey: Guid(2d9720b74ca933e4da48927938fdb464) Importer(815301076,1909f56bfc062723c751e8b465ee728b)
Start importing Assets/Scripts/Weapons/WeaponData.cs using Guid(2d9720b74ca933e4da48927938fdb464) Importer(815301076,1909f56bfc062723c751e8b465ee728b) (PreviewImporter) -> (artifact id: '00000000000000000000000000000000') in 0.0016456 seconds
Import Error Code:(4)
Message: Build asset version error: assets/scripts/weapons/weapondata.cs in SourceAssetDB has modification time of '2026-10-05T11:43:46.6317961Z' while content on disk has modification time of '2026-10-05T11:44:05.385Z'
  ERROR: Build asset version error: assets/scripts/weapons/weapondata.cs in SourceAssetDB has modification time of '2026-10-05T11:43:46.6317961Z' while content on disk has modification time of '2026-10-05T11:44:05.385Z'
Number of updated asset objects reloaded before import = 0Number of asset objects unloaded after import = 0

========================================================================
Received Import Request.
  Time since last request: 0.000026 seconds.
  path: Assets/Scripts/Weapons/WeaponData.cs
  artifactKey: Guid(2d9720b74ca933e4da48927938fdb464) Importer(815301076,1909f56bfc062723c751e8b465ee728b)
Start importing Assets/Scripts/Weapons/WeaponData.cs using Guid(2d9720b74ca933e4da48927938fdb464) Importer(815301076,1909f56bfc062723c751e8b465ee728b) (PreviewImporter) -> (artifact id: '00000000000000000000000000000000') in 0.0015542 seconds
Import Error Code:(4)
Message: Build asset version error: assets/scripts/weapons/weapondata.cs in SourceAssetDB has modification time of '2026-10-05T11:43:46.6317961Z' while content on disk has modification time of '2026-10-05T11:44:05.385Z'
  ERROR: Build asset version error: assets/scripts/weapons/weapondata.cs in SourceAssetDB has modification time of '2026-10-05T11:43:46.6317961Z' while content on disk has modification time of '2026-10-05T11:44:05.385Z'
Number of updated asset objects reloaded before import = 0Number of asset objects unloaded after import = 0

========================================================================
Received Import Request.
  Time since last request: 0.000081 seconds.
  path: Assets/Scripts/Weapons/WeaponData.cs
  artifactKey: Guid(2d9720b74ca933e4da48927938fdb464) Importer(815301076,1909f56bfc062723c751e8b465ee728b)
Start importing Assets/Scripts/Weapons/WeaponData.cs using Guid(2d9720b74ca933e4da48927938fdb464) Importer(815301076,1909f56bfc062723c751e8b465ee728b) (PreviewImporter) -> (artifact id: '00000000000000000000000000000000') in 0.001328 seconds
Import Error Code:(4)
Message: Build asset version error: assets/scripts/weapons/weapondata.cs in SourceAssetDB has modification time of '2026-10-05T11:43:46.6317961Z' while content on disk has modification time of '2026-10-05T11:44:05.385Z'
  ERROR: Build asset version error: assets/scripts/weapons/weapondata.cs in SourceAssetDB has modification time of '2026-10-05T11:43:46.6317961Z' while content on disk has modification time of '2026-10-05T11:44:05.385Z'
Number of updated asset objects reloaded before import = 0Number of asset objects unloaded after import = 0

========================================================================
Received Import Request.
  Time since last request: 0.000018 seconds.
  path: Assets/Scripts/Weapons/WeaponData.cs
  artifactKey: Guid(2d9720b74ca933e4da48927938fdb464) Importer(815301076,1909f56bfc062723c751e8b465ee728b)
Start importing Assets/Scripts/Weapons/WeaponData.cs using Guid(2d9720b74ca933e4da48927938fdb464) Importer(815301076,1909f56bfc062723c751e8b465ee728b) (PreviewImporter) -> (artifact id: '00000000000000000000000000000000') in 0.0006787 seconds
Import Error Code:(4)
Message: Build asset version error: assets/scripts/weapons/weapondata.cs in SourceAssetDB has modification time of '2026-10-05T11:43:46.6317961Z' while content on disk has modification time of '2026-10-05T11:44:05.385Z'
  ERROR: Build asset version error: assets/scripts/weapons/weapondata.cs in SourceAssetDB has modification time of '2026-10-05T11:43:46.6317961Z' while content on disk has modification time of '2026-10-05T11:44:05.385Z'
Number of updated asset objects reloaded before import = 0Number of asset objects unloaded after import = 0

========================================================================
Received Import Request.
  Time since last request: 0.000021 seconds.
  path: Assets/Scripts/Weapons/WeaponData.cs
  artifactKey: Guid(2d9720b74ca933e4da48927938fdb464) Importer(815301076,1909f56bfc062723c751e8b465ee728b)
Start importing Assets/Scripts/Weapons/WeaponData.cs using Guid(2d9720b74ca933e4da48927938fdb464) Importer(815301076,1909f56bfc062723c751e8b465ee728b) (PreviewImporter) -> (artifact id: '00000000000000000000000000000000') in 0.0005605 seconds
Import Error Code:(4)
Message: Build asset version error: assets/scripts/weapons/weapondata.cs in SourceAssetDB has modification time of '2026-10-05T11:43:46.6317961Z' while content on disk has modification time of '2026-10-05T11:44:05.385Z'
  ERROR: Build asset version error: assets/scripts/weapons/weapondata.cs in SourceAssetDB has modification time of '2026-10-05T11:43:46.6317961Z' while content on disk has modification time of '2026-10-05T11:44:05.385Z'
Number of updated asset objects reloaded before import = 0Number of asset objects unloaded after import = 0

========================================================================
Received Import Request.
  Time since last request: 0.000023 seconds.
  path: Assets/Scripts/Weapons/WeaponData.cs
  artifactKey: Guid(2d9720b74ca933e4da48927938fdb464) Importer(815301076,1909f56bfc062723c751e8b465ee728b)
Start importing Assets/Scripts/Weapons/WeaponData.cs using Guid(2d9720b74ca933e4da48927938fdb464) Importer(815301076,1909f56bfc062723c751e8b465ee728b) (PreviewImporter) -> (artifact id: '00000000000000000000000000000000') in 0.0006947 seconds
Import Error Code:(4)
Message: Build asset version error: assets/scripts/weapons/weapondata.cs in SourceAssetDB has modification time of '2026-10-05T11:43:46.6317961Z' while content on disk has modification time of '2026-10-05T11:44:05.385Z'
  ERROR: Build asset version error: assets/scripts/weapons/weapondata.cs in SourceAssetDB has modification time of '2026-10-05T11:43:46.6317961Z' while content on disk has modification time of '2026-10-05T11:44:05.385Z'
Number of updated asset objects reloaded before import = 0Number of asset objects unloaded after import = 0

========================================================================
Received Import Request.
  Time since last request: 0.000024 seconds.
  path: Assets/Scripts/Weapons/WeaponData.cs
  artifactKey: Guid(2d9720b74ca933e4da48927938fdb464) Importer(815301076,1909f56bfc062723c751e8b465ee728b)
Start importing Assets/Scripts/Weapons/WeaponData.cs using Guid(2d9720b74ca933e4da48927938fdb464) Importer(815301076,1909f56bfc062723c751e8b465ee728b) (PreviewImporter) -> (artifact id: '00000000000000000000000000000000') in 0.0007293 seconds
Import Error Code:(4)
Message: Build asset version error: assets/scripts/weapons/weapondata.cs in SourceAssetDB has modification time of '2026-10-05T11:43:46.6317961Z' while content on disk has modification time of '2026-10-05T11:44:05.385Z'
  ERROR: Build asset version error: assets/scripts/weapons/weapondata.cs in SourceAssetDB has modification time of '2026-10-05T11:43:46.6317961Z' while content on disk has modification time of '2026-10-05T11:44:05.385Z'
Number of updated asset objects reloaded before import = 0Number of asset objects unloaded after import = 0

========================================================================
Received Import Request.
  Time since last request: 0.000032 seconds.
  path: Assets/Scripts/Weapons/WeaponData.cs
  artifactKey: Guid(2d9720b74ca933e4da48927938fdb464) Importer(815301076,1909f56bfc062723c751e8b465ee728b)
Start importing Assets/Scripts/Weapons/WeaponData.cs using Guid(2d9720b74ca933e4da48927938fdb464) Importer(815301076,1909f56bfc062723c751e8b465ee728b) (PreviewImporter) -> (artifact id: '00000000000000000000000000000000') in 0.0006603 seconds
Import Error Code:(4)
Message: Build asset version error: assets/scripts/weapons/weapondata.cs in SourceAssetDB has modification time of '2026-10-05T11:43:46.6317961Z' while content on disk has modification time of '2026-10-05T11:44:05.385Z'
  ERROR: Build asset version error: assets/scripts/weapons/weapondata.cs in SourceAssetDB has modification time of '2026-10-05T11:43:46.6317961Z' while content on disk has modification time of '2026-10-05T11:44:05.385Z'
Number of updated asset objects reloaded before import = 0Number of asset objects unloaded after import = 0

========================================================================
Received Import Request.
  Time since last request: 0.000022 seconds.
  path: Assets/Scripts/Weapons/WeaponData.cs
  artifactKey: Guid(2d9720b74ca933e4da48927938fdb464) Importer(815301076,1909f56bfc062723c751e8b465ee728b)
Start importing Assets/Scripts/Weapons/WeaponData.cs using Guid(2d9720b74ca933e4da48927938fdb464) Importer(815301076,1909f56bfc062723c751e8b465ee728b) (PreviewImporter) -> (artifact id: '00000000000000000000000000000000') in 0.0006874 seconds
Import Error Code:(4)
Message: Build asset version error: assets/scripts/weapons/weapondata.cs in SourceAssetDB has modification time of '2026-10-05T11:43:46.6317961Z' while content on disk has modification time of '2026-10-05T11:44:05.385Z'
  ERROR: Build asset version error: assets/scripts/weapons/weapondata.cs in SourceAssetDB has modification time of '2026-10-05T11:43:46.6317961Z' while content on disk has modification time of '2026-10-05T11:44:05.385Z'
Number of updated asset objects reloaded before import = 0Number of asset objects unloaded after import = 0

========================================================================
Received Import Request.
  Time since last request: 0.000021 seconds.
  path: Assets/Scripts/Weapons/WeaponData.cs
  artifactKey: Guid(2d9720b74ca933e4da48927938fdb464) Importer(815301076,1909f56bfc062723c751e8b465ee728b)
Start importing Assets/Scripts/Weapons/WeaponData.cs using Guid(2d9720b74ca933e4da48927938fdb464) Importer(815301076,1909f56bfc062723c751e8b465ee728b) (PreviewImporter) -> (artifact id: '00000000000000000000000000000000') in 0.000744 seconds
Import Error Code:(4)
Message: Build asset version error: assets/scripts/weapons/weapondata.cs in SourceAssetDB has modification time of '2026-10-05T11:43:46.6317961Z' while content on disk has modification time of '2026-10-05T11:44:05.385Z'
  ERROR: Build asset version error: assets/scripts/weapons/weapondata.cs in SourceAssetDB has modification time of '2026-10-05T11:43:46.6317961Z' while content on disk has modification time of '2026-10-05T11:44:05.385Z'
Number of updated asset objects reloaded before import = 0Number of asset objects unloaded after import = 0

========================================================================
Received Import Request.
  Time since last request: 0.000030 seconds.
  path: Assets/Scripts/Weapons/WeaponData.cs
  artifactKey: Guid(2d9720b74ca933e4da48927938fdb464) Importer(815301076,1909f56bfc062723c751e8b465ee728b)
Start importing Assets/Scripts/Weapons/WeaponData.cs using Guid(2d9720b74ca933e4da48927938fdb464) Importer(815301076,1909f56bfc062723c751e8b465ee728b) (PreviewImporter) -> (artifact id: '00000000000000000000000000000000') in 0.0007384 seconds
Import Error Code:(4)
Message: Build asset version error: assets/scripts/weapons/weapondata.cs in SourceAssetDB has modification time of '2026-10-05T11:43:46.6317961Z' while content on disk has modification time of '2026-10-05T11:44:05.385Z'
  ERROR: Build asset version error: assets/scripts/weapons/weapondata.cs in SourceAssetDB has modification time of '2026-10-05T11:43:46.6317961Z' while content on disk has modification time of '2026-10-05T11:44:05.385Z'
Number of updated asset objects reloaded before import = 0Number of asset objects unloaded after import = 0

========================================================================
Received Import Request.
  Time since last request: 0.000044 seconds.
  path: Assets/Scripts/Weapons/WeaponData.cs
  artifactKey: Guid(2d9720b74ca933e4da48927938fdb464) Importer(815301076,1909f56bfc062723c751e8b465ee728b)
Start importing Assets/Scripts/Weapons/WeaponData.cs using Guid(2d9720b74ca933e4da48927938fdb464) Importer(815301076,1909f56bfc062723c751e8b465ee728b) (PreviewImporter) -> (artifact id: '00000000000000000000000000000000') in 0.0007152 seconds
Import Error Code:(4)
Message: Build asset version error: assets/scripts/weapons/weapondata.cs in SourceAssetDB has modification time of '2026-10-05T11:43:46.6317961Z' while content on disk has modification time of '2026-10-05T11:44:05.385Z'
  ERROR: Build asset version error: assets/scripts/weapons/weapondata.cs in SourceAssetDB has modification time of '2026-10-05T11:43:46.6317961Z' while content on disk has modification time of '2026-10-05T11:44:05.385Z'
Number of updated asset objects reloaded before import = 0Number of asset objects unloaded after import = 0

========================================================================
Received Import Request.
  Time since last request: 0.000036 seconds.
  path: Assets/Scripts/Weapons/WeaponData.cs
  artifactKey: Guid(2d9720b74ca933e4da48927938fdb464) Importer(815301076,1909f56bfc062723c751e8b465ee728b)
Start importing Assets/Scripts/Weapons/WeaponData.cs using Guid(2d9720b74ca933e4da48927938fdb464) Importer(815301076,1909f56bfc062723c751e8b465ee728b) (PreviewImporter) -> (artifact id: '00000000000000000000000000000000') in 0.0007285 seconds
Import Error Code:(4)
Message: Build asset version error: assets/scripts/weapons/weapondata.cs in SourceAssetDB has modification time of '2026-10-05T11:43:46.6317961Z' while content on disk has modification time of '2026-10-05T11:44:05.385Z'
  ERROR: Build asset version error: assets/scripts/weapons/weapondata.cs in SourceAssetDB has modification time of '2026-10-05T11:43:46.6317961Z' while content on disk has modification time of '2026-10-05T11:44:05.385Z'
Number of updated asset objects reloaded before import = 0Number of asset objects unloaded after import = 0

========================================================================
Received Import Request.
  Time since last request: 0.000046 seconds.
  path: Assets/Scripts/Weapons/WeaponData.cs
  artifactKey: Guid(2d9720b74ca933e4da48927938fdb464) Importer(815301076,1909f56bfc062723c751e8b465ee728b)
Start importing Assets/Scripts/Weapons/WeaponData.cs using Guid(2d9720b74ca933e4da48927938fdb464) Importer(815301076,1909f56bfc062723c751e8b465ee728b) (PreviewImporter) -> (artifact id: '00000000000000000000000000000000') in 0.0010942 seconds
Import Error Code:(4)
Message: Build asset version error: assets/scripts/weapons/weapondata.cs in SourceAssetDB has modification time of '2026-10-05T11:43:46.6317961Z' while content on disk has modification time of '2026-10-05T11:44:05.385Z'
  ERROR: Build asset version error: assets/scripts/weapons/weapondata.cs in SourceAssetDB has modification time of '2026-10-05T11:43:46.6317961Z' while content on disk has modification time of '2026-10-05T11:44:05.385Z'
Number of updated asset objects reloaded before import = 0Number of asset objects unloaded after import = 0

========================================================================
Received Import Request.
  Time since last request: 0.000038 seconds.
  path: Assets/Scripts/Weapons/WeaponData.cs
  artifactKey: Guid(2d9720b74ca933e4da48927938fdb464) Importer(815301076,1909f56bfc062723c751e8b465ee728b)
Start importing Assets/Scripts/Weapons/WeaponData.cs using Guid(2d9720b74ca933e4da48927938fdb464) Importer(815301076,1909f56bfc062723c751e8b465ee728b) (PreviewImporter) -> (artifact id: '00000000000000000000000000000000') in 0.0006828 seconds
Import Error Code:(4)
Message: Build asset version error: assets/scripts/weapons/weapondata.cs in SourceAssetDB has modification time of '2026-10-05T11:43:46.6317961Z' while content on disk has modification time of '2026-10-05T11:44:05.385Z'
  ERROR: Build asset version error: assets/scripts/weapons/weapondata.cs in SourceAssetDB has modification time of '2026-10-05T11:43:46.6317961Z' while content on disk has modification time of '2026-10-05T11:44:05.385Z'
Number of updated asset objects reloaded before import = 0Number of asset objects unloaded after import = 0

========================================================================
Received Import Request.
  Time since last request: 0.000030 seconds.
  path: Assets/Scripts/Weapons/WeaponData.cs
  artifactKey: Guid(2d9720b74ca933e4da48927938fdb464) Importer(815301076,1909f56bfc062723c751e8b465ee728b)
Start importing Assets/Scripts/Weapons/WeaponData.cs using Guid(2d9720b74ca933e4da48927938fdb464) Importer(815301076,1909f56bfc062723c751e8b465ee728b) (PreviewImporter) -> (artifact id: '00000000000000000000000000000000') in 0.000781 seconds
Import Error Code:(4)
Message: Build asset version error: assets/scripts/weapons/weapondata.cs in SourceAssetDB has modification time of '2026-10-05T11:43:46.6317961Z' while content on disk has modification time of '2026-10-05T11:44:05.385Z'
  ERROR: Build asset version error: assets/scripts/weapons/weapondata.cs in SourceAssetDB has modification time of '2026-10-05T11:43:46.6317961Z' while content on disk has modification time of '2026-10-05T11:44:05.385Z'
Number of updated asset objects reloaded before import = 0Number of asset objects unloaded after import = 0

========================================================================
Received Import Request.
  Time since last request: 0.000032 seconds.
  path: Assets/Scripts/Weapons/WeaponData.cs
  artifactKey: Guid(2d9720b74ca933e4da48927938fdb464) Importer(815301076,1909f56bfc062723c751e8b465ee728b)
Start importing Assets/Scripts/Weapons/WeaponData.cs using Guid(2d9720b74ca933e4da48927938fdb464) Importer(815301076,1909f56bfc062723c751e8b465ee728b) (PreviewImporter) -> (artifact id: '00000000000000000000000000000000') in 0.000898 seconds
Import Error Code:(4)
Message: Build asset version error: assets/scripts/weapons/weapondata.cs in SourceAssetDB has modification time of '2026-10-05T11:43:46.6317961Z' while content on disk has modification time of '2026-10-05T11:44:05.385Z'
  ERROR: Build asset version error: assets/scripts/weapons/weapondata.cs in SourceAssetDB has modification time of '2026-10-05T11:43:46.6317961Z' while content on disk has modification time of '2026-10-05T11:44:05.385Z'
Number of updated asset objects reloaded before import = 0Number of asset objects unloaded after import = 0

========================================================================
Received Import Request.
  Time since last request: 0.000021 seconds.
  path: Assets/Scripts/Weapons/WeaponData.cs
  artifactKey: Guid(2d9720b74ca933e4da48927938fdb464) Importer(815301076,1909f56bfc062723c751e8b465ee728b)
Start importing Assets/Scripts/Weapons/WeaponData.cs using Guid(2d9720b74ca933e4da48927938fdb464) Importer(815301076,1909f56bfc062723c751e8b465ee728b) (PreviewImporter) -> (artifact id: '00000000000000000000000000000000') in 0.007162 seconds
Import Error Code:(4)
Message: Build asset version error: assets/scripts/weapons/weapondata.cs in SourceAssetDB has modification time of '2026-10-05T11:43:46.6317961Z' while content on disk has modification time of '2026-10-05T11:44:05.385Z'
  ERROR: Build asset version error: assets/scripts/weapons/weapondata.cs in SourceAssetDB has modification time of '2026-10-05T11:43:46.6317961Z' while content on disk has modification time of '2026-10-05T11:44:05.385Z'
Number of updated asset objects reloaded before import = 0Number of asset objects unloaded after import = 0

========================================================================
Received Import Request.
  Time since last request: 0.000040 seconds.
  path: Assets/Scripts/Weapons/WeaponData.cs
  artifactKey: Guid(2d9720b74ca933e4da48927938fdb464) Importer(815301076,1909f56bfc062723c751e8b465ee728b)
Start importing Assets/Scripts/Weapons/WeaponData.cs using Guid(2d9720b74ca933e4da48927938fdb464) Importer(815301076,1909f56bfc062723c751e8b465ee728b) (PreviewImporter) -> (artifact id: '00000000000000000000000000000000') in 0.0007143 seconds
Import Error Code:(4)
Message: Build asset version error: assets/scripts/weapons/weapondata.cs in SourceAssetDB has modification time of '2026-10-05T11:43:46.6317961Z' while content on disk has modification time of '2026-10-05T11:44:05.385Z'
  ERROR: Build asset version error: assets/scripts/weapons/weapondata.cs in SourceAssetDB has modification time of '2026-10-05T11:43:46.6317961Z' while content on disk has modification time of '2026-10-05T11:44:05.385Z'
Number of updated asset objects reloaded before import = 0Number of asset objects unloaded after import = 0

========================================================================
Received Import Request.
  Time since last request: 0.000028 seconds.
  path: Assets/Scripts/Weapons/WeaponData.cs
  artifactKey: Guid(2d9720b74ca933e4da48927938fdb464) Importer(815301076,1909f56bfc062723c751e8b465ee728b)
Start importing Assets/Scripts/Weapons/WeaponData.cs using Guid(2d9720b74ca933e4da48927938fdb464) Importer(815301076,1909f56bfc062723c751e8b465ee728b) (PreviewImporter) -> (artifact id: '00000000000000000000000000000000') in 0.0011023 seconds
Import Error Code:(4)
Message: Build asset version error: assets/scripts/weapons/weapondata.cs in SourceAssetDB has modification time of '2026-10-05T11:43:46.6317961Z' while content on disk has modification time of '2026-10-05T11:44:05.385Z'
  ERROR: Build asset version error: assets/scripts/weapons/weapondata.cs in SourceAssetDB has modification time of '2026-10-05T11:43:46.6317961Z' while content on disk has modification time of '2026-10-05T11:44:05.385Z'
Number of updated asset objects reloaded before import = 0Number of asset objects unloaded after import = 0

========================================================================
Received Import Request.
  Time since last request: 0.000028 seconds.
  path: Assets/Scripts/Weapons/WeaponData.cs
  artifactKey: Guid(2d9720b74ca933e4da48927938fdb464) Importer(815301076,1909f56bfc062723c751e8b465ee728b)
Start importing Assets/Scripts/Weapons/WeaponData.cs using Guid(2d9720b74ca933e4da48927938fdb464) Importer(815301076,1909f56bfc062723c751e8b465ee728b) (PreviewImporter) -> (artifact id: '00000000000000000000000000000000') in 0.0019337 seconds
Import Error Code:(4)
Message: Build asset version error: assets/scripts/weapons/weapondata.cs in SourceAssetDB has modification time of '2026-10-05T11:43:46.6317961Z' while content on disk has modification time of '2026-10-05T11:44:05.385Z'
  ERROR: Build asset version error: assets/scripts/weapons/weapondata.cs in SourceAssetDB has modification time of '2026-10-05T11:43:46.6317961Z' while content on disk has modification time of '2026-10-05T11:44:05.385Z'
Number of updated asset objects reloaded before import = 0Number of asset objects unloaded after import = 0

========================================================================
Received Import Request.
  Time since last request: 0.000037 seconds.
  path: Assets/Scripts/Weapons/WeaponData.cs
  artifactKey: Guid(2d9720b74ca933e4da48927938fdb464) Importer(815301076,1909f56bfc062723c751e8b465ee728b)
Start importing Assets/Scripts/Weapons/WeaponData.cs using Guid(2d9720b74ca933e4da48927938fdb464) Importer(815301076,1909f56bfc062723c751e8b465ee728b) (PreviewImporter) -> (artifact id: '00000000000000000000000000000000') in 0.0009017 seconds
Import Error Code:(4)
Message: Build asset version error: assets/scripts/weapons/weapondata.cs in SourceAssetDB has modification time of '2026-10-05T11:43:46.6317961Z' while content on disk has modification time of '2026-10-05T11:44:05.385Z'
  ERROR: Build asset version error: assets/scripts/weapons/weapondata.cs in SourceAssetDB has modification time of '2026-10-05T11:43:46.6317961Z' while content on disk has modification time of '2026-10-05T11:44:05.385Z'
Number of updated asset objects reloaded before import = 0Number of asset objects unloaded after import = 0

========================================================================
Received Import Request.
  Time since last request: 0.000021 seconds.
  path: Assets/Scripts/Weapons/WeaponData.cs
  artifactKey: Guid(2d9720b74ca933e4da48927938fdb464) Importer(815301076,1909f56bfc062723c751e8b465ee728b)
Start importing Assets/Scripts/Weapons/WeaponData.cs using Guid(2d9720b74ca933e4da48927938fdb464) Importer(815301076,1909f56bfc062723c751e8b465ee728b) (PreviewImporter) -> (artifact id: '00000000000000000000000000000000') in 0.0009503 seconds
Import Error Code:(4)
Message: Build asset version error: assets/scripts/weapons/weapondata.cs in SourceAssetDB has modification time of '2026-10-05T11:43:46.6317961Z' while content on disk has modification time of '2026-10-05T11:44:05.385Z'
  ERROR: Build asset version error: assets/scripts/weapons/weapondata.cs in SourceAssetDB has modification time of '2026-10-05T11:43:46.6317961Z' while content on disk has modification time of '2026-10-05T11:44:05.385Z'
Number of updated asset objects reloaded before import = 0Number of asset objects unloaded after import = 0

========================================================================
Received Import Request.
  Time since last request: 0.000036 seconds.
  path: Assets/Scripts/Weapons/WeaponData.cs
  artifactKey: Guid(2d9720b74ca933e4da48927938fdb464) Importer(815301076,1909f56bfc062723c751e8b465ee728b)
Start importing Assets/Scripts/Weapons/WeaponData.cs using Guid(2d9720b74ca933e4da48927938fdb464) Importer(815301076,1909f56bfc062723c751e8b465ee728b) (PreviewImporter) -> (artifact id: '00000000000000000000000000000000') in 0.0007066 seconds
Import Error Code:(4)
Message: Build asset version error: assets/scripts/weapons/weapondata.cs in SourceAssetDB has modification time of '2026-10-05T11:43:46.6317961Z' while content on disk has modification time of '2026-10-05T11:44:05.385Z'
  ERROR: Build asset version error: assets/scripts/weapons/weapondata.cs in SourceAssetDB has modification time of '2026-10-05T11:43:46.6317961Z' while content on disk has modification time of '2026-10-05T11:44:05.385Z'
Number of updated asset objects reloaded before import = 0Number of asset objects unloaded after import = 0

========================================================================
Received Import Request.
  Time since last request: 0.000031 seconds.
  path: Assets/Scripts/Weapons/WeaponData.cs
  artifactKey: Guid(2d9720b74ca933e4da48927938fdb464) Importer(815301076,1909f56bfc062723c751e8b465ee728b)
Start importing Assets/Scripts/Weapons/WeaponData.cs using Guid(2d9720b74ca933e4da48927938fdb464) Importer(815301076,1909f56bfc062723c751e8b465ee728b) (PreviewImporter) -> (artifact id: '00000000000000000000000000000000') in 0.0007961 seconds
Import Error Code:(4)
Message: Build asset version error: assets/scripts/weapons/weapondata.cs in SourceAssetDB has modification time of '2026-10-05T11:43:46.6317961Z' while content on disk has modification time of '2026-10-05T11:44:05.385Z'
  ERROR: Build asset version error: assets/scripts/weapons/weapondata.cs in SourceAssetDB has modification time of '2026-10-05T11:43:46.6317961Z' while content on disk has modification time of '2026-10-05T11:44:05.385Z'
Number of updated asset objects reloaded before import = 0Number of asset objects unloaded after import = 0

========================================================================
Received Import Request.
  Time since last request: 0.000019 seconds.
  path: Assets/Scripts/Weapons/WeaponData.cs
  artifactKey: Guid(2d9720b74ca933e4da48927938fdb464) Importer(815301076,1909f56bfc062723c751e8b465ee728b)
Start importing Assets/Scripts/Weapons/WeaponData.cs using Guid(2d9720b74ca933e4da48927938fdb464) Importer(815301076,1909f56bfc062723c751e8b465ee728b) (PreviewImporter) -> (artifact id: '00000000000000000000000000000000') in 0.0006634 seconds
Import Error Code:(4)
Message: Build asset version error: assets/scripts/weapons/weapondata.cs in SourceAssetDB has modification time of '2026-10-05T11:43:46.6317961Z' while content on disk has modification time of '2026-10-05T11:44:05.385Z'
  ERROR: Build asset version error: assets/scripts/weapons/weapondata.cs in SourceAssetDB has modification time of '2026-10-05T11:43:46.6317961Z' while content on disk has modification time of '2026-10-05T11:44:05.385Z'
Number of updated asset objects reloaded before import = 0Number of asset objects unloaded after import = 0

========================================================================
Received Import Request.
  Time since last request: 0.000045 seconds.
  path: Assets/Scripts/Weapons/WeaponData.cs
  artifactKey: Guid(2d9720b74ca933e4da48927938fdb464) Importer(815301076,1909f56bfc062723c751e8b465ee728b)
Start importing Assets/Scripts/Weapons/WeaponData.cs using Guid(2d9720b74ca933e4da48927938fdb464) Importer(815301076,1909f56bfc062723c751e8b465ee728b) (PreviewImporter) -> (artifact id: '00000000000000000000000000000000') in 0.0401141 seconds
Import Error Code:(4)
Message: Build asset version error: assets/scripts/weapons/weapondata.cs in SourceAssetDB has modification time of '2026-10-05T11:43:46.6317961Z' while content on disk has modification time of '2026-10-05T11:44:05.385Z'
  ERROR: Build asset version error: assets/scripts/weapons/weapondata.cs in SourceAssetDB has modification time of '2026-10-05T11:43:46.6317961Z' while content on disk has modification time of '2026-10-05T11:44:05.385Z'
Number of updated asset objects reloaded before import = 0Number of asset objects unloaded after import = 0

========================================================================
Received Import Request.
  Time since last request: 0.000049 seconds.
  path: Assets/Scripts/Weapons/WeaponData.cs
  artifactKey: Guid(2d9720b74ca933e4da48927938fdb464) Importer(815301076,1909f56bfc062723c751e8b465ee728b)
Start importing Assets/Scripts/Weapons/WeaponData.cs using Guid(2d9720b74ca933e4da48927938fdb464) Importer(815301076,1909f56bfc062723c751e8b465ee728b) (PreviewImporter) -> (artifact id: '00000000000000000000000000000000') in 0.0006752 seconds
Import Error Code:(4)
Message: Build asset version error: assets/scripts/weapons/weapondata.cs in SourceAssetDB has modification time of '2026-10-05T11:43:46.6317961Z' while content on disk has modification time of '2026-10-05T11:44:05.385Z'
  ERROR: Build asset version error: assets/scripts/weapons/weapondata.cs in SourceAssetDB has modification time of '2026-10-05T11:43:46.6317961Z' while content on disk has modification time of '2026-10-05T11:44:05.385Z'
Number of updated asset objects reloaded before import = 0Number of asset objects unloaded after import = 0

========================================================================
Received Import Request.
  Time since last request: 0.000036 seconds.
  path: Assets/Scripts/Weapons/WeaponData.cs
  artifactKey: Guid(2d9720b74ca933e4da48927938fdb464) Importer(815301076,1909f56bfc062723c751e8b465ee728b)
Start importing Assets/Scripts/Weapons/WeaponData.cs using Guid(2d9720b74ca933e4da48927938fdb464) Importer(815301076,1909f56bfc062723c751e8b465ee728b) (PreviewImporter) -> (artifact id: '00000000000000000000000000000000') in 0.0006953 seconds
Import Error Code:(4)
Message: Build asset version error: assets/scripts/weapons/weapondata.cs in SourceAssetDB has modification time of '2026-10-05T11:43:46.6317961Z' while content on disk has modification time of '2026-10-05T11:44:05.385Z'
  ERROR: Build asset version error: assets/scripts/weapons/weapondata.cs in SourceAssetDB has modification time of '2026-10-05T11:43:46.6317961Z' while content on disk has modification time of '2026-10-05T11:44:05.385Z'
Number of updated asset objects reloaded before import = 0Number of asset objects unloaded after import = 0

========================================================================
Received Import Request.
  Time since last request: 0.000039 seconds.
  path: Assets/Scripts/Weapons/WeaponData.cs
  artifactKey: Guid(2d9720b74ca933e4da48927938fdb464) Importer(815301076,1909f56bfc062723c751e8b465ee728b)
Start importing Assets/Scripts/Weapons/WeaponData.cs using Guid(2d9720b74ca933e4da48927938fdb464) Importer(815301076,1909f56bfc062723c751e8b465ee728b) (PreviewImporter) -> (artifact id: '00000000000000000000000000000000') in 0.0006873 seconds
Import Error Code:(4)
Message: Build asset version error: assets/scripts/weapons/weapondata.cs in SourceAssetDB has modification time of '2026-10-05T11:43:46.6317961Z' while content on disk has modification time of '2026-10-05T11:44:05.385Z'
  ERROR: Build asset version error: assets/scripts/weapons/weapondata.cs in SourceAssetDB has modification time of '2026-10-05T11:43:46.6317961Z' while content on disk has modification time of '2026-10-05T11:44:05.385Z'
Number of updated asset objects reloaded before import = 0Number of asset objects unloaded after import = 0

========================================================================
Received Import Request.
  Time since last request: 0.000050 seconds.
  path: Assets/Scripts/Weapons/WeaponData.cs
  artifactKey: Guid(2d9720b74ca933e4da48927938fdb464) Importer(815301076,1909f56bfc062723c751e8b465ee728b)
Start importing Assets/Scripts/Weapons/WeaponData.cs using Guid(2d9720b74ca933e4da48927938fdb464) Importer(815301076,1909f56bfc062723c751e8b465ee728b) (PreviewImporter) -> (artifact id: '00000000000000000000000000000000') in 0.0006732 seconds
Import Error Code:(4)
Message: Build asset version error: assets/scripts/weapons/weapondata.cs in SourceAssetDB has modification time of '2026-10-05T11:43:46.6317961Z' while content on disk has modification time of '2026-10-05T11:44:05.385Z'
  ERROR: Build asset version error: assets/scripts/weapons/weapondata.cs in SourceAssetDB has modification time of '2026-10-05T11:43:46.6317961Z' while content on disk has modification time of '2026-10-05T11:44:05.385Z'
Number of updated asset objects reloaded before import = 0Number of asset objects unloaded after import = 0

========================================================================
Received Import Request.
  Time since last request: 0.000024 seconds.
  path: Assets/Scripts/Weapons/WeaponData.cs
  artifactKey: Guid(2d9720b74ca933e4da48927938fdb464) Importer(815301076,1909f56bfc062723c751e8b465ee728b)
Start importing Assets/Scripts/Weapons/WeaponData.cs using Guid(2d9720b74ca933e4da48927938fdb464) Importer(815301076,1909f56bfc062723c751e8b465ee728b) (PreviewImporter) -> (artifact id: '00000000000000000000000000000000') in 0.0007736 seconds
Import Error Code:(4)
Message: Build asset version error: assets/scripts/weapons/weapondata.cs in SourceAssetDB has modification time of '2026-10-05T11:43:46.6317961Z' while content on disk has modification time of '2026-10-05T11:44:05.385Z'
  ERROR: Build asset version error: assets/scripts/weapons/weapondata.cs in SourceAssetDB has modification time of '2026-10-05T11:43:46.6317961Z' while content on disk has modification time of '2026-10-05T11:44:05.385Z'
Number of updated asset objects reloaded before import = 0Number of asset objects unloaded after import = 0

========================================================================
Received Import Request.
  Time since last request: 0.000033 seconds.
  path: Assets/Scripts/Weapons/WeaponData.cs
  artifactKey: Guid(2d9720b74ca933e4da48927938fdb464) Importer(815301076,1909f56bfc062723c751e8b465ee728b)
Start importing Assets/Scripts/Weapons/WeaponData.cs using Guid(2d9720b74ca933e4da48927938fdb464) Importer(815301076,1909f56bfc062723c751e8b465ee728b) (PreviewImporter) -> (artifact id: '00000000000000000000000000000000') in 0.0016054 seconds
Import Error Code:(4)
Message: Build asset version error: assets/scripts/weapons/weapondata.cs in SourceAssetDB has modification time of '2026-10-05T11:43:46.6317961Z' while content on disk has modification time of '2026-10-05T11:44:05.385Z'
  ERROR: Build asset version error: assets/scripts/weapons/weapondata.cs in SourceAssetDB has modification time of '2026-10-05T11:43:46.6317961Z' while content on disk has modification time of '2026-10-05T11:44:05.385Z'
Number of updated asset objects reloaded before import = 0Number of asset objects unloaded after import = 0

========================================================================
Received Import Request.
  Time since last request: 0.000023 seconds.
  path: Assets/Scripts/Weapons/WeaponData.cs
  artifactKey: Guid(2d9720b74ca933e4da48927938fdb464) Importer(815301076,1909f56bfc062723c751e8b465ee728b)
Start importing Assets/Scripts/Weapons/WeaponData.cs using Guid(2d9720b74ca933e4da48927938fdb464) Importer(815301076,1909f56bfc062723c751e8b465ee728b) (PreviewImporter) -> (artifact id: '00000000000000000000000000000000') in 0.0006063 seconds
Import Error Code:(4)
Message: Build asset version error: assets/scripts/weapons/weapondata.cs in SourceAssetDB has modification time of '2026-10-05T11:43:46.6317961Z' while content on disk has modification time of '2026-10-05T11:44:05.385Z'
  ERROR: Build asset version error: assets/scripts/weapons/weapondata.cs in SourceAssetDB has modification time of '2026-10-05T11:43:46.6317961Z' while content on disk has modification time of '2026-10-05T11:44:05.385Z'
Number of updated asset objects reloaded before import = 0Number of asset objects unloaded after import = 0

========================================================================
Received Import Request.
  Time since last request: 0.000025 seconds.
  path: Assets/Scripts/Weapons/WeaponData.cs
  artifactKey: Guid(2d9720b74ca933e4da48927938fdb464) Importer(815301076,1909f56bfc062723c751e8b465ee728b)
Start importing Assets/Scripts/Weapons/WeaponData.cs using Guid(2d9720b74ca933e4da48927938fdb464) Importer(815301076,1909f56bfc062723c751e8b465ee728b) (PreviewImporter) -> (artifact id: '00000000000000000000000000000000') in 0.0008952 seconds
Import Error Code:(4)
Message: Build asset version error: assets/scripts/weapons/weapondata.cs in SourceAssetDB has modification time of '2026-10-05T11:43:46.6317961Z' while content on disk has modification time of '2026-10-05T11:44:05.385Z'
  ERROR: Build asset version error: assets/scripts/weapons/weapondata.cs in SourceAssetDB has modification time of '2026-10-05T11:43:46.6317961Z' while content on disk has modification time of '2026-10-05T11:44:05.385Z'
Number of updated asset objects reloaded before import = 0Number of asset objects unloaded after import = 0

========================================================================
Received Import Request.
  Time since last request: 0.000029 seconds.
  path: Assets/Scripts/Weapons/WeaponData.cs
  artifactKey: Guid(2d9720b74ca933e4da48927938fdb464) Importer(815301076,1909f56bfc062723c751e8b465ee728b)
Start importing Assets/Scripts/Weapons/WeaponData.cs using Guid(2d9720b74ca933e4da48927938fdb464) Importer(815301076,1909f56bfc062723c751e8b465ee728b) (PreviewImporter) -> (artifact id: '00000000000000000000000000000000') in 0.0009884 seconds
Import Error Code:(4)
Message: Build asset version error: assets/scripts/weapons/weapondata.cs in SourceAssetDB has modification time of '2026-10-05T11:43:46.6317961Z' while content on disk has modification time of '2026-10-05T11:44:05.385Z'
  ERROR: Build asset version error: assets/scripts/weapons/weapondata.cs in SourceAssetDB has modification time of '2026-10-05T11:43:46.6317961Z' while content on disk has modification time of '2026-10-05T11:44:05.385Z'
Number of updated asset objects reloaded before import = 0Number of asset objects unloaded after import = 0

========================================================================
Received Import Request.
  Time since last request: 0.000036 seconds.
  path: Assets/Scripts/Weapons/WeaponData.cs
  artifactKey: Guid(2d9720b74ca933e4da48927938fdb464) Importer(815301076,1909f56bfc062723c751e8b465ee728b)
Start importing Assets/Scripts/Weapons/WeaponData.cs using Guid(2d9720b74ca933e4da48927938fdb464) Importer(815301076,1909f56bfc062723c751e8b465ee728b) (PreviewImporter) -> (artifact id: '00000000000000000000000000000000') in 0.0009381 seconds
Import Error Code:(4)
Message: Build asset version error: assets/scripts/weapons/weapondata.cs in SourceAssetDB has modification time of '2026-10-05T11:43:46.6317961Z' while content on disk has modification time of '2026-10-05T11:44:05.385Z'
  ERROR: Build asset version error: assets/scripts/weapons/weapondata.cs in SourceAssetDB has modification time of '2026-10-05T11:43:46.6317961Z' while content on disk has modification time of '2026-10-05T11:44:05.385Z'
Number of updated asset objects reloaded before import = 0Number of asset objects unloaded after import = 0

========================================================================
Received Import Request.
  Time since last request: 0.000021 seconds.
  path: Assets/Scripts/Weapons/WeaponData.cs
  artifactKey: Guid(2d9720b74ca933e4da48927938fdb464) Importer(815301076,1909f56bfc062723c751e8b465ee728b)
Start importing Assets/Scripts/Weapons/WeaponData.cs using Guid(2d9720b74ca933e4da48927938fdb464) Importer(815301076,1909f56bfc062723c751e8b465ee728b) (PreviewImporter) -> (artifact id: '00000000000000000000000000000000') in 0.0067033 seconds
Import Error Code:(4)
Message: Build asset version error: assets/scripts/weapons/weapondata.cs in SourceAssetDB has modification time of '2026-10-05T11:43:46.6317961Z' while content on disk has modification time of '2026-10-05T11:44:05.385Z'
  ERROR: Build asset version error: assets/scripts/weapons/weapondata.cs in SourceAssetDB has modification time of '2026-10-05T11:43:46.6317961Z' while content on disk has modification time of '2026-10-05T11:44:05.385Z'
Number of updated asset objects reloaded before import = 0Number of asset objects unloaded after import = 0

========================================================================
Received Import Request.
  Time since last request: 0.000022 seconds.
  path: Assets/Scripts/Weapons/WeaponData.cs
  artifactKey: Guid(2d9720b74ca933e4da48927938fdb464) Importer(815301076,1909f56bfc062723c751e8b465ee728b)
Start importing Assets/Scripts/Weapons/WeaponData.cs using Guid(2d9720b74ca933e4da48927938fdb464) Importer(815301076,1909f56bfc062723c751e8b465ee728b) (PreviewImporter) -> (artifact id: '00000000000000000000000000000000') in 0.0005263 seconds
Import Error Code:(4)
Message: Build asset version error: assets/scripts/weapons/weapondata.cs in SourceAssetDB has modification time of '2026-10-05T11:43:46.6317961Z' while content on disk has modification time of '2026-10-05T11:44:05.385Z'
  ERROR: Build asset version error: assets/scripts/weapons/weapondata.cs in SourceAssetDB has modification time of '2026-10-05T11:43:46.6317961Z' while content on disk has modification time of '2026-10-05T11:44:05.385Z'
Number of updated asset objects reloaded before import = 0Number of asset objects unloaded after import = 0

========================================================================
Received Import Request.
  Time since last request: 0.000019 seconds.
  path: Assets/Scripts/Weapons/WeaponData.cs
  artifactKey: Guid(2d9720b74ca933e4da48927938fdb464) Importer(815301076,1909f56bfc062723c751e8b465ee728b)
Start importing Assets/Scripts/Weapons/WeaponData.cs using Guid(2d9720b74ca933e4da48927938fdb464) Importer(815301076,1909f56bfc062723c751e8b465ee728b) (PreviewImporter) -> (artifact id: '00000000000000000000000000000000') in 0.0009345 seconds
Import Error Code:(4)
Message: Build asset version error: assets/scripts/weapons/weapondata.cs in SourceAssetDB has modification time of '2026-10-05T11:43:46.6317961Z' while content on disk has modification time of '2026-10-05T11:44:05.385Z'
  ERROR: Build asset version error: assets/scripts/weapons/weapondata.cs in SourceAssetDB has modification time of '2026-10-05T11:43:46.6317961Z' while content on disk has modification time of '2026-10-05T11:44:05.385Z'
Number of updated asset objects reloaded before import = 0Number of asset objects unloaded after import = 0

========================================================================
Received Import Request.
  Time since last request: 0.000028 seconds.
  path: Assets/Scripts/Weapons/WeaponData.cs
  artifactKey: Guid(2d9720b74ca933e4da48927938fdb464) Importer(815301076,1909f56bfc062723c751e8b465ee728b)
Start importing Assets/Scripts/Weapons/WeaponData.cs using Guid(2d9720b74ca933e4da48927938fdb464) Importer(815301076,1909f56bfc062723c751e8b465ee728b) (PreviewImporter) -> (artifact id: '00000000000000000000000000000000') in 0.0007528 seconds
Import Error Code:(4)
Message: Build asset version error: assets/scripts/weapons/weapondata.cs in SourceAssetDB has modification time of '2026-10-05T11:43:46.6317961Z' while content on disk has modification time of '2026-10-05T11:44:05.385Z'
  ERROR: Build asset version error: assets/scripts/weapons/weapondata.cs in SourceAssetDB has modification time of '2026-10-05T11:43:46.6317961Z' while content on disk has modification time of '2026-10-05T11:44:05.385Z'
Number of updated asset objects reloaded before import = 0Number of asset objects unloaded after import = 0

========================================================================
Received Import Request.
  Time since last request: 0.000031 seconds.
  path: Assets/Scripts/Weapons/WeaponData.cs
  artifactKey: Guid(2d9720b74ca933e4da48927938fdb464) Importer(815301076,1909f56bfc062723c751e8b465ee728b)
Start importing Assets/Scripts/Weapons/WeaponData.cs using Guid(2d9720b74ca933e4da48927938fdb464) Importer(815301076,1909f56bfc062723c751e8b465ee728b) (PreviewImporter) -> (artifact id: '00000000000000000000000000000000') in 0.0007829 seconds
Import Error Code:(4)
Message: Build asset version error: assets/scripts/weapons/weapondata.cs in SourceAssetDB has modification time of '2026-10-05T11:43:46.6317961Z' while content on disk has modification time of '2026-10-05T11:44:05.385Z'
  ERROR: Build asset version error: assets/scripts/weapons/weapondata.cs in SourceAssetDB has modification time of '2026-10-05T11:43:46.6317961Z' while content on disk has modification time of '2026-10-05T11:44:05.385Z'
Number of updated asset objects reloaded before import = 0Number of asset objects unloaded after import = 0

========================================================================
Received Import Request.
  Time since last request: 0.000047 seconds.
  path: Assets/Scripts/Weapons/WeaponData.cs
  artifactKey: Guid(2d9720b74ca933e4da48927938fdb464) Importer(815301076,1909f56bfc062723c751e8b465ee728b)
Start importing Assets/Scripts/Weapons/WeaponData.cs using Guid(2d9720b74ca933e4da48927938fdb464) Importer(815301076,1909f56bfc062723c751e8b465ee728b) (PreviewImporter) -> (artifact id: '00000000000000000000000000000000') in 0.0007031 seconds
Import Error Code:(4)
Message: Build asset version error: assets/scripts/weapons/weapondata.cs in SourceAssetDB has modification time of '2026-10-05T11:43:46.6317961Z' while content on disk has modification time of '2026-10-05T11:44:05.385Z'
  ERROR: Build asset version error: assets/scripts/weapons/weapondata.cs in SourceAssetDB has modification time of '2026-10-05T11:43:46.6317961Z' while content on disk has modification time of '2026-10-05T11:44:05.385Z'
Number of updated asset objects reloaded before import = 0Number of asset objects unloaded after import = 0

========================================================================
Received Import Request.
  Time since last request: 0.000023 seconds.
  path: Assets/Scripts/Weapons/WeaponData.cs
  artifactKey: Guid(2d9720b74ca933e4da48927938fdb464) Importer(815301076,1909f56bfc062723c751e8b465ee728b)
Start importing Assets/Scripts/Weapons/WeaponData.cs using Guid(2d9720b74ca933e4da48927938fdb464) Importer(815301076,1909f56bfc062723c751e8b465ee728b) (PreviewImporter) -> (artifact id: '00000000000000000000000000000000') in 0.0006722 seconds
Import Error Code:(4)
Message: Build asset version error: assets/scripts/weapons/weapondata.cs in SourceAssetDB has modification time of '2026-10-05T11:43:46.6317961Z' while content on disk has modification time of '2026-10-05T11:44:05.385Z'
  ERROR: Build asset version error: assets/scripts/weapons/weapondata.cs in SourceAssetDB has modification time of '2026-10-05T11:43:46.6317961Z' while content on disk has modification time of '2026-10-05T11:44:05.385Z'
Number of updated asset objects reloaded before import = 0Number of asset objects unloaded after import = 0

========================================================================
Received Import Request.
  Time since last request: 0.000021 seconds.
  path: Assets/Scripts/Weapons/WeaponData.cs
  artifactKey: Guid(2d9720b74ca933e4da48927938fdb464) Importer(815301076,1909f56bfc062723c751e8b465ee728b)
Start importing Assets/Scripts/Weapons/WeaponData.cs using Guid(2d9720b74ca933e4da48927938fdb464) Importer(815301076,1909f56bfc062723c751e8b465ee728b) (PreviewImporter) -> (artifact id: '00000000000000000000000000000000') in 0.0013926 seconds
Import Error Code:(4)
Message: Build asset version error: assets/scripts/weapons/weapondata.cs in SourceAssetDB has modification time of '2026-10-05T11:43:46.6317961Z' while content on disk has modification time of '2026-10-05T11:44:05.385Z'
  ERROR: Build asset version error: assets/scripts/weapons/weapondata.cs in SourceAssetDB has modification time of '2026-10-05T11:43:46.6317961Z' while content on disk has modification time of '2026-10-05T11:44:05.385Z'
Number of updated asset objects reloaded before import = 0Number of asset objects unloaded after import = 0

========================================================================
Received Import Request.
  Time since last request: 0.000024 seconds.
  path: Assets/Scripts/Weapons/WeaponData.cs
  artifactKey: Guid(2d9720b74ca933e4da48927938fdb464) Importer(815301076,1909f56bfc062723c751e8b465ee728b)
Start importing Assets/Scripts/Weapons/WeaponData.cs using Guid(2d9720b74ca933e4da48927938fdb464) Importer(815301076,1909f56bfc062723c751e8b465ee728b) (PreviewImporter) -> (artifact id: '00000000000000000000000000000000') in 0.0009317 seconds
Import Error Code:(4)
Message: Build asset version error: assets/scripts/weapons/weapondata.cs in SourceAssetDB has modification time of '2026-10-05T11:43:46.6317961Z' while content on disk has modification time of '2026-10-05T11:44:05.385Z'
  ERROR: Build asset version error: assets/scripts/weapons/weapondata.cs in SourceAssetDB has modification time of '2026-10-05T11:43:46.6317961Z' while content on disk has modification time of '2026-10-05T11:44:05.385Z'
Number of updated asset objects reloaded before import = 0Number of asset objects unloaded after import = 0

========================================================================
Received Import Request.
  Time since last request: 0.000028 seconds.
  path: Assets/Scripts/Weapons/WeaponData.cs
  artifactKey: Guid(2d9720b74ca933e4da48927938fdb464) Importer(815301076,1909f56bfc062723c751e8b465ee728b)
Start importing Assets/Scripts/Weapons/WeaponData.cs using Guid(2d9720b74ca933e4da48927938fdb464) Importer(815301076,1909f56bfc062723c751e8b465ee728b) (PreviewImporter) -> (artifact id: '00000000000000000000000000000000') in 0.001031 seconds
Import Error Code:(4)
Message: Build asset version error: assets/scripts/weapons/weapondata.cs in SourceAssetDB has modification time of '2026-10-05T11:43:46.6317961Z' while content on disk has modification time of '2026-10-05T11:44:05.385Z'
  ERROR: Build asset version error: assets/scripts/weapons/weapondata.cs in SourceAssetDB has modification time of '2026-10-05T11:43:46.6317961Z' while content on disk has modification time of '2026-10-05T11:44:05.385Z'
Number of updated asset objects reloaded before import = 0Number of asset objects unloaded after import = 0

========================================================================
Received Import Request.
  Time since last request: 0.000018 seconds.
  path: Assets/Scripts/Weapons/WeaponData.cs
  artifactKey: Guid(2d9720b74ca933e4da48927938fdb464) Importer(815301076,1909f56bfc062723c751e8b465ee728b)
Start importing Assets/Scripts/Weapons/WeaponData.cs using Guid(2d9720b74ca933e4da48927938fdb464) Importer(815301076,1909f56bfc062723c751e8b465ee728b) (PreviewImporter) -> (artifact id: '00000000000000000000000000000000') in 0.0010412 seconds
Import Error Code:(4)
Message: Build asset version error: assets/scripts/weapons/weapondata.cs in SourceAssetDB has modification time of '2026-10-05T11:43:46.6317961Z' while content on disk has modification time of '2026-10-05T11:44:05.385Z'
  ERROR: Build asset version error: assets/scripts/weapons/weapondata.cs in SourceAssetDB has modification time of '2026-10-05T11:43:46.6317961Z' while content on disk has modification time of '2026-10-05T11:44:05.385Z'
Number of updated asset objects reloaded before import = 0Number of asset objects unloaded after import = 0

========================================================================
Received Import Request.
  Time since last request: 0.000036 seconds.
  path: Assets/Scripts/Weapons/WeaponData.cs
  artifactKey: Guid(2d9720b74ca933e4da48927938fdb464) Importer(815301076,1909f56bfc062723c751e8b465ee728b)
Start importing Assets/Scripts/Weapons/WeaponData.cs using Guid(2d9720b74ca933e4da48927938fdb464) Importer(815301076,1909f56bfc062723c751e8b465ee728b) (PreviewImporter) -> (artifact id: '00000000000000000000000000000000') in 0.0010878 seconds
Import Error Code:(4)
Message: Build asset version error: assets/scripts/weapons/weapondata.cs in SourceAssetDB has modification time of '2026-10-05T11:43:46.6317961Z' while content on disk has modification time of '2026-10-05T11:44:05.385Z'
  ERROR: Build asset version error: assets/scripts/weapons/weapondata.cs in SourceAssetDB has modification time of '2026-10-05T11:43:46.6317961Z' while content on disk has modification time of '2026-10-05T11:44:05.385Z'
Number of updated asset objects reloaded before import = 0Number of asset objects unloaded after import = 0

========================================================================
Received Import Request.
  Time since last request: 0.000032 seconds.
  path: Assets/Scripts/Weapons/WeaponData.cs
  artifactKey: Guid(2d9720b74ca933e4da48927938fdb464) Importer(815301076,1909f56bfc062723c751e8b465ee728b)
Start importing Assets/Scripts/Weapons/WeaponData.cs using Guid(2d9720b74ca933e4da48927938fdb464) Importer(815301076,1909f56bfc062723c751e8b465ee728b) (PreviewImporter) -> (artifact id: '00000000000000000000000000000000') in 0.0007747 seconds
Import Error Code:(4)
Message: Build asset version error: assets/scripts/weapons/weapondata.cs in SourceAssetDB has modification time of '2026-10-05T11:43:46.6317961Z' while content on disk has modification time of '2026-10-05T11:44:05.385Z'
  ERROR: Build asset version error: assets/scripts/weapons/weapondata.cs in SourceAssetDB has modification time of '2026-10-05T11:43:46.6317961Z' while content on disk has modification time of '2026-10-05T11:44:05.385Z'
Number of updated asset objects reloaded before import = 0Number of asset objects unloaded after import = 0

========================================================================
Received Import Request.
  Time since last request: 0.000026 seconds.
  path: Assets/Scripts/Weapons/WeaponData.cs
  artifactKey: Guid(2d9720b74ca933e4da48927938fdb464) Importer(815301076,1909f56bfc062723c751e8b465ee728b)
Start importing Assets/Scripts/Weapons/WeaponData.cs using Guid(2d9720b74ca933e4da48927938fdb464) Importer(815301076,1909f56bfc062723c751e8b465ee728b) (PreviewImporter) -> (artifact id: '00000000000000000000000000000000') in 0.0007785 seconds
Import Error Code:(4)
Message: Build asset version error: assets/scripts/weapons/weapondata.cs in SourceAssetDB has modification time of '2026-10-05T11:43:46.6317961Z' while content on disk has modification time of '2026-10-05T11:44:05.385Z'
  ERROR: Build asset version error: assets/scripts/weapons/weapondata.cs in SourceAssetDB has modification time of '2026-10-05T11:43:46.6317961Z' while content on disk has modification time of '2026-10-05T11:44:05.385Z'
Number of updated asset objects reloaded before import = 0Number of asset objects unloaded after import = 0

========================================================================
Received Import Request.
  Time since last request: 0.000028 seconds.
  path: Assets/Scripts/Weapons/WeaponData.cs
  artifactKey: Guid(2d9720b74ca933e4da48927938fdb464) Importer(815301076,1909f56bfc062723c751e8b465ee728b)
Start importing Assets/Scripts/Weapons/WeaponData.cs using Guid(2d9720b74ca933e4da48927938fdb464) Importer(815301076,1909f56bfc062723c751e8b465ee728b) (PreviewImporter) -> (artifact id: '00000000000000000000000000000000') in 0.0014214 seconds
Import Error Code:(4)
Message: Build asset version error: assets/scripts/weapons/weapondata.cs in SourceAssetDB has modification time of '2026-10-05T11:43:46.6317961Z' while content on disk has modification time of '2026-10-05T11:44:05.385Z'
  ERROR: Build asset version error: assets/scripts/weapons/weapondata.cs in SourceAssetDB has modification time of '2026-10-05T11:43:46.6317961Z' while content on disk has modification time of '2026-10-05T11:44:05.385Z'
Number of updated asset objects reloaded before import = 0Number of asset objects unloaded after import = 0

========================================================================
Received Import Request.
  Time since last request: 0.000021 seconds.
  path: Assets/Scripts/Weapons/WeaponData.cs
  artifactKey: Guid(2d9720b74ca933e4da48927938fdb464) Importer(815301076,1909f56bfc062723c751e8b465ee728b)
Start importing Assets/Scripts/Weapons/WeaponData.cs using Guid(2d9720b74ca933e4da48927938fdb464) Importer(815301076,1909f56bfc062723c751e8b465ee728b) (PreviewImporter) -> (artifact id: '00000000000000000000000000000000') in 0.0007756 seconds
Import Error Code:(4)
Message: Build asset version error: assets/scripts/weapons/weapondata.cs in SourceAssetDB has modification time of '2026-10-05T11:43:46.6317961Z' while content on disk has modification time of '2026-10-05T11:44:05.385Z'
  ERROR: Build asset version error: assets/scripts/weapons/weapondata.cs in SourceAssetDB has modification time of '2026-10-05T11:43:46.6317961Z' while content on disk has modification time of '2026-10-05T11:44:05.385Z'
Number of updated asset objects reloaded before import = 0Number of asset objects unloaded after import = 0

========================================================================
Received Import Request.
  Time since last request: 0.000024 seconds.
  path: Assets/Scripts/Weapons/WeaponData.cs
  artifactKey: Guid(2d9720b74ca933e4da48927938fdb464) Importer(815301076,1909f56bfc062723c751e8b465ee728b)
Start importing Assets/Scripts/Weapons/WeaponData.cs using Guid(2d9720b74ca933e4da48927938fdb464) Importer(815301076,1909f56bfc062723c751e8b465ee728b) (PreviewImporter) -> (artifact id: '00000000000000000000000000000000') in 0.0006381 seconds
Import Error Code:(4)
Message: Build asset version error: assets/scripts/weapons/weapondata.cs in SourceAssetDB has modification time of '2026-10-05T11:43:46.6317961Z' while content on disk has modification time of '2026-10-05T11:44:05.385Z'
  ERROR: Build asset version error: assets/scripts/weapons/weapondata.cs in SourceAssetDB has modification time of '2026-10-05T11:43:46.6317961Z' while content on disk has modification time of '2026-10-05T11:44:05.385Z'
Number of updated asset objects reloaded before import = 0Number of asset objects unloaded after import = 0

========================================================================
Received Import Request.
  Time since last request: 0.000019 seconds.
  path: Assets/Scripts/Weapons/WeaponData.cs
  artifactKey: Guid(2d9720b74ca933e4da48927938fdb464) Importer(815301076,1909f56bfc062723c751e8b465ee728b)
Start importing Assets/Scripts/Weapons/WeaponData.cs using Guid(2d9720b74ca933e4da48927938fdb464) Importer(815301076,1909f56bfc062723c751e8b465ee728b) (PreviewImporter) -> (artifact id: '00000000000000000000000000000000') in 0.00059 seconds
Import Error Code:(4)
Message: Build asset version error: assets/scripts/weapons/weapondata.cs in SourceAssetDB has modification time of '2026-10-05T11:43:46.6317961Z' while content on disk has modification time of '2026-10-05T11:44:05.385Z'
  ERROR: Build asset version error: assets/scripts/weapons/weapondata.cs in SourceAssetDB has modification time of '2026-10-05T11:43:46.6317961Z' while content on disk has modification time of '2026-10-05T11:44:05.385Z'
Number of updated asset objects reloaded before import = 0Number of asset objects unloaded after import = 0

========================================================================
Received Import Request.
  Time since last request: 0.000021 seconds.
  path: Assets/Scripts/Weapons/WeaponData.cs
  artifactKey: Guid(2d9720b74ca933e4da48927938fdb464) Importer(815301076,1909f56bfc062723c751e8b465ee728b)
Start importing Assets/Scripts/Weapons/WeaponData.cs using Guid(2d9720b74ca933e4da48927938fdb464) Importer(815301076,1909f56bfc062723c751e8b465ee728b) (PreviewImporter) -> (artifact id: '00000000000000000000000000000000') in 0.0099837 seconds
Import Error Code:(4)
Message: Build asset version error: assets/scripts/weapons/weapondata.cs in SourceAssetDB has modification time of '2026-10-05T11:43:46.6317961Z' while content on disk has modification time of '2026-10-05T11:44:15.5968252Z'
  ERROR: Build asset version error: assets/scripts/weapons/weapondata.cs in SourceAssetDB has modification time of '2026-10-05T11:43:46.6317961Z' while content on disk has modification time of '2026-10-05T11:44:15.5968252Z'
Number of updated asset objects reloaded before import = 0Number of asset objects unloaded after import = 0

========================================================================
Received Import Request.
  Time since last request: 0.000030 seconds.
  path: Assets/Scripts/Weapons/WeaponData.cs
  artifactKey: Guid(2d9720b74ca933e4da48927938fdb464) Importer(815301076,1909f56bfc062723c751e8b465ee728b)
Start importing Assets/Scripts/Weapons/WeaponData.cs using Guid(2d9720b74ca933e4da48927938fdb464) Importer(815301076,1909f56bfc062723c751e8b465ee728b) (PreviewImporter) -> (artifact id: '00000000000000000000000000000000') in 0.0006453 seconds
Import Error Code:(4)
Message: Build asset version error: assets/scripts/weapons/weapondata.cs in SourceAssetDB has modification time of '2026-10-05T11:43:46.6317961Z' while content on disk has modification time of '2026-10-05T11:44:15.557Z'
  ERROR: Build asset version error: assets/scripts/weapons/weapondata.cs in SourceAssetDB has modification time of '2026-10-05T11:43:46.6317961Z' while content on disk has modification time of '2026-10-05T11:44:15.557Z'
Number of updated asset objects reloaded before import = 0Number of asset objects unloaded after import = 0

========================================================================
Received Import Request.
  Time since last request: 0.000022 seconds.
  path: Assets/Scripts/Weapons/WeaponData.cs
  artifactKey: Guid(2d9720b74ca933e4da48927938fdb464) Importer(815301076,1909f56bfc062723c751e8b465ee728b)
Start importing Assets/Scripts/Weapons/WeaponData.cs using Guid(2d9720b74ca933e4da48927938fdb464) Importer(815301076,1909f56bfc062723c751e8b465ee728b) (PreviewImporter) -> (artifact id: '00000000000000000000000000000000') in 0.001293 seconds
Import Error Code:(4)
Message: Build asset version error: assets/scripts/weapons/weapondata.cs in SourceAssetDB has modification time of '2026-10-05T11:43:46.6317961Z' while content on disk has modification time of '2026-10-05T11:44:15.557Z'
  ERROR: Build asset version error: assets/scripts/weapons/weapondata.cs in SourceAssetDB has modification time of '2026-10-05T11:43:46.6317961Z' while content on disk has modification time of '2026-10-05T11:44:15.557Z'
Number of updated asset objects reloaded before import = 0Number of asset objects unloaded after import = 0

========================================================================
Received Import Request.
  Time since last request: 0.000018 seconds.
  path: Assets/Scripts/Weapons/WeaponData.cs
  artifactKey: Guid(2d9720b74ca933e4da48927938fdb464) Importer(815301076,1909f56bfc062723c751e8b465ee728b)
Start importing Assets/Scripts/Weapons/WeaponData.cs using Guid(2d9720b74ca933e4da48927938fdb464) Importer(815301076,1909f56bfc062723c751e8b465ee728b) (PreviewImporter) -> (artifact id: '00000000000000000000000000000000') in 0.0007844 seconds
Import Error Code:(4)
Message: Build asset version error: assets/scripts/weapons/weapondata.cs in SourceAssetDB has modification time of '2026-10-05T11:43:46.6317961Z' while content on disk has modification time of '2026-10-05T11:44:15.557Z'
  ERROR: Build asset version error: assets/scripts/weapons/weapondata.cs in SourceAssetDB has modification time of '2026-10-05T11:43:46.6317961Z' while content on disk has modification time of '2026-10-05T11:44:15.557Z'
Number of updated asset objects reloaded before import = 0Number of asset objects unloaded after import = 0

========================================================================
Received Import Request.
  Time since last request: 0.000020 seconds.
  path: Assets/Scripts/Weapons/WeaponData.cs
  artifactKey: Guid(2d9720b74ca933e4da48927938fdb464) Importer(815301076,1909f56bfc062723c751e8b465ee728b)
Start importing Assets/Scripts/Weapons/WeaponData.cs using Guid(2d9720b74ca933e4da48927938fdb464) Importer(815301076,1909f56bfc062723c751e8b465ee728b) (PreviewImporter) -> (artifact id: '00000000000000000000000000000000') in 0.0013042 seconds
Import Error Code:(4)
Message: Build asset version error: assets/scripts/weapons/weapondata.cs in SourceAssetDB has modification time of '2026-10-05T11:43:46.6317961Z' while content on disk has modification time of '2026-10-05T11:44:15.557Z'
  ERROR: Build asset version error: assets/scripts/weapons/weapondata.cs in SourceAssetDB has modification time of '2026-10-05T11:43:46.6317961Z' while content on disk has modification time of '2026-10-05T11:44:15.557Z'
Number of updated asset objects reloaded before import = 0Number of asset objects unloaded after import = 0

========================================================================
Received Import Request.
  Time since last request: 0.000047 seconds.
  path: Assets/Scripts/Weapons/WeaponData.cs
  artifactKey: Guid(2d9720b74ca933e4da48927938fdb464) Importer(815301076,1909f56bfc062723c751e8b465ee728b)
Start importing Assets/Scripts/Weapons/WeaponData.cs using Guid(2d9720b74ca933e4da48927938fdb464) Importer(815301076,1909f56bfc062723c751e8b465ee728b) (PreviewImporter) -> (artifact id: '00000000000000000000000000000000') in 0.0009037 seconds
Import Error Code:(4)
Message: Build asset version error: assets/scripts/weapons/weapondata.cs in SourceAssetDB has modification time of '2026-10-05T11:43:46.6317961Z' while content on disk has modification time of '2026-10-05T11:44:15.557Z'
  ERROR: Build asset version error: assets/scripts/weapons/weapondata.cs in SourceAssetDB has modification time of '2026-10-05T11:43:46.6317961Z' while content on disk has modification time of '2026-10-05T11:44:15.557Z'
Number of updated asset objects reloaded before import = 0Number of asset objects unloaded after import = 0

========================================================================
Received Import Request.
  Time since last request: 0.000017 seconds.
  path: Assets/Scripts/Weapons/WeaponData.cs
  artifactKey: Guid(2d9720b74ca933e4da48927938fdb464) Importer(815301076,1909f56bfc062723c751e8b465ee728b)
Start importing Assets/Scripts/Weapons/WeaponData.cs using Guid(2d9720b74ca933e4da48927938fdb464) Importer(815301076,1909f56bfc062723c751e8b465ee728b) (PreviewImporter) -> (artifact id: '00000000000000000000000000000000') in 0.0005377 seconds
Import Error Code:(4)
Message: Build asset version error: assets/scripts/weapons/weapondata.cs in SourceAssetDB has modification time of '2026-10-05T11:43:46.6317961Z' while content on disk has modification time of '2026-10-05T11:44:15.557Z'
  ERROR: Build asset version error: assets/scripts/weapons/weapondata.cs in SourceAssetDB has modification time of '2026-10-05T11:43:46.6317961Z' while content on disk has modification time of '2026-10-05T11:44:15.557Z'
Number of updated asset objects reloaded before import = 0Number of asset objects unloaded after import = 0

========================================================================
Received Import Request.
  Time since last request: 0.000026 seconds.
  path: Assets/Scripts/Weapons/WeaponData.cs
  artifactKey: Guid(2d9720b74ca933e4da48927938fdb464) Importer(815301076,1909f56bfc062723c751e8b465ee728b)
Start importing Assets/Scripts/Weapons/WeaponData.cs using Guid(2d9720b74ca933e4da48927938fdb464) Importer(815301076,1909f56bfc062723c751e8b465ee728b) (PreviewImporter) -> (artifact id: '00000000000000000000000000000000') in 0.0019606 seconds
Import Error Code:(4)
Message: Build asset version error: assets/scripts/weapons/weapondata.cs in SourceAssetDB has modification time of '2026-10-05T11:43:46.6317961Z' while content on disk has modification time of '2026-10-05T11:44:15.557Z'
  ERROR: Build asset version error: assets/scripts/weapons/weapondata.cs in SourceAssetDB has modification time of '2026-10-05T11:43:46.6317961Z' while content on disk has modification time of '2026-10-05T11:44:15.557Z'
Number of updated asset objects reloaded before import = 0Number of asset objects unloaded after import = 0

========================================================================
Received Import Request.
  Time since last request: 0.000022 seconds.
  path: Assets/Scripts/Weapons/WeaponData.cs
  artifactKey: Guid(2d9720b74ca933e4da48927938fdb464) Importer(815301076,1909f56bfc062723c751e8b465ee728b)
Start importing Assets/Scripts/Weapons/WeaponData.cs using Guid(2d9720b74ca933e4da48927938fdb464) Importer(815301076,1909f56bfc062723c751e8b465ee728b) (PreviewImporter) -> (artifact id: '00000000000000000000000000000000') in 0.0005492 seconds
Import Error Code:(4)
Message: Build asset version error: assets/scripts/weapons/weapondata.cs in SourceAssetDB has modification time of '2026-10-05T11:43:46.6317961Z' while content on disk has modification time of '2026-10-05T11:44:15.557Z'
  ERROR: Build asset version error: assets/scripts/weapons/weapondata.cs in SourceAssetDB has modification time of '2026-10-05T11:43:46.6317961Z' while content on disk has modification time of '2026-10-05T11:44:15.557Z'
Number of updated asset objects reloaded before import = 0Number of asset objects unloaded after import = 0

========================================================================
Received Import Request.
  Time since last request: 0.000028 seconds.
  path: Assets/Scripts/Weapons/WeaponData.cs
  artifactKey: Guid(2d9720b74ca933e4da48927938fdb464) Importer(815301076,1909f56bfc062723c751e8b465ee728b)
Start importing Assets/Scripts/Weapons/WeaponData.cs using Guid(2d9720b74ca933e4da48927938fdb464) Importer(815301076,1909f56bfc062723c751e8b465ee728b) (PreviewImporter) -> (artifact id: '00000000000000000000000000000000') in 0.0005361 seconds
Import Error Code:(4)
Message: Build asset version error: assets/scripts/weapons/weapondata.cs in SourceAssetDB has modification time of '2026-10-05T11:43:46.6317961Z' while content on disk has modification time of '2026-10-05T11:44:15.557Z'
  ERROR: Build asset version error: assets/scripts/weapons/weapondata.cs in SourceAssetDB has modification time of '2026-10-05T11:43:46.6317961Z' while content on disk has modification time of '2026-10-05T11:44:15.557Z'
Number of updated asset objects reloaded before import = 0Number of asset objects unloaded after import = 0

========================================================================
Received Import Request.
  Time since last request: 0.010958 seconds.
  path: Assets/Scripts/Weapons/WeaponData.cs
  artifactKey: Guid(2d9720b74ca933e4da48927938fdb464) Importer(815301076,1909f56bfc062723c751e8b465ee728b)
Start importing Assets/Scripts/Weapons/WeaponData.cs using Guid(2d9720b74ca933e4da48927938fdb464) Importer(815301076,1909f56bfc062723c751e8b465ee728b) (PreviewImporter) -> (artifact id: '00000000000000000000000000000000') in 0.0007134 seconds
Import Error Code:(4)
Message: Build asset version error: assets/scripts/weapons/weapondata.cs in SourceAssetDB has modification time of '2026-10-05T11:43:46.6317961Z' while content on disk has modification time of '2026-10-05T11:44:15.557Z'
  ERROR: Build asset version error: assets/scripts/weapons/weapondata.cs in SourceAssetDB has modification time of '2026-10-05T11:43:46.6317961Z' while content on disk has modification time of '2026-10-05T11:44:15.557Z'
Number of updated asset objects reloaded before import = 0Number of asset objects unloaded after import = 0

========================================================================
Received Import Request.
  Time since last request: 0.000026 seconds.
  path: Assets/Scripts/Weapons/WeaponData.cs
  artifactKey: Guid(2d9720b74ca933e4da48927938fdb464) Importer(815301076,1909f56bfc062723c751e8b465ee728b)
Start importing Assets/Scripts/Weapons/WeaponData.cs using Guid(2d9720b74ca933e4da48927938fdb464) Importer(815301076,1909f56bfc062723c751e8b465ee728b) (PreviewImporter) -> (artifact id: '00000000000000000000000000000000') in 0.0007495 seconds
Import Error Code:(4)
Message: Build asset version error: assets/scripts/weapons/weapondata.cs in SourceAssetDB has modification time of '2026-10-05T11:43:46.6317961Z' while content on disk has modification time of '2026-10-05T11:44:15.557Z'
  ERROR: Build asset version error: assets/scripts/weapons/weapondata.cs in SourceAssetDB has modification time of '2026-10-05T11:43:46.6317961Z' while content on disk has modification time of '2026-10-05T11:44:15.557Z'
Number of updated asset objects reloaded before import = 0Number of asset objects unloaded after import = 0

========================================================================
Received Import Request.
  Time since last request: 0.000039 seconds.
  path: Assets/Scripts/Weapons/WeaponData.cs
  artifactKey: Guid(2d9720b74ca933e4da48927938fdb464) Importer(815301076,1909f56bfc062723c751e8b465ee728b)
Start importing Assets/Scripts/Weapons/WeaponData.cs using Guid(2d9720b74ca933e4da48927938fdb464) Importer(815301076,1909f56bfc062723c751e8b465ee728b) (PreviewImporter) -> (artifact id: '00000000000000000000000000000000') in 0.0010512 seconds
Import Error Code:(4)
Message: Build asset version error: assets/scripts/weapons/weapondata.cs in SourceAssetDB has modification time of '2026-10-05T11:43:46.6317961Z' while content on disk has modification time of '2026-10-05T11:44:15.557Z'
  ERROR: Build asset version error: assets/scripts/weapons/weapondata.cs in SourceAssetDB has modification time of '2026-10-05T11:43:46.6317961Z' while content on disk has modification time of '2026-10-05T11:44:15.557Z'
Number of updated asset objects reloaded before import = 0Number of asset objects unloaded after import = 0

========================================================================
Received Import Request.
  Time since last request: 0.000022 seconds.
  path: Assets/Scripts/Weapons/WeaponData.cs
  artifactKey: Guid(2d9720b74ca933e4da48927938fdb464) Importer(815301076,1909f56bfc062723c751e8b465ee728b)
Start importing Assets/Scripts/Weapons/WeaponData.cs using Guid(2d9720b74ca933e4da48927938fdb464) Importer(815301076,1909f56bfc062723c751e8b465ee728b) (PreviewImporter) -> (artifact id: '00000000000000000000000000000000') in 0.0007783 seconds
Import Error Code:(4)
Message: Build asset version error: assets/scripts/weapons/weapondata.cs in SourceAssetDB has modification time of '2026-10-05T11:43:46.6317961Z' while content on disk has modification time of '2026-10-05T11:44:15.557Z'
  ERROR: Build asset version error: assets/scripts/weapons/weapondata.cs in SourceAssetDB has modification time of '2026-10-05T11:43:46.6317961Z' while content on disk has modification time of '2026-10-05T11:44:15.557Z'
Number of updated asset objects reloaded before import = 0Number of asset objects unloaded after import = 0

========================================================================
Received Import Request.
  Time since last request: 0.000038 seconds.
  path: Assets/Scripts/Weapons/WeaponData.cs
  artifactKey: Guid(2d9720b74ca933e4da48927938fdb464) Importer(815301076,1909f56bfc062723c751e8b465ee728b)
Start importing Assets/Scripts/Weapons/WeaponData.cs using Guid(2d9720b74ca933e4da48927938fdb464) Importer(815301076,1909f56bfc062723c751e8b465ee728b) (PreviewImporter) -> (artifact id: '00000000000000000000000000000000') in 0.0008459 seconds
Import Error Code:(4)
Message: Build asset version error: assets/scripts/weapons/weapondata.cs in SourceAssetDB has modification time of '2026-10-05T11:43:46.6317961Z' while content on disk has modification time of '2026-10-05T11:44:15.557Z'
  ERROR: Build asset version error: assets/scripts/weapons/weapondata.cs in SourceAssetDB has modification time of '2026-10-05T11:43:46.6317961Z' while content on disk has modification time of '2026-10-05T11:44:15.557Z'
Number of updated asset objects reloaded before import = 0Number of asset objects unloaded after import = 0

========================================================================
Received Import Request.
  Time since last request: 0.000030 seconds.
  path: Assets/Scripts/Weapons/WeaponData.cs
  artifactKey: Guid(2d9720b74ca933e4da48927938fdb464) Importer(815301076,1909f56bfc062723c751e8b465ee728b)
Start importing Assets/Scripts/Weapons/WeaponData.cs using Guid(2d9720b74ca933e4da48927938fdb464) Importer(815301076,1909f56bfc062723c751e8b465ee728b) (PreviewImporter) -> (artifact id: '00000000000000000000000000000000') in 0.0007177 seconds
Import Error Code:(4)
Message: Build asset version error: assets/scripts/weapons/weapondata.cs in SourceAssetDB has modification time of '2026-10-05T11:43:46.6317961Z' while content on disk has modification time of '2026-10-05T11:44:15.557Z'
  ERROR: Build asset version error: assets/scripts/weapons/weapondata.cs in SourceAssetDB has modification time of '2026-10-05T11:43:46.6317961Z' while content on disk has modification time of '2026-10-05T11:44:15.557Z'
Number of updated asset objects reloaded before import = 0Number of asset objects unloaded after import = 0

========================================================================
Received Import Request.
  Time since last request: 0.000045 seconds.
  path: Assets/Scripts/Weapons/WeaponData.cs
  artifactKey: Guid(2d9720b74ca933e4da48927938fdb464) Importer(815301076,1909f56bfc062723c751e8b465ee728b)
Start importing Assets/Scripts/Weapons/WeaponData.cs using Guid(2d9720b74ca933e4da48927938fdb464) Importer(815301076,1909f56bfc062723c751e8b465ee728b) (PreviewImporter) -> (artifact id: '00000000000000000000000000000000') in 0.0005606 seconds
Import Error Code:(4)
Message: Build asset version error: assets/scripts/weapons/weapondata.cs in SourceAssetDB has modification time of '2026-10-05T11:43:46.6317961Z' while content on disk has modification time of '2026-10-05T11:44:15.557Z'
  ERROR: Build asset version error: assets/scripts/weapons/weapondata.cs in SourceAssetDB has modification time of '2026-10-05T11:43:46.6317961Z' while content on disk has modification time of '2026-10-05T11:44:15.557Z'
Number of updated asset objects reloaded before import = 0Number of asset objects unloaded after import = 0

========================================================================
Received Import Request.
  Time since last request: 0.000025 seconds.
  path: Assets/Scripts/Weapons/WeaponData.cs
  artifactKey: Guid(2d9720b74ca933e4da48927938fdb464) Importer(815301076,1909f56bfc062723c751e8b465ee728b)
Start importing Assets/Scripts/Weapons/WeaponData.cs using Guid(2d9720b74ca933e4da48927938fdb464) Importer(815301076,1909f56bfc062723c751e8b465ee728b) (PreviewImporter) -> (artifact id: '00000000000000000000000000000000') in 0.0006031 seconds
Import Error Code:(4)
Message: Build asset version error: assets/scripts/weapons/weapondata.cs in SourceAssetDB has modification time of '2026-10-05T11:43:46.6317961Z' while content on disk has modification time of '2026-10-05T11:44:15.557Z'
  ERROR: Build asset version error: assets/scripts/weapons/weapondata.cs in SourceAssetDB has modification time of '2026-10-05T11:43:46.6317961Z' while content on disk has modification time of '2026-10-05T11:44:15.557Z'
Number of updated asset objects reloaded before import = 0Number of asset objects unloaded after import = 0

========================================================================
Received Import Request.
  Time since last request: 0.000025 seconds.
  path: Assets/Scripts/Weapons/WeaponData.cs
  artifactKey: Guid(2d9720b74ca933e4da48927938fdb464) Importer(815301076,1909f56bfc062723c751e8b465ee728b)
Start importing Assets/Scripts/Weapons/WeaponData.cs using Guid(2d9720b74ca933e4da48927938fdb464) Importer(815301076,1909f56bfc062723c751e8b465ee728b) (PreviewImporter) -> (artifact id: '00000000000000000000000000000000') in 0.0008612 seconds
Import Error Code:(4)
Message: Build asset version error: assets/scripts/weapons/weapondata.cs in SourceAssetDB has modification time of '2026-10-05T11:43:46.6317961Z' while content on disk has modification time of '2026-10-05T11:44:15.557Z'
  ERROR: Build asset version error: assets/scripts/weapons/weapondata.cs in SourceAssetDB has modification time of '2026-10-05T11:43:46.6317961Z' while content on disk has modification time of '2026-10-05T11:44:15.557Z'
Number of updated asset objects reloaded before import = 0Number of asset objects unloaded after import = 0

========================================================================
Received Import Request.
  Time since last request: 0.000056 seconds.
  path: Assets/Scripts/Weapons/WeaponData.cs
  artifactKey: Guid(2d9720b74ca933e4da48927938fdb464) Importer(815301076,1909f56bfc062723c751e8b465ee728b)
Start importing Assets/Scripts/Weapons/WeaponData.cs using Guid(2d9720b74ca933e4da48927938fdb464) Importer(815301076,1909f56bfc062723c751e8b465ee728b) (PreviewImporter) -> (artifact id: '00000000000000000000000000000000') in 0.0006707 seconds
Import Error Code:(4)
Message: Build asset version error: assets/scripts/weapons/weapondata.cs in SourceAssetDB has modification time of '2026-10-05T11:43:46.6317961Z' while content on disk has modification time of '2026-10-05T11:44:15.557Z'
  ERROR: Build asset version error: assets/scripts/weapons/weapondata.cs in SourceAssetDB has modification time of '2026-10-05T11:43:46.6317961Z' while content on disk has modification time of '2026-10-05T11:44:15.557Z'
Number of updated asset objects reloaded before import = 0Number of asset objects unloaded after import = 0

========================================================================
Received Import Request.
  Time since last request: 0.000023 seconds.
  path: Assets/Scripts/Weapons/WeaponData.cs
  artifactKey: Guid(2d9720b74ca933e4da48927938fdb464) Importer(815301076,1909f56bfc062723c751e8b465ee728b)
Start importing Assets/Scripts/Weapons/WeaponData.cs using Guid(2d9720b74ca933e4da48927938fdb464) Importer(815301076,1909f56bfc062723c751e8b465ee728b) (PreviewImporter) -> (artifact id: '00000000000000000000000000000000') in 0.0014865 seconds
Import Error Code:(4)
Message: Build asset version error: assets/scripts/weapons/weapondata.cs in SourceAssetDB has modification time of '2026-10-05T11:43:46.6317961Z' while content on disk has modification time of '2026-10-05T11:44:15.557Z'
  ERROR: Build asset version error: assets/scripts/weapons/weapondata.cs in SourceAssetDB has modification time of '2026-10-05T11:43:46.6317961Z' while content on disk has modification time of '2026-10-05T11:44:15.557Z'
Number of updated asset objects reloaded before import = 0Number of asset objects unloaded after import = 0

========================================================================
Received Import Request.
  Time since last request: 0.000020 seconds.
  path: Assets/Scripts/Weapons/WeaponData.cs
  artifactKey: Guid(2d9720b74ca933e4da48927938fdb464) Importer(815301076,1909f56bfc062723c751e8b465ee728b)
Start importing Assets/Scripts/Weapons/WeaponData.cs using Guid(2d9720b74ca933e4da48927938fdb464) Importer(815301076,1909f56bfc062723c751e8b465ee728b) (PreviewImporter) -> (artifact id: '00000000000000000000000000000000') in 0.0006774 seconds
Import Error Code:(4)
Message: Build asset version error: assets/scripts/weapons/weapondata.cs in SourceAssetDB has modification time of '2026-10-05T11:43:46.6317961Z' while content on disk has modification time of '2026-10-05T11:44:15.557Z'
  ERROR: Build asset version error: assets/scripts/weapons/weapondata.cs in SourceAssetDB has modification time of '2026-10-05T11:43:46.6317961Z' while content on disk has modification time of '2026-10-05T11:44:15.557Z'
Number of updated asset objects reloaded before import = 0Number of asset objects unloaded after import = 0

========================================================================
Received Import Request.
  Time since last request: 0.000024 seconds.
  path: Assets/Scripts/Weapons/WeaponData.cs
  artifactKey: Guid(2d9720b74ca933e4da48927938fdb464) Importer(815301076,1909f56bfc062723c751e8b465ee728b)
Start importing Assets/Scripts/Weapons/WeaponData.cs using Guid(2d9720b74ca933e4da48927938fdb464) Importer(815301076,1909f56bfc062723c751e8b465ee728b) (PreviewImporter) -> (artifact id: '00000000000000000000000000000000') in 0.0007027 seconds
Import Error Code:(4)
Message: Build asset version error: assets/scripts/weapons/weapondata.cs in SourceAssetDB has modification time of '2026-10-05T11:43:46.6317961Z' while content on disk has modification time of '2026-10-05T11:44:15.557Z'
  ERROR: Build asset version error: assets/scripts/weapons/weapondata.cs in SourceAssetDB has modification time of '2026-10-05T11:43:46.6317961Z' while content on disk has modification time of '2026-10-05T11:44:15.557Z'
Number of updated asset objects reloaded before import = 0Number of asset objects unloaded after import = 0

========================================================================
Received Import Request.
  Time since last request: 0.000026 seconds.
  path: Assets/Scripts/Weapons/WeaponData.cs
  artifactKey: Guid(2d9720b74ca933e4da48927938fdb464) Importer(815301076,1909f56bfc062723c751e8b465ee728b)
Start importing Assets/Scripts/Weapons/WeaponData.cs using Guid(2d9720b74ca933e4da48927938fdb464) Importer(815301076,1909f56bfc062723c751e8b465ee728b) (PreviewImporter) -> (artifact id: '00000000000000000000000000000000') in 0.0007734 seconds
Import Error Code:(4)
Message: Build asset version error: assets/scripts/weapons/weapondata.cs in SourceAssetDB has modification time of '2026-10-05T11:43:46.6317961Z' while content on disk has modification time of '2026-10-05T11:44:15.557Z'
  ERROR: Build asset version error: assets/scripts/weapons/weapondata.cs in SourceAssetDB has modification time of '2026-10-05T11:43:46.6317961Z' while content on disk has modification time of '2026-10-05T11:44:15.557Z'
Number of updated asset objects reloaded before import = 0Number of asset objects unloaded after import = 0

========================================================================
Received Import Request.
  Time since last request: 0.000048 seconds.
  path: Assets/Scripts/Weapons/WeaponData.cs
  artifactKey: Guid(2d9720b74ca933e4da48927938fdb464) Importer(815301076,1909f56bfc062723c751e8b465ee728b)
Start importing Assets/Scripts/Weapons/WeaponData.cs using Guid(2d9720b74ca933e4da48927938fdb464) Importer(815301076,1909f56bfc062723c751e8b465ee728b) (PreviewImporter) -> (artifact id: '00000000000000000000000000000000') in 0.0007872 seconds
Import Error Code:(4)
Message: Build asset version error: assets/scripts/weapons/weapondata.cs in SourceAssetDB has modification time of '2026-10-05T11:43:46.6317961Z' while content on disk has modification time of '2026-10-05T11:44:15.557Z'
  ERROR: Build asset version error: assets/scripts/weapons/weapondata.cs in SourceAssetDB has modification time of '2026-10-05T11:43:46.6317961Z' while content on disk has modification time of '2026-10-05T11:44:15.557Z'
Number of updated asset objects reloaded before import = 0Number of asset objects unloaded after import = 0

========================================================================
Received Import Request.
  Time since last request: 0.000020 seconds.
  path: Assets/Scripts/Weapons/WeaponData.cs
  artifactKey: Guid(2d9720b74ca933e4da48927938fdb464) Importer(815301076,1909f56bfc062723c751e8b465ee728b)
Start importing Assets/Scripts/Weapons/WeaponData.cs using Guid(2d9720b74ca933e4da48927938fdb464) Importer(815301076,1909f56bfc062723c751e8b465ee728b) (PreviewImporter) -> (artifact id: '00000000000000000000000000000000') in 0.0006957 seconds
Import Error Code:(4)
Message: Build asset version error: assets/scripts/weapons/weapondata.cs in SourceAssetDB has modification time of '2026-10-05T11:43:46.6317961Z' while content on disk has modification time of '2026-10-05T11:44:15.557Z'
  ERROR: Build asset version error: assets/scripts/weapons/weapondata.cs in SourceAssetDB has modification time of '2026-10-05T11:43:46.6317961Z' while content on disk has modification time of '2026-10-05T11:44:15.557Z'
Number of updated asset objects reloaded before import = 0Number of asset objects unloaded after import = 0

========================================================================
Received Import Request.
  Time since last request: 0.000026 seconds.
  path: Assets/Scripts/Weapons/WeaponData.cs
  artifactKey: Guid(2d9720b74ca933e4da48927938fdb464) Importer(815301076,1909f56bfc062723c751e8b465ee728b)
Start importing Assets/Scripts/Weapons/WeaponData.cs using Guid(2d9720b74ca933e4da48927938fdb464) Importer(815301076,1909f56bfc062723c751e8b465ee728b) (PreviewImporter) -> (artifact id: '00000000000000000000000000000000') in 0.0006828 seconds
Import Error Code:(4)
Message: Build asset version error: assets/scripts/weapons/weapondata.cs in SourceAssetDB has modification time of '2026-10-05T11:43:46.6317961Z' while content on disk has modification time of '2026-10-05T11:44:15.557Z'
  ERROR: Build asset version error: assets/scripts/weapons/weapondata.cs in SourceAssetDB has modification time of '2026-10-05T11:43:46.6317961Z' while content on disk has modification time of '2026-10-05T11:44:15.557Z'
Number of updated asset objects reloaded before import = 0Number of asset objects unloaded after import = 0

========================================================================
Received Import Request.
  Time since last request: 0.000018 seconds.
  path: Assets/Scripts/Weapons/WeaponData.cs
  artifactKey: Guid(2d9720b74ca933e4da48927938fdb464) Importer(815301076,1909f56bfc062723c751e8b465ee728b)
Start importing Assets/Scripts/Weapons/WeaponData.cs using Guid(2d9720b74ca933e4da48927938fdb464) Importer(815301076,1909f56bfc062723c751e8b465ee728b) (PreviewImporter) -> (artifact id: '00000000000000000000000000000000') in 0.0005879 seconds
Import Error Code:(4)
Message: Build asset version error: assets/scripts/weapons/weapondata.cs in SourceAssetDB has modification time of '2026-10-05T11:43:46.6317961Z' while content on disk has modification time of '2026-10-05T11:44:15.557Z'
  ERROR: Build asset version error: assets/scripts/weapons/weapondata.cs in SourceAssetDB has modification time of '2026-10-05T11:43:46.6317961Z' while content on disk has modification time of '2026-10-05T11:44:15.557Z'
Number of updated asset objects reloaded before import = 0Number of asset objects unloaded after import = 0

========================================================================
Received Import Request.
  Time since last request: 0.000031 seconds.
  path: Assets/Scripts/Weapons/WeaponData.cs
  artifactKey: Guid(2d9720b74ca933e4da48927938fdb464) Importer(815301076,1909f56bfc062723c751e8b465ee728b)
Start importing Assets/Scripts/Weapons/WeaponData.cs using Guid(2d9720b74ca933e4da48927938fdb464) Importer(815301076,1909f56bfc062723c751e8b465ee728b) (PreviewImporter) -> (artifact id: '00000000000000000000000000000000') in 0.0009986 seconds
Import Error Code:(4)
Message: Build asset version error: assets/scripts/weapons/weapondata.cs in SourceAssetDB has modification time of '2026-10-05T11:43:46.6317961Z' while content on disk has modification time of '2026-10-05T11:44:15.557Z'
  ERROR: Build asset version error: assets/scripts/weapons/weapondata.cs in SourceAssetDB has modification time of '2026-10-05T11:43:46.6317961Z' while content on disk has modification time of '2026-10-05T11:44:15.557Z'
Number of updated asset objects reloaded before import = 0Number of asset objects unloaded after import = 0

========================================================================
Received Import Request.
  Time since last request: 0.000078 seconds.
  path: Assets/Scripts/Weapons/WeaponData.cs
  artifactKey: Guid(2d9720b74ca933e4da48927938fdb464) Importer(815301076,1909f56bfc062723c751e8b465ee728b)
Start importing Assets/Scripts/Weapons/WeaponData.cs using Guid(2d9720b74ca933e4da48927938fdb464) Importer(815301076,1909f56bfc062723c751e8b465ee728b) (PreviewImporter) -> (artifact id: '00000000000000000000000000000000') in 0.0007052 seconds
Import Error Code:(4)
Message: Build asset version error: assets/scripts/weapons/weapondata.cs in SourceAssetDB has modification time of '2026-10-05T11:43:46.6317961Z' while content on disk has modification time of '2026-10-05T11:44:15.557Z'
  ERROR: Build asset version error: assets/scripts/weapons/weapondata.cs in SourceAssetDB has modification time of '2026-10-05T11:43:46.6317961Z' while content on disk has modification time of '2026-10-05T11:44:15.557Z'
Number of updated asset objects reloaded before import = 0Number of asset objects unloaded after import = 0

========================================================================
Received Import Request.
  Time since last request: 0.000020 seconds.
  path: Assets/Scripts/Weapons/WeaponData.cs
  artifactKey: Guid(2d9720b74ca933e4da48927938fdb464) Importer(815301076,1909f56bfc062723c751e8b465ee728b)
Start importing Assets/Scripts/Weapons/WeaponData.cs using Guid(2d9720b74ca933e4da48927938fdb464) Importer(815301076,1909f56bfc062723c751e8b465ee728b) (PreviewImporter) -> (artifact id: '00000000000000000000000000000000') in 0.0017028 seconds
Import Error Code:(4)
Message: Build asset version error: assets/scripts/weapons/weapondata.cs in SourceAssetDB has modification time of '2026-10-05T11:43:46.6317961Z' while content on disk has modification time of '2026-10-05T11:44:15.557Z'
  ERROR: Build asset version error: assets/scripts/weapons/weapondata.cs in SourceAssetDB has modification time of '2026-10-05T11:43:46.6317961Z' while content on disk has modification time of '2026-10-05T11:44:15.557Z'
Number of updated asset objects reloaded before import = 0Number of asset objects unloaded after import = 0

========================================================================
Received Import Request.
  Time since last request: 0.000650 seconds.
  path: Assets/Scripts/Weapons/WeaponData.cs
  artifactKey: Guid(2d9720b74ca933e4da48927938fdb464) Importer(815301076,1909f56bfc062723c751e8b465ee728b)
Start importing Assets/Scripts/Weapons/WeaponData.cs using Guid(2d9720b74ca933e4da48927938fdb464) Importer(815301076,1909f56bfc062723c751e8b465ee728b) (PreviewImporter) -> (artifact id: '00000000000000000000000000000000') in 0.0006793 seconds
Import Error Code:(4)
Message: Build asset version error: assets/scripts/weapons/weapondata.cs in SourceAssetDB has modification time of '2026-10-05T11:43:46.6317961Z' while content on disk has modification time of '2026-10-05T11:44:15.557Z'
  ERROR: Build asset version error: assets/scripts/weapons/weapondata.cs in SourceAssetDB has modification time of '2026-10-05T11:43:46.6317961Z' while content on disk has modification time of '2026-10-05T11:44:15.557Z'
Number of updated asset objects reloaded before import = 0Number of asset objects unloaded after import = 0

========================================================================
Received Import Request.
  Time since last request: 0.000029 seconds.
  path: Assets/Scripts/Weapons/WeaponData.cs
  artifactKey: Guid(2d9720b74ca933e4da48927938fdb464) Importer(815301076,1909f56bfc062723c751e8b465ee728b)
Start importing Assets/Scripts/Weapons/WeaponData.cs using Guid(2d9720b74ca933e4da48927938fdb464) Importer(815301076,1909f56bfc062723c751e8b465ee728b) (PreviewImporter) -> (artifact id: '00000000000000000000000000000000') in 0.0011936 seconds
Import Error Code:(4)
Message: Build asset version error: assets/scripts/weapons/weapondata.cs in SourceAssetDB has modification time of '2026-10-05T11:43:46.6317961Z' while content on disk has modification time of '2026-10-05T11:44:15.557Z'
  ERROR: Build asset version error: assets/scripts/weapons/weapondata.cs in SourceAssetDB has modification time of '2026-10-05T11:43:46.6317961Z' while content on disk has modification time of '2026-10-05T11:44:15.557Z'
Number of updated asset objects reloaded before import = 0Number of asset objects unloaded after import = 0

========================================================================
Received Import Request.
  Time since last request: 0.000037 seconds.
  path: Assets/Scripts/Weapons/WeaponData.cs
  artifactKey: Guid(2d9720b74ca933e4da48927938fdb464) Importer(815301076,1909f56bfc062723c751e8b465ee728b)
Start importing Assets/Scripts/Weapons/WeaponData.cs using Guid(2d9720b74ca933e4da48927938fdb464) Importer(815301076,1909f56bfc062723c751e8b465ee728b) (PreviewImporter) -> (artifact id: '00000000000000000000000000000000') in 0.0010966 seconds
Import Error Code:(4)
Message: Build asset version error: assets/scripts/weapons/weapondata.cs in SourceAssetDB has modification time of '2026-10-05T11:43:46.6317961Z' while content on disk has modification time of '2026-10-05T11:44:15.557Z'
  ERROR: Build asset version error: assets/scripts/weapons/weapondata.cs in SourceAssetDB has modification time of '2026-10-05T11:43:46.6317961Z' while content on disk has modification time of '2026-10-05T11:44:15.557Z'
Number of updated asset objects reloaded before import = 0Number of asset objects unloaded after import = 0

========================================================================
Received Import Request.
  Time since last request: 0.000023 seconds.
  path: Assets/Scripts/Weapons/WeaponData.cs
  artifactKey: Guid(2d9720b74ca933e4da48927938fdb464) Importer(815301076,1909f56bfc062723c751e8b465ee728b)
Start importing Assets/Scripts/Weapons/WeaponData.cs using Guid(2d9720b74ca933e4da48927938fdb464) Importer(815301076,1909f56bfc062723c751e8b465ee728b) (PreviewImporter) -> (artifact id: '00000000000000000000000000000000') in 0.000629 seconds
Import Error Code:(4)
Message: Build asset version error: assets/scripts/weapons/weapondata.cs in SourceAssetDB has modification time of '2026-10-05T11:43:46.6317961Z' while content on disk has modification time of '2026-10-05T11:44:15.557Z'
  ERROR: Build asset version error: assets/scripts/weapons/weapondata.cs in SourceAssetDB has modification time of '2026-10-05T11:43:46.6317961Z' while content on disk has modification time of '2026-10-05T11:44:15.557Z'
Number of updated asset objects reloaded before import = 0Number of asset objects unloaded after import = 0

========================================================================
Received Import Request.
  Time since last request: 0.000035 seconds.
  path: Assets/Scripts/Weapons/WeaponData.cs
  artifactKey: Guid(2d9720b74ca933e4da48927938fdb464) Importer(815301076,1909f56bfc062723c751e8b465ee728b)
Start importing Assets/Scripts/Weapons/WeaponData.cs using Guid(2d9720b74ca933e4da48927938fdb464) Importer(815301076,1909f56bfc062723c751e8b465ee728b) (PreviewImporter) -> (artifact id: '00000000000000000000000000000000') in 0.0040728 seconds
Import Error Code:(4)
Message: Build asset version error: assets/scripts/weapons/weapondata.cs in SourceAssetDB has modification time of '2026-10-05T11:43:46.6317961Z' while content on disk has modification time of '2026-10-05T11:44:15.557Z'
  ERROR: Build asset version error: assets/scripts/weapons/weapondata.cs in SourceAssetDB has modification time of '2026-10-05T11:43:46.6317961Z' while content on disk has modification time of '2026-10-05T11:44:15.557Z'
Number of updated asset objects reloaded before import = 0Number of asset objects unloaded after import = 0

========================================================================
Received Import Request.
  Time since last request: 0.000038 seconds.
  path: Assets/Scripts/Weapons/WeaponData.cs
  artifactKey: Guid(2d9720b74ca933e4da48927938fdb464) Importer(815301076,1909f56bfc062723c751e8b465ee728b)
Start importing Assets/Scripts/Weapons/WeaponData.cs using Guid(2d9720b74ca933e4da48927938fdb464) Importer(815301076,1909f56bfc062723c751e8b465ee728b) (PreviewImporter) -> (artifact id: '00000000000000000000000000000000') in 0.0019584 seconds
Import Error Code:(4)
Message: Build asset version error: assets/scripts/weapons/weapondata.cs in SourceAssetDB has modification time of '2026-10-05T11:43:46.6317961Z' while content on disk has modification time of '2026-10-05T11:44:15.557Z'
  ERROR: Build asset version error: assets/scripts/weapons/weapondata.cs in SourceAssetDB has modification time of '2026-10-05T11:43:46.6317961Z' while content on disk has modification time of '2026-10-05T11:44:15.557Z'
Number of updated asset objects reloaded before import = 0Number of asset objects unloaded after import = 0

========================================================================
Received Import Request.
  Time since last request: 0.000054 seconds.
  path: Assets/Scripts/Weapons/WeaponData.cs
  artifactKey: Guid(2d9720b74ca933e4da48927938fdb464) Importer(815301076,1909f56bfc062723c751e8b465ee728b)
Start importing Assets/Scripts/Weapons/WeaponData.cs using Guid(2d9720b74ca933e4da48927938fdb464) Importer(815301076,1909f56bfc062723c751e8b465ee728b) (PreviewImporter) -> (artifact id: '00000000000000000000000000000000') in 0.0006064 seconds
Import Error Code:(4)
Message: Build asset version error: assets/scripts/weapons/weapondata.cs in SourceAssetDB has modification time of '2026-10-05T11:43:46.6317961Z' while content on disk has modification time of '2026-10-05T11:44:15.557Z'
  ERROR: Build asset version error: assets/scripts/weapons/weapondata.cs in SourceAssetDB has modification time of '2026-10-05T11:43:46.6317961Z' while content on disk has modification time of '2026-10-05T11:44:15.557Z'
Number of updated asset objects reloaded before import = 0Number of asset objects unloaded after import = 0

========================================================================
Received Import Request.
  Time since last request: 0.000018 seconds.
  path: Assets/Scripts/Weapons/WeaponData.cs
  artifactKey: Guid(2d9720b74ca933e4da48927938fdb464) Importer(815301076,1909f56bfc062723c751e8b465ee728b)
Start importing Assets/Scripts/Weapons/WeaponData.cs using Guid(2d9720b74ca933e4da48927938fdb464) Importer(815301076,1909f56bfc062723c751e8b465ee728b) (PreviewImporter) -> (artifact id: '00000000000000000000000000000000') in 0.0010111 seconds
Import Error Code:(4)
Message: Build asset version error: assets/scripts/weapons/weapondata.cs in SourceAssetDB has modification time of '2026-10-05T11:43:46.6317961Z' while content on disk has modification time of '2026-10-05T11:44:15.557Z'
  ERROR: Build asset version error: assets/scripts/weapons/weapondata.cs in SourceAssetDB has modification time of '2026-10-05T11:43:46.6317961Z' while content on disk has modification time of '2026-10-05T11:44:15.557Z'
Number of updated asset objects reloaded before import = 0Number of asset objects unloaded after import = 0

========================================================================
Received Import Request.
  Time since last request: 0.000027 seconds.
  path: Assets/Scripts/Weapons/WeaponData.cs
  artifactKey: Guid(2d9720b74ca933e4da48927938fdb464) Importer(815301076,1909f56bfc062723c751e8b465ee728b)
Start importing Assets/Scripts/Weapons/WeaponData.cs using Guid(2d9720b74ca933e4da48927938fdb464) Importer(815301076,1909f56bfc062723c751e8b465ee728b) (PreviewImporter) -> (artifact id: '00000000000000000000000000000000') in 0.0006053 seconds
Import Error Code:(4)
Message: Build asset version error: assets/scripts/weapons/weapondata.cs in SourceAssetDB has modification time of '2026-10-05T11:43:46.6317961Z' while content on disk has modification time of '2026-10-05T11:44:15.557Z'
  ERROR: Build asset version error: assets/scripts/weapons/weapondata.cs in SourceAssetDB has modification time of '2026-10-05T11:43:46.6317961Z' while content on disk has modification time of '2026-10-05T11:44:15.557Z'
Number of updated asset objects reloaded before import = 0Number of asset objects unloaded after import = 0

========================================================================
Received Import Request.
  Time since last request: 0.000036 seconds.
  path: Assets/Scripts/Weapons/WeaponData.cs
  artifactKey: Guid(2d9720b74ca933e4da48927938fdb464) Importer(815301076,1909f56bfc062723c751e8b465ee728b)
Start importing Assets/Scripts/Weapons/WeaponData.cs using Guid(2d9720b74ca933e4da48927938fdb464) Importer(815301076,1909f56bfc062723c751e8b465ee728b) (PreviewImporter) -> (artifact id: '00000000000000000000000000000000') in 0.0009379 seconds
Import Error Code:(4)
Message: Build asset version error: assets/scripts/weapons/weapondata.cs in SourceAssetDB has modification time of '2026-10-05T11:43:46.6317961Z' while content on disk has modification time of '2026-10-05T11:44:15.557Z'
  ERROR: Build asset version error: assets/scripts/weapons/weapondata.cs in SourceAssetDB has modification time of '2026-10-05T11:43:46.6317961Z' while content on disk has modification time of '2026-10-05T11:44:15.557Z'
Number of updated asset objects reloaded before import = 0Number of asset objects unloaded after import = 0

========================================================================
Received Import Request.
  Time since last request: 0.000021 seconds.
  path: Assets/Scripts/Weapons/WeaponData.cs
  artifactKey: Guid(2d9720b74ca933e4da48927938fdb464) Importer(815301076,1909f56bfc062723c751e8b465ee728b)
Start importing Assets/Scripts/Weapons/WeaponData.cs using Guid(2d9720b74ca933e4da48927938fdb464) Importer(815301076,1909f56bfc062723c751e8b465ee728b) (PreviewImporter) -> (artifact id: '00000000000000000000000000000000') in 0.0010406 seconds
Import Error Code:(4)
Message: Build asset version error: assets/scripts/weapons/weapondata.cs in SourceAssetDB has modification time of '2026-10-05T11:43:46.6317961Z' while content on disk has modification time of '2026-10-05T11:44:15.557Z'
  ERROR: Build asset version error: assets/scripts/weapons/weapondata.cs in SourceAssetDB has modification time of '2026-10-05T11:43:46.6317961Z' while content on disk has modification time of '2026-10-05T11:44:15.557Z'
Number of updated asset objects reloaded before import = 0Number of asset objects unloaded after import = 0

========================================================================
Received Import Request.
  Time since last request: 0.000030 seconds.
  path: Assets/Scripts/Weapons/WeaponData.cs
  artifactKey: Guid(2d9720b74ca933e4da48927938fdb464) Importer(815301076,1909f56bfc062723c751e8b465ee728b)
Start importing Assets/Scripts/Weapons/WeaponData.cs using Guid(2d9720b74ca933e4da48927938fdb464) Importer(815301076,1909f56bfc062723c751e8b465ee728b) (PreviewImporter) -> (artifact id: '00000000000000000000000000000000') in 0.000943 seconds
Import Error Code:(4)
Message: Build asset version error: assets/scripts/weapons/weapondata.cs in SourceAssetDB has modification time of '2026-10-05T11:43:46.6317961Z' while content on disk has modification time of '2026-10-05T11:44:15.557Z'
  ERROR: Build asset version error: assets/scripts/weapons/weapondata.cs in SourceAssetDB has modification time of '2026-10-05T11:43:46.6317961Z' while content on disk has modification time of '2026-10-05T11:44:15.557Z'
Number of updated asset objects reloaded before import = 0Number of asset objects unloaded after import = 0

========================================================================
Received Import Request.
  Time since last request: 0.000018 seconds.
  path: Assets/Scripts/Weapons/WeaponData.cs
  artifactKey: Guid(2d9720b74ca933e4da48927938fdb464) Importer(815301076,1909f56bfc062723c751e8b465ee728b)
Start importing Assets/Scripts/Weapons/WeaponData.cs using Guid(2d9720b74ca933e4da48927938fdb464) Importer(815301076,1909f56bfc062723c751e8b465ee728b) (PreviewImporter) -> (artifact id: '00000000000000000000000000000000') in 0.0006614 seconds
Import Error Code:(4)
Message: Build asset version error: assets/scripts/weapons/weapondata.cs in SourceAssetDB has modification time of '2026-10-05T11:43:46.6317961Z' while content on disk has modification time of '2026-10-05T11:44:15.557Z'
  ERROR: Build asset version error: assets/scripts/weapons/weapondata.cs in SourceAssetDB has modification time of '2026-10-05T11:43:46.6317961Z' while content on disk has modification time of '2026-10-05T11:44:15.557Z'
Number of updated asset objects reloaded before import = 0Number of asset objects unloaded after import = 0

========================================================================
Received Import Request.
  Time since last request: 0.000021 seconds.
  path: Assets/Scripts/Weapons/WeaponData.cs
  artifactKey: Guid(2d9720b74ca933e4da48927938fdb464) Importer(815301076,1909f56bfc062723c751e8b465ee728b)
Start importing Assets/Scripts/Weapons/WeaponData.cs using Guid(2d9720b74ca933e4da48927938fdb464) Importer(815301076,1909f56bfc062723c751e8b465ee728b) (PreviewImporter) -> (artifact id: '00000000000000000000000000000000') in 0.001008 seconds
Import Error Code:(4)
Message: Build asset version error: assets/scripts/weapons/weapondata.cs in SourceAssetDB has modification time of '2026-10-05T11:43:46.6317961Z' while content on disk has modification time of '2026-10-05T11:44:15.557Z'
  ERROR: Build asset version error: assets/scripts/weapons/weapondata.cs in SourceAssetDB has modification time of '2026-10-05T11:43:46.6317961Z' while content on disk has modification time of '2026-10-05T11:44:15.557Z'
Number of updated asset objects reloaded before import = 0Number of asset objects unloaded after import = 0

========================================================================
Received Import Request.
  Time since last request: 0.000028 seconds.
  path: Assets/Scripts/Weapons/WeaponData.cs
  artifactKey: Guid(2d9720b74ca933e4da48927938fdb464) Importer(815301076,1909f56bfc062723c751e8b465ee728b)
Start importing Assets/Scripts/Weapons/WeaponData.cs using Guid(2d9720b74ca933e4da48927938fdb464) Importer(815301076,1909f56bfc062723c751e8b465ee728b) (PreviewImporter) -> (artifact id: '00000000000000000000000000000000') in 0.0007879 seconds
Import Error Code:(4)
Message: Build asset version error: assets/scripts/weapons/weapondata.cs in SourceAssetDB has modification time of '2026-10-05T11:43:46.6317961Z' while content on disk has modification time of '2026-10-05T11:44:15.557Z'
  ERROR: Build asset version error: assets/scripts/weapons/weapondata.cs in SourceAssetDB has modification time of '2026-10-05T11:43:46.6317961Z' while content on disk has modification time of '2026-10-05T11:44:15.557Z'
Number of updated asset objects reloaded before import = 0Number of asset objects unloaded after import = 0

========================================================================
Received Import Request.
  Time since last request: 0.000017 seconds.
  path: Assets/Scripts/Weapons/WeaponData.cs
  artifactKey: Guid(2d9720b74ca933e4da48927938fdb464) Importer(815301076,1909f56bfc062723c751e8b465ee728b)
Start importing Assets/Scripts/Weapons/WeaponData.cs using Guid(2d9720b74ca933e4da48927938fdb464) Importer(815301076,1909f56bfc062723c751e8b465ee728b) (PreviewImporter) -> (artifact id: '00000000000000000000000000000000') in 0.000564 seconds
Import Error Code:(4)
Message: Build asset version error: assets/scripts/weapons/weapondata.cs in SourceAssetDB has modification time of '2026-10-05T11:43:46.6317961Z' while content on disk has modification time of '2026-10-05T11:44:15.557Z'
  ERROR: Build asset version error: assets/scripts/weapons/weapondata.cs in SourceAssetDB has modification time of '2026-10-05T11:43:46.6317961Z' while content on disk has modification time of '2026-10-05T11:44:15.557Z'
Number of updated asset objects reloaded before import = 0Number of asset objects unloaded after import = 0

========================================================================
Received Import Request.
  Time since last request: 0.000094 seconds.
  path: Assets/Scripts/Weapons/WeaponData.cs
  artifactKey: Guid(2d9720b74ca933e4da48927938fdb464) Importer(815301076,1909f56bfc062723c751e8b465ee728b)
Start importing Assets/Scripts/Weapons/WeaponData.cs using Guid(2d9720b74ca933e4da48927938fdb464) Importer(815301076,1909f56bfc062723c751e8b465ee728b) (PreviewImporter) -> (artifact id: '00000000000000000000000000000000') in 0.0014919 seconds
Import Error Code:(4)
Message: Build asset version error: assets/scripts/weapons/weapondata.cs in SourceAssetDB has modification time of '2026-10-05T11:43:46.6317961Z' while content on disk has modification time of '2026-10-05T11:44:15.557Z'
  ERROR: Build asset version error: assets/scripts/weapons/weapondata.cs in SourceAssetDB has modification time of '2026-10-05T11:43:46.6317961Z' while content on disk has modification time of '2026-10-05T11:44:15.557Z'
Number of updated asset objects reloaded before import = 0Number of asset objects unloaded after import = 0

========================================================================
Received Import Request.
  Time since last request: 0.000029 seconds.
  path: Assets/Scripts/Weapons/WeaponData.cs
  artifactKey: Guid(2d9720b74ca933e4da48927938fdb464) Importer(815301076,1909f56bfc062723c751e8b465ee728b)
Start importing Assets/Scripts/Weapons/WeaponData.cs using Guid(2d9720b74ca933e4da48927938fdb464) Importer(815301076,1909f56bfc062723c751e8b465ee728b) (PreviewImporter) -> (artifact id: '00000000000000000000000000000000') in 0.0009811 seconds
Import Error Code:(4)
Message: Build asset version error: assets/scripts/weapons/weapondata.cs in SourceAssetDB has modification time of '2026-10-05T11:43:46.6317961Z' while content on disk has modification time of '2026-10-05T11:44:15.557Z'
  ERROR: Build asset version error: assets/scripts/weapons/weapondata.cs in SourceAssetDB has modification time of '2026-10-05T11:43:46.6317961Z' while content on disk has modification time of '2026-10-05T11:44:15.557Z'
Number of updated asset objects reloaded before import = 0Number of asset objects unloaded after import = 0

========================================================================
Received Import Request.
  Time since last request: 0.000019 seconds.
  path: Assets/Scripts/Weapons/WeaponData.cs
  artifactKey: Guid(2d9720b74ca933e4da48927938fdb464) Importer(815301076,1909f56bfc062723c751e8b465ee728b)
Start importing Assets/Scripts/Weapons/WeaponData.cs using Guid(2d9720b74ca933e4da48927938fdb464) Importer(815301076,1909f56bfc062723c751e8b465ee728b) (PreviewImporter) -> (artifact id: '00000000000000000000000000000000') in 0.0006506 seconds
Import Error Code:(4)
Message: Build asset version error: assets/scripts/weapons/weapondata.cs in SourceAssetDB has modification time of '2026-10-05T11:43:46.6317961Z' while content on disk has modification time of '2026-10-05T11:44:15.557Z'
  ERROR: Build asset version error: assets/scripts/weapons/weapondata.cs in SourceAssetDB has modification time of '2026-10-05T11:43:46.6317961Z' while content on disk has modification time of '2026-10-05T11:44:15.557Z'
Number of updated asset objects reloaded before import = 0Number of asset objects unloaded after import = 0

========================================================================
Received Import Request.
  Time since last request: 0.000052 seconds.
  path: Assets/Scripts/Weapons/WeaponData.cs
  artifactKey: Guid(2d9720b74ca933e4da48927938fdb464) Importer(815301076,1909f56bfc062723c751e8b465ee728b)
Start importing Assets/Scripts/Weapons/WeaponData.cs using Guid(2d9720b74ca933e4da48927938fdb464) Importer(815301076,1909f56bfc062723c751e8b465ee728b) (PreviewImporter) -> (artifact id: '00000000000000000000000000000000') in 0.0005155 seconds
Import Error Code:(4)
Message: Build asset version error: assets/scripts/weapons/weapondata.cs in SourceAssetDB has modification time of '2026-10-05T11:43:46.6317961Z' while content on disk has modification time of '2026-10-05T11:44:15.557Z'
  ERROR: Build asset version error: assets/scripts/weapons/weapondata.cs in SourceAssetDB has modification time of '2026-10-05T11:43:46.6317961Z' while content on disk has modification time of '2026-10-05T11:44:15.557Z'
Number of updated asset objects reloaded before import = 0Number of asset objects unloaded after import = 0

========================================================================
Received Import Request.
  Time since last request: 0.000032 seconds.
  path: Assets/Scripts/Weapons/WeaponData.cs
  artifactKey: Guid(2d9720b74ca933e4da48927938fdb464) Importer(815301076,1909f56bfc062723c751e8b465ee728b)
Start importing Assets/Scripts/Weapons/WeaponData.cs using Guid(2d9720b74ca933e4da48927938fdb464) Importer(815301076,1909f56bfc062723c751e8b465ee728b) (PreviewImporter) -> (artifact id: '00000000000000000000000000000000') in 0.000676 seconds
Import Error Code:(4)
Message: Build asset version error: assets/scripts/weapons/weapondata.cs in SourceAssetDB has modification time of '2026-10-05T11:43:46.6317961Z' while content on disk has modification time of '2026-10-05T11:44:15.557Z'
  ERROR: Build asset version error: assets/scripts/weapons/weapondata.cs in SourceAssetDB has modification time of '2026-10-05T11:43:46.6317961Z' while content on disk has modification time of '2026-10-05T11:44:15.557Z'
Number of updated asset objects reloaded before import = 0Number of asset objects unloaded after import = 0

========================================================================
Received Import Request.
  Time since last request: 0.000088 seconds.
  path: Assets/Scripts/Weapons/WeaponData.cs
  artifactKey: Guid(2d9720b74ca933e4da48927938fdb464) Importer(815301076,1909f56bfc062723c751e8b465ee728b)
Start importing Assets/Scripts/Weapons/WeaponData.cs using Guid(2d9720b74ca933e4da48927938fdb464) Importer(815301076,1909f56bfc062723c751e8b465ee728b) (PreviewImporter) -> (artifact id: '00000000000000000000000000000000') in 0.00069 seconds
Import Error Code:(4)
Message: Build asset version error: assets/scripts/weapons/weapondata.cs in SourceAssetDB has modification time of '2026-10-05T11:43:46.6317961Z' while content on disk has modification time of '2026-10-05T11:44:15.557Z'
  ERROR: Build asset version error: assets/scripts/weapons/weapondata.cs in SourceAssetDB has modification time of '2026-10-05T11:43:46.6317961Z' while content on disk has modification time of '2026-10-05T11:44:15.557Z'
Number of updated asset objects reloaded before import = 0Number of asset objects unloaded after import = 0

========================================================================
Received Import Request.
  Time since last request: 0.000047 seconds.
  path: Assets/Scripts/Weapons/WeaponData.cs
  artifactKey: Guid(2d9720b74ca933e4da48927938fdb464) Importer(815301076,1909f56bfc062723c751e8b465ee728b)
Start importing Assets/Scripts/Weapons/WeaponData.cs using Guid(2d9720b74ca933e4da48927938fdb464) Importer(815301076,1909f56bfc062723c751e8b465ee728b) (PreviewImporter) -> (artifact id: '00000000000000000000000000000000') in 0.0009045 seconds
Import Error Code:(4)
Message: Build asset version error: assets/scripts/weapons/weapondata.cs in SourceAssetDB has modification time of '2026-10-05T11:43:46.6317961Z' while content on disk has modification time of '2026-10-05T11:44:15.557Z'
  ERROR: Build asset version error: assets/scripts/weapons/weapondata.cs in SourceAssetDB has modification time of '2026-10-05T11:43:46.6317961Z' while content on disk has modification time of '2026-10-05T11:44:15.557Z'
Number of updated asset objects reloaded before import = 0Number of asset objects unloaded after import = 0

========================================================================
Received Import Request.
  Time since last request: 0.000022 seconds.
  path: Assets/Scripts/Weapons/WeaponData.cs
  artifactKey: Guid(2d9720b74ca933e4da48927938fdb464) Importer(815301076,1909f56bfc062723c751e8b465ee728b)
Start importing Assets/Scripts/Weapons/WeaponData.cs using Guid(2d9720b74ca933e4da48927938fdb464) Importer(815301076,1909f56bfc062723c751e8b465ee728b) (PreviewImporter) -> (artifact id: '00000000000000000000000000000000') in 0.0007865 seconds
Import Error Code:(4)
Message: Build asset version error: assets/scripts/weapons/weapondata.cs in SourceAssetDB has modification time of '2026-10-05T11:43:46.6317961Z' while content on disk has modification time of '2026-10-05T11:44:15.557Z'
  ERROR: Build asset version error: assets/scripts/weapons/weapondata.cs in SourceAssetDB has modification time of '2026-10-05T11:43:46.6317961Z' while content on disk has modification time of '2026-10-05T11:44:15.557Z'
Number of updated asset objects reloaded before import = 0Number of asset objects unloaded after import = 0

========================================================================
Received Import Request.
  Time since last request: 0.000047 seconds.
  path: Assets/Scripts/Weapons/WeaponData.cs
  artifactKey: Guid(2d9720b74ca933e4da48927938fdb464) Importer(815301076,1909f56bfc062723c751e8b465ee728b)
Start importing Assets/Scripts/Weapons/WeaponData.cs using Guid(2d9720b74ca933e4da48927938fdb464) Importer(815301076,1909f56bfc062723c751e8b465ee728b) (PreviewImporter) -> (artifact id: '00000000000000000000000000000000') in 0.0008823 seconds
Import Error Code:(4)
Message: Build asset version error: assets/scripts/weapons/weapondata.cs in SourceAssetDB has modification time of '2026-10-05T11:43:46.6317961Z' while content on disk has modification time of '2026-10-05T11:44:15.557Z'
  ERROR: Build asset version error: assets/scripts/weapons/weapondata.cs in SourceAssetDB has modification time of '2026-10-05T11:43:46.6317961Z' while content on disk has modification time of '2026-10-05T11:44:15.557Z'
Number of updated asset objects reloaded before import = 0Number of asset objects unloaded after import = 0

========================================================================
Received Import Request.
  Time since last request: 0.000021 seconds.
  path: Assets/Scripts/Weapons/WeaponData.cs
  artifactKey: Guid(2d9720b74ca933e4da48927938fdb464) Importer(815301076,1909f56bfc062723c751e8b465ee728b)
Start importing Assets/Scripts/Weapons/WeaponData.cs using Guid(2d9720b74ca933e4da48927938fdb464) Importer(815301076,1909f56bfc062723c751e8b465ee728b) (PreviewImporter) -> (artifact id: '00000000000000000000000000000000') in 0.0007046 seconds
Import Error Code:(4)
Message: Build asset version error: assets/scripts/weapons/weapondata.cs in SourceAssetDB has modification time of '2026-10-05T11:43:46.6317961Z' while content on disk has modification time of '2026-10-05T11:44:15.557Z'
  ERROR: Build asset version error: assets/scripts/weapons/weapondata.cs in SourceAssetDB has modification time of '2026-10-05T11:43:46.6317961Z' while content on disk has modification time of '2026-10-05T11:44:15.557Z'
Number of updated asset objects reloaded before import = 0Number of asset objects unloaded after import = 0

========================================================================
Received Import Request.
  Time since last request: 0.000026 seconds.
  path: Assets/Scripts/Weapons/WeaponData.cs
  artifactKey: Guid(2d9720b74ca933e4da48927938fdb464) Importer(815301076,1909f56bfc062723c751e8b465ee728b)
Start importing Assets/Scripts/Weapons/WeaponData.cs using Guid(2d9720b74ca933e4da48927938fdb464) Importer(815301076,1909f56bfc062723c751e8b465ee728b) (PreviewImporter) -> (artifact id: '00000000000000000000000000000000') in 0.000715 seconds
Import Error Code:(4)
Message: Build asset version error: assets/scripts/weapons/weapondata.cs in SourceAssetDB has modification time of '2026-10-05T11:43:46.6317961Z' while content on disk has modification time of '2026-10-05T11:44:15.557Z'
  ERROR: Build asset version error: assets/scripts/weapons/weapondata.cs in SourceAssetDB has modification time of '2026-10-05T11:43:46.6317961Z' while content on disk has modification time of '2026-10-05T11:44:15.557Z'
Number of updated asset objects reloaded before import = 0Number of asset objects unloaded after import = 0

========================================================================
Received Import Request.
  Time since last request: 0.000026 seconds.
  path: Assets/Scripts/Weapons/WeaponData.cs
  artifactKey: Guid(2d9720b74ca933e4da48927938fdb464) Importer(815301076,1909f56bfc062723c751e8b465ee728b)
Start importing Assets/Scripts/Weapons/WeaponData.cs using Guid(2d9720b74ca933e4da48927938fdb464) Importer(815301076,1909f56bfc062723c751e8b465ee728b) (PreviewImporter) -> (artifact id: '00000000000000000000000000000000') in 0.0006264 seconds
Import Error Code:(4)
Message: Build asset version error: assets/scripts/weapons/weapondata.cs in SourceAssetDB has modification time of '2026-10-05T11:43:46.6317961Z' while content on disk has modification time of '2026-10-05T11:44:15.557Z'
  ERROR: Build asset version error: assets/scripts/weapons/weapondata.cs in SourceAssetDB has modification time of '2026-10-05T11:43:46.6317961Z' while content on disk has modification time of '2026-10-05T11:44:15.557Z'
Number of updated asset objects reloaded before import = 0Number of asset objects unloaded after import = 0

========================================================================
Received Import Request.
  Time since last request: 0.000040 seconds.
  path: Assets/Scripts/Weapons/WeaponData.cs
  artifactKey: Guid(2d9720b74ca933e4da48927938fdb464) Importer(815301076,1909f56bfc062723c751e8b465ee728b)
Start importing Assets/Scripts/Weapons/WeaponData.cs using Guid(2d9720b74ca933e4da48927938fdb464) Importer(815301076,1909f56bfc062723c751e8b465ee728b) (PreviewImporter) -> (artifact id: '00000000000000000000000000000000') in 0.0006476 seconds
Import Error Code:(4)
Message: Build asset version error: assets/scripts/weapons/weapondata.cs in SourceAssetDB has modification time of '2026-10-05T11:43:46.6317961Z' while content on disk has modification time of '2026-10-05T11:44:15.557Z'
  ERROR: Build asset version error: assets/scripts/weapons/weapondata.cs in SourceAssetDB has modification time of '2026-10-05T11:43:46.6317961Z' while content on disk has modification time of '2026-10-05T11:44:15.557Z'
Number of updated asset objects reloaded before import = 0Number of asset objects unloaded after import = 0

========================================================================
Received Import Request.
  Time since last request: 0.000034 seconds.
  path: Assets/Scripts/Weapons/WeaponData.cs
  artifactKey: Guid(2d9720b74ca933e4da48927938fdb464) Importer(815301076,1909f56bfc062723c751e8b465ee728b)
Start importing Assets/Scripts/Weapons/WeaponData.cs using Guid(2d9720b74ca933e4da48927938fdb464) Importer(815301076,1909f56bfc062723c751e8b465ee728b) (PreviewImporter) -> (artifact id: '00000000000000000000000000000000') in 0.0011477 seconds
Import Error Code:(4)
Message: Build asset version error: assets/scripts/weapons/weapondata.cs in SourceAssetDB has modification time of '2026-10-05T11:43:46.6317961Z' while content on disk has modification time of '2026-10-05T11:44:15.557Z'
  ERROR: Build asset version error: assets/scripts/weapons/weapondata.cs in SourceAssetDB has modification time of '2026-10-05T11:43:46.6317961Z' while content on disk has modification time of '2026-10-05T11:44:15.557Z'
Number of updated asset objects reloaded before import = 0Number of asset objects unloaded after import = 0

========================================================================
Received Import Request.
  Time since last request: 0.000022 seconds.
  path: Assets/Scripts/Weapons/WeaponData.cs
  artifactKey: Guid(2d9720b74ca933e4da48927938fdb464) Importer(815301076,1909f56bfc062723c751e8b465ee728b)
Start importing Assets/Scripts/Weapons/WeaponData.cs using Guid(2d9720b74ca933e4da48927938fdb464) Importer(815301076,1909f56bfc062723c751e8b465ee728b) (PreviewImporter) -> (artifact id: '00000000000000000000000000000000') in 0.0006772 seconds
Import Error Code:(4)
Message: Build asset version error: assets/scripts/weapons/weapondata.cs in SourceAssetDB has modification time of '2026-10-05T11:43:46.6317961Z' while content on disk has modification time of '2026-10-05T11:44:15.557Z'
  ERROR: Build asset version error: assets/scripts/weapons/weapondata.cs in SourceAssetDB has modification time of '2026-10-05T11:43:46.6317961Z' while content on disk has modification time of '2026-10-05T11:44:15.557Z'
Number of updated asset objects reloaded before import = 0Number of asset objects unloaded after import = 0

========================================================================
Received Import Request.
  Time since last request: 0.000022 seconds.
  path: Assets/Scripts/Weapons/WeaponData.cs
  artifactKey: Guid(2d9720b74ca933e4da48927938fdb464) Importer(815301076,1909f56bfc062723c751e8b465ee728b)
Start importing Assets/Scripts/Weapons/WeaponData.cs using Guid(2d9720b74ca933e4da48927938fdb464) Importer(815301076,1909f56bfc062723c751e8b465ee728b) (PreviewImporter) -> (artifact id: '00000000000000000000000000000000') in 0.0007685 seconds
Import Error Code:(4)
Message: Build asset version error: assets/scripts/weapons/weapondata.cs in SourceAssetDB has modification time of '2026-10-05T11:43:46.6317961Z' while content on disk has modification time of '2026-10-05T11:44:15.557Z'
  ERROR: Build asset version error: assets/scripts/weapons/weapondata.cs in SourceAssetDB has modification time of '2026-10-05T11:43:46.6317961Z' while content on disk has modification time of '2026-10-05T11:44:15.557Z'
Number of updated asset objects reloaded before import = 0Number of asset objects unloaded after import = 0

========================================================================
Received Import Request.
  Time since last request: 0.000023 seconds.
  path: Assets/Scripts/Weapons/WeaponData.cs
  artifactKey: Guid(2d9720b74ca933e4da48927938fdb464) Importer(815301076,1909f56bfc062723c751e8b465ee728b)
Start importing Assets/Scripts/Weapons/WeaponData.cs using Guid(2d9720b74ca933e4da48927938fdb464) Importer(815301076,1909f56bfc062723c751e8b465ee728b) (PreviewImporter) -> (artifact id: '00000000000000000000000000000000') in 0.0006363 seconds
Import Error Code:(4)
Message: Build asset version error: assets/scripts/weapons/weapondata.cs in SourceAssetDB has modification time of '2026-10-05T11:43:46.6317961Z' while content on disk has modification time of '2026-10-05T11:44:15.557Z'
  ERROR: Build asset version error: assets/scripts/weapons/weapondata.cs in SourceAssetDB has modification time of '2026-10-05T11:43:46.6317961Z' while content on disk has modification time of '2026-10-05T11:44:15.557Z'
Number of updated asset objects reloaded before import = 0Number of asset objects unloaded after import = 0

========================================================================
Received Import Request.
  Time since last request: 0.000030 seconds.
  path: Assets/Scripts/Weapons/WeaponData.cs
  artifactKey: Guid(2d9720b74ca933e4da48927938fdb464) Importer(815301076,1909f56bfc062723c751e8b465ee728b)
Start importing Assets/Scripts/Weapons/WeaponData.cs using Guid(2d9720b74ca933e4da48927938fdb464) Importer(815301076,1909f56bfc062723c751e8b465ee728b) (PreviewImporter) -> (artifact id: '00000000000000000000000000000000') in 0.000892 seconds
Import Error Code:(4)
Message: Build asset version error: assets/scripts/weapons/weapondata.cs in SourceAssetDB has modification time of '2026-10-05T11:43:46.6317961Z' while content on disk has modification time of '2026-10-05T11:44:15.557Z'
  ERROR: Build asset version error: assets/scripts/weapons/weapondata.cs in SourceAssetDB has modification time of '2026-10-05T11:43:46.6317961Z' while content on disk has modification time of '2026-10-05T11:44:15.557Z'
Number of updated asset objects reloaded before import = 0Number of asset objects unloaded after import = 0

========================================================================
Received Import Request.
  Time since last request: 0.000041 seconds.
  path: Assets/Scripts/Weapons/WeaponData.cs
  artifactKey: Guid(2d9720b74ca933e4da48927938fdb464) Importer(815301076,1909f56bfc062723c751e8b465ee728b)
Start importing Assets/Scripts/Weapons/WeaponData.cs using Guid(2d9720b74ca933e4da48927938fdb464) Importer(815301076,1909f56bfc062723c751e8b465ee728b) (PreviewImporter) -> (artifact id: '00000000000000000000000000000000') in 0.0006116 seconds
Import Error Code:(4)
Message: Build asset version error: assets/scripts/weapons/weapondata.cs in SourceAssetDB has modification time of '2026-10-05T11:43:46.6317961Z' while content on disk has modification time of '2026-10-05T11:44:15.557Z'
  ERROR: Build asset version error: assets/scripts/weapons/weapondata.cs in SourceAssetDB has modification time of '2026-10-05T11:43:46.6317961Z' while content on disk has modification time of '2026-10-05T11:44:15.557Z'
Number of updated asset objects reloaded before import = 0Number of asset objects unloaded after import = 0

========================================================================
Received Import Request.
  Time since last request: 0.000022 seconds.
  path: Assets/Scripts/Weapons/WeaponData.cs
  artifactKey: Guid(2d9720b74ca933e4da48927938fdb464) Importer(815301076,1909f56bfc062723c751e8b465ee728b)
Start importing Assets/Scripts/Weapons/WeaponData.cs using Guid(2d9720b74ca933e4da48927938fdb464) Importer(815301076,1909f56bfc062723c751e8b465ee728b) (PreviewImporter) -> (artifact id: '00000000000000000000000000000000') in 0.0007221 seconds
Import Error Code:(4)
Message: Build asset version error: assets/scripts/weapons/weapondata.cs in SourceAssetDB has modification time of '2026-10-05T11:43:46.6317961Z' while content on disk has modification time of '2026-10-05T11:44:15.557Z'
  ERROR: Build asset version error: assets/scripts/weapons/weapondata.cs in SourceAssetDB has modification time of '2026-10-05T11:43:46.6317961Z' while content on disk has modification time of '2026-10-05T11:44:15.557Z'
Number of updated asset objects reloaded before import = 0Number of asset objects unloaded after import = 0

========================================================================
Received Import Request.
  Time since last request: 0.000027 seconds.
  path: Assets/Scripts/Weapons/WeaponData.cs
  artifactKey: Guid(2d9720b74ca933e4da48927938fdb464) Importer(815301076,1909f56bfc062723c751e8b465ee728b)
Start importing Assets/Scripts/Weapons/WeaponData.cs using Guid(2d9720b74ca933e4da48927938fdb464) Importer(815301076,1909f56bfc062723c751e8b465ee728b) (PreviewImporter) -> (artifact id: '00000000000000000000000000000000') in 0.0008211 seconds
Import Error Code:(4)
Message: Build asset version error: assets/scripts/weapons/weapondata.cs in SourceAssetDB has modification time of '2026-10-05T11:43:46.6317961Z' while content on disk has modification time of '2026-10-05T11:44:15.557Z'
  ERROR: Build asset version error: assets/scripts/weapons/weapondata.cs in SourceAssetDB has modification time of '2026-10-05T11:43:46.6317961Z' while content on disk has modification time of '2026-10-05T11:44:15.557Z'
Number of updated asset objects reloaded before import = 0Number of asset objects unloaded after import = 0

========================================================================
Received Import Request.
  Time since last request: 0.000026 seconds.
  path: Assets/Scripts/Weapons/WeaponData.cs
  artifactKey: Guid(2d9720b74ca933e4da48927938fdb464) Importer(815301076,1909f56bfc062723c751e8b465ee728b)
Start importing Assets/Scripts/Weapons/WeaponData.cs using Guid(2d9720b74ca933e4da48927938fdb464) Importer(815301076,1909f56bfc062723c751e8b465ee728b) (PreviewImporter) -> (artifact id: '00000000000000000000000000000000') in 0.0011431 seconds
Import Error Code:(4)
Message: Build asset version error: assets/scripts/weapons/weapondata.cs in SourceAssetDB has modification time of '2026-10-05T11:43:46.6317961Z' while content on disk has modification time of '2026-10-05T11:44:15.557Z'
  ERROR: Build asset version error: assets/scripts/weapons/weapondata.cs in SourceAssetDB has modification time of '2026-10-05T11:43:46.6317961Z' while content on disk has modification time of '2026-10-05T11:44:15.557Z'
Number of updated asset objects reloaded before import = 0Number of asset objects unloaded after import = 0

========================================================================
Received Import Request.
  Time since last request: 0.000037 seconds.
  path: Assets/Scripts/Weapons/WeaponData.cs
  artifactKey: Guid(2d9720b74ca933e4da48927938fdb464) Importer(815301076,1909f56bfc062723c751e8b465ee728b)
Start importing Assets/Scripts/Weapons/WeaponData.cs using Guid(2d9720b74ca933e4da48927938fdb464) Importer(815301076,1909f56bfc062723c751e8b465ee728b) (PreviewImporter) -> (artifact id: '00000000000000000000000000000000') in 0.0007095 seconds
Import Error Code:(4)
Message: Build asset version error: assets/scripts/weapons/weapondata.cs in SourceAssetDB has modification time of '2026-10-05T11:43:46.6317961Z' while content on disk has modification time of '2026-10-05T11:44:15.557Z'
  ERROR: Build asset version error: assets/scripts/weapons/weapondata.cs in SourceAssetDB has modification time of '2026-10-05T11:43:46.6317961Z' while content on disk has modification time of '2026-10-05T11:44:15.557Z'
Number of updated asset objects reloaded before import = 0Number of asset objects unloaded after import = 0

========================================================================
Received Import Request.
  Time since last request: 0.000019 seconds.
  path: Assets/Scripts/Weapons/WeaponData.cs
  artifactKey: Guid(2d9720b74ca933e4da48927938fdb464) Importer(815301076,1909f56bfc062723c751e8b465ee728b)
Start importing Assets/Scripts/Weapons/WeaponData.cs using Guid(2d9720b74ca933e4da48927938fdb464) Importer(815301076,1909f56bfc062723c751e8b465ee728b) (PreviewImporter) -> (artifact id: '00000000000000000000000000000000') in 0.0006646 seconds
Import Error Code:(4)
Message: Build asset version error: assets/scripts/weapons/weapondata.cs in SourceAssetDB has modification time of '2026-10-05T11:43:46.6317961Z' while content on disk has modification time of '2026-10-05T11:44:15.557Z'
  ERROR: Build asset version error: assets/scripts/weapons/weapondata.cs in SourceAssetDB has modification time of '2026-10-05T11:43:46.6317961Z' while content on disk has modification time of '2026-10-05T11:44:15.557Z'
Number of updated asset objects reloaded before import = 0Number of asset objects unloaded after import = 0

========================================================================
Received Import Request.
  Time since last request: 0.000019 seconds.
  path: Assets/Scripts/Weapons/WeaponData.cs
  artifactKey: Guid(2d9720b74ca933e4da48927938fdb464) Importer(815301076,1909f56bfc062723c751e8b465ee728b)
Start importing Assets/Scripts/Weapons/WeaponData.cs using Guid(2d9720b74ca933e4da48927938fdb464) Importer(815301076,1909f56bfc062723c751e8b465ee728b) (PreviewImporter) -> (artifact id: '00000000000000000000000000000000') in 0.0007662 seconds
Import Error Code:(4)
Message: Build asset version error: assets/scripts/weapons/weapondata.cs in SourceAssetDB has modification time of '2026-10-05T11:43:46.6317961Z' while content on disk has modification time of '2026-10-05T11:44:15.557Z'
  ERROR: Build asset version error: assets/scripts/weapons/weapondata.cs in SourceAssetDB has modification time of '2026-10-05T11:43:46.6317961Z' while content on disk has modification time of '2026-10-05T11:44:15.557Z'
Number of updated asset objects reloaded before import = 0Number of asset objects unloaded after import = 0

========================================================================
Received Import Request.
  Time since last request: 0.000040 seconds.
  path: Assets/Scripts/Weapons/WeaponData.cs
  artifactKey: Guid(2d9720b74ca933e4da48927938fdb464) Importer(815301076,1909f56bfc062723c751e8b465ee728b)
Start importing Assets/Scripts/Weapons/WeaponData.cs using Guid(2d9720b74ca933e4da48927938fdb464) Importer(815301076,1909f56bfc062723c751e8b465ee728b) (PreviewImporter) -> (artifact id: '00000000000000000000000000000000') in 0.000768 seconds
Import Error Code:(4)
Message: Build asset version error: assets/scripts/weapons/weapondata.cs in SourceAssetDB has modification time of '2026-10-05T11:43:46.6317961Z' while content on disk has modification time of '2026-10-05T11:44:15.557Z'
  ERROR: Build asset version error: assets/scripts/weapons/weapondata.cs in SourceAssetDB has modification time of '2026-10-05T11:43:46.6317961Z' while content on disk has modification time of '2026-10-05T11:44:15.557Z'
Number of updated asset objects reloaded before import = 0Number of asset objects unloaded after import = 0

========================================================================
Received Import Request.
  Time since last request: 0.000027 seconds.
  path: Assets/Scripts/Weapons/WeaponData.cs
  artifactKey: Guid(2d9720b74ca933e4da48927938fdb464) Importer(815301076,1909f56bfc062723c751e8b465ee728b)
Start importing Assets/Scripts/Weapons/WeaponData.cs using Guid(2d9720b74ca933e4da48927938fdb464) Importer(815301076,1909f56bfc062723c751e8b465ee728b) (PreviewImporter) -> (artifact id: '00000000000000000000000000000000') in 0.0006446 seconds
Import Error Code:(4)
Message: Build asset version error: assets/scripts/weapons/weapondata.cs in SourceAssetDB has modification time of '2026-10-05T11:43:46.6317961Z' while content on disk has modification time of '2026-10-05T11:44:15.557Z'
  ERROR: Build asset version error: assets/scripts/weapons/weapondata.cs in SourceAssetDB has modification time of '2026-10-05T11:43:46.6317961Z' while content on disk has modification time of '2026-10-05T11:44:15.557Z'
Number of updated asset objects reloaded before import = 0Number of asset objects unloaded after import = 0

========================================================================
Received Import Request.
  Time since last request: 0.000031 seconds.
  path: Assets/Scripts/Weapons/WeaponData.cs
  artifactKey: Guid(2d9720b74ca933e4da48927938fdb464) Importer(815301076,1909f56bfc062723c751e8b465ee728b)
Start importing Assets/Scripts/Weapons/WeaponData.cs using Guid(2d9720b74ca933e4da48927938fdb464) Importer(815301076,1909f56bfc062723c751e8b465ee728b) (PreviewImporter) -> (artifact id: '00000000000000000000000000000000') in 0.0008405 seconds
Import Error Code:(4)
Message: Build asset version error: assets/scripts/weapons/weapondata.cs in SourceAssetDB has modification time of '2026-10-05T11:43:46.6317961Z' while content on disk has modification time of '2026-10-05T11:44:15.557Z'
  ERROR: Build asset version error: assets/scripts/weapons/weapondata.cs in SourceAssetDB has modification time of '2026-10-05T11:43:46.6317961Z' while content on disk has modification time of '2026-10-05T11:44:15.557Z'
Number of updated asset objects reloaded before import = 0Number of asset objects unloaded after import = 0

========================================================================
Received Import Request.
  Time since last request: 0.000022 seconds.
  path: Assets/Scripts/Weapons/WeaponData.cs
  artifactKey: Guid(2d9720b74ca933e4da48927938fdb464) Importer(815301076,1909f56bfc062723c751e8b465ee728b)
Start importing Assets/Scripts/Weapons/WeaponData.cs using Guid(2d9720b74ca933e4da48927938fdb464) Importer(815301076,1909f56bfc062723c751e8b465ee728b) (PreviewImporter) -> (artifact id: '00000000000000000000000000000000') in 0.0010415 seconds
Import Error Code:(4)
Message: Build asset version error: assets/scripts/weapons/weapondata.cs in SourceAssetDB has modification time of '2026-10-05T11:43:46.6317961Z' while content on disk has modification time of '2026-10-05T11:44:15.557Z'
  ERROR: Build asset version error: assets/scripts/weapons/weapondata.cs in SourceAssetDB has modification time of '2026-10-05T11:43:46.6317961Z' while content on disk has modification time of '2026-10-05T11:44:15.557Z'
Number of updated asset objects reloaded before import = 0Number of asset objects unloaded after import = 0

========================================================================
Received Import Request.
  Time since last request: 0.000018 seconds.
  path: Assets/Scripts/Weapons/WeaponData.cs
  artifactKey: Guid(2d9720b74ca933e4da48927938fdb464) Importer(815301076,1909f56bfc062723c751e8b465ee728b)
Start importing Assets/Scripts/Weapons/WeaponData.cs using Guid(2d9720b74ca933e4da48927938fdb464) Importer(815301076,1909f56bfc062723c751e8b465ee728b) (PreviewImporter) -> (artifact id: '00000000000000000000000000000000') in 0.0007683 seconds
Import Error Code:(4)
Message: Build asset version error: assets/scripts/weapons/weapondata.cs in SourceAssetDB has modification time of '2026-10-05T11:43:46.6317961Z' while content on disk has modification time of '2026-10-05T11:44:15.557Z'
  ERROR: Build asset version error: assets/scripts/weapons/weapondata.cs in SourceAssetDB has modification time of '2026-10-05T11:43:46.6317961Z' while content on disk has modification time of '2026-10-05T11:44:15.557Z'
Number of updated asset objects reloaded before import = 0Number of asset objects unloaded after import = 0

========================================================================
Received Import Request.
  Time since last request: 0.000018 seconds.
  path: Assets/Scripts/Weapons/WeaponData.cs
  artifactKey: Guid(2d9720b74ca933e4da48927938fdb464) Importer(815301076,1909f56bfc062723c751e8b465ee728b)
Start importing Assets/Scripts/Weapons/WeaponData.cs using Guid(2d9720b74ca933e4da48927938fdb464) Importer(815301076,1909f56bfc062723c751e8b465ee728b) (PreviewImporter) -> (artifact id: '00000000000000000000000000000000') in 0.0010122 seconds
Import Error Code:(4)
Message: Build asset version error: assets/scripts/weapons/weapondata.cs in SourceAssetDB has modification time of '2026-10-05T11:43:46.6317961Z' while content on disk has modification time of '2026-10-05T11:44:15.557Z'
  ERROR: Build asset version error: assets/scripts/weapons/weapondata.cs in SourceAssetDB has modification time of '2026-10-05T11:43:46.6317961Z' while content on disk has modification time of '2026-10-05T11:44:15.557Z'
Number of updated asset objects reloaded before import = 0Number of asset objects unloaded after import = 0

========================================================================
Received Import Request.
  Time since last request: 0.000034 seconds.
  path: Assets/Scripts/Weapons/WeaponData.cs
  artifactKey: Guid(2d9720b74ca933e4da48927938fdb464) Importer(815301076,1909f56bfc062723c751e8b465ee728b)
Start importing Assets/Scripts/Weapons/WeaponData.cs using Guid(2d9720b74ca933e4da48927938fdb464) Importer(815301076,1909f56bfc062723c751e8b465ee728b) (PreviewImporter) -> (artifact id: '00000000000000000000000000000000') in 0.000991 seconds
Import Error Code:(4)
Message: Build asset version error: assets/scripts/weapons/weapondata.cs in SourceAssetDB has modification time of '2026-10-05T11:43:46.6317961Z' while content on disk has modification time of '2026-10-05T11:44:15.557Z'
  ERROR: Build asset version error: assets/scripts/weapons/weapondata.cs in SourceAssetDB has modification time of '2026-10-05T11:43:46.6317961Z' while content on disk has modification time of '2026-10-05T11:44:15.557Z'
Number of updated asset objects reloaded before import = 0Number of asset objects unloaded after import = 0

========================================================================
Received Import Request.
  Time since last request: 0.000070 seconds.
  path: Assets/Scripts/Weapons/WeaponData.cs
  artifactKey: Guid(2d9720b74ca933e4da48927938fdb464) Importer(815301076,1909f56bfc062723c751e8b465ee728b)
Start importing Assets/Scripts/Weapons/WeaponData.cs using Guid(2d9720b74ca933e4da48927938fdb464) Importer(815301076,1909f56bfc062723c751e8b465ee728b) (PreviewImporter) -> (artifact id: '00000000000000000000000000000000') in 0.0006938 seconds
Import Error Code:(4)
Message: Build asset version error: assets/scripts/weapons/weapondata.cs in SourceAssetDB has modification time of '2026-10-05T11:43:46.6317961Z' while content on disk has modification time of '2026-10-05T11:44:15.557Z'
  ERROR: Build asset version error: assets/scripts/weapons/weapondata.cs in SourceAssetDB has modification time of '2026-10-05T11:43:46.6317961Z' while content on disk has modification time of '2026-10-05T11:44:15.557Z'
Number of updated asset objects reloaded before import = 0Number of asset objects unloaded after import = 0

========================================================================
Received Import Request.
  Time since last request: 0.000029 seconds.
  path: Assets/Scripts/Weapons/WeaponData.cs
  artifactKey: Guid(2d9720b74ca933e4da48927938fdb464) Importer(815301076,1909f56bfc062723c751e8b465ee728b)
Start importing Assets/Scripts/Weapons/WeaponData.cs using Guid(2d9720b74ca933e4da48927938fdb464) Importer(815301076,1909f56bfc062723c751e8b465ee728b) (PreviewImporter) -> (artifact id: '00000000000000000000000000000000') in 0.000941 seconds
Import Error Code:(4)
Message: Build asset version error: assets/scripts/weapons/weapondata.cs in SourceAssetDB has modification time of '2026-10-05T11:43:46.6317961Z' while content on disk has modification time of '2026-10-05T11:44:15.557Z'
  ERROR: Build asset version error: assets/scripts/weapons/weapondata.cs in SourceAssetDB has modification time of '2026-10-05T11:43:46.6317961Z' while content on disk has modification time of '2026-10-05T11:44:15.557Z'
Number of updated asset objects reloaded before import = 0Number of asset objects unloaded after import = 0

========================================================================
Received Import Request.
  Time since last request: 0.000021 seconds.
  path: Assets/Scripts/Weapons/WeaponData.cs
  artifactKey: Guid(2d9720b74ca933e4da48927938fdb464) Importer(815301076,1909f56bfc062723c751e8b465ee728b)
Start importing Assets/Scripts/Weapons/WeaponData.cs using Guid(2d9720b74ca933e4da48927938fdb464) Importer(815301076,1909f56bfc062723c751e8b465ee728b) (PreviewImporter) -> (artifact id: '00000000000000000000000000000000') in 0.0005494 seconds
Import Error Code:(4)
Message: Build asset version error: assets/scripts/weapons/weapondata.cs in SourceAssetDB has modification time of '2026-10-05T11:43:46.6317961Z' while content on disk has modification time of '2026-10-05T11:44:15.557Z'
  ERROR: Build asset version error: assets/scripts/weapons/weapondata.cs in SourceAssetDB has modification time of '2026-10-05T11:43:46.6317961Z' while content on disk has modification time of '2026-10-05T11:44:15.557Z'
Number of updated asset objects reloaded before import = 0Number of asset objects unloaded after import = 0

========================================================================
Received Import Request.
  Time since last request: 0.000026 seconds.
  path: Assets/Scripts/Weapons/WeaponData.cs
  artifactKey: Guid(2d9720b74ca933e4da48927938fdb464) Importer(815301076,1909f56bfc062723c751e8b465ee728b)
Start importing Assets/Scripts/Weapons/WeaponData.cs using Guid(2d9720b74ca933e4da48927938fdb464) Importer(815301076,1909f56bfc062723c751e8b465ee728b) (PreviewImporter) -> (artifact id: '00000000000000000000000000000000') in 0.0006727 seconds
Import Error Code:(4)
Message: Build asset version error: assets/scripts/weapons/weapondata.cs in SourceAssetDB has modification time of '2026-10-05T11:43:46.6317961Z' while content on disk has modification time of '2026-10-05T11:44:15.557Z'
  ERROR: Build asset version error: assets/scripts/weapons/weapondata.cs in SourceAssetDB has modification time of '2026-10-05T11:43:46.6317961Z' while content on disk has modification time of '2026-10-05T11:44:15.557Z'
Number of updated asset objects reloaded before import = 0Number of asset objects unloaded after import = 0

========================================================================
Received Import Request.
  Time since last request: 0.000026 seconds.
  path: Assets/Scripts/Weapons/WeaponData.cs
  artifactKey: Guid(2d9720b74ca933e4da48927938fdb464) Importer(815301076,1909f56bfc062723c751e8b465ee728b)
Start importing Assets/Scripts/Weapons/WeaponData.cs using Guid(2d9720b74ca933e4da48927938fdb464) Importer(815301076,1909f56bfc062723c751e8b465ee728b) (PreviewImporter) -> (artifact id: '00000000000000000000000000000000') in 0.0007366 seconds
Import Error Code:(4)
Message: Build asset version error: assets/scripts/weapons/weapondata.cs in SourceAssetDB has modification time of '2026-10-05T11:43:46.6317961Z' while content on disk has modification time of '2026-10-05T11:44:15.557Z'
  ERROR: Build asset version error: assets/scripts/weapons/weapondata.cs in SourceAssetDB has modification time of '2026-10-05T11:43:46.6317961Z' while content on disk has modification time of '2026-10-05T11:44:15.557Z'
Number of updated asset objects reloaded before import = 0Number of asset objects unloaded after import = 0

========================================================================
Received Import Request.
  Time since last request: 0.000037 seconds.
  path: Assets/Scripts/Weapons/WeaponData.cs
  artifactKey: Guid(2d9720b74ca933e4da48927938fdb464) Importer(815301076,1909f56bfc062723c751e8b465ee728b)
Start importing Assets/Scripts/Weapons/WeaponData.cs using Guid(2d9720b74ca933e4da48927938fdb464) Importer(815301076,1909f56bfc062723c751e8b465ee728b) (PreviewImporter) -> (artifact id: '00000000000000000000000000000000') in 0.0007386 seconds
Import Error Code:(4)
Message: Build asset version error: assets/scripts/weapons/weapondata.cs in SourceAssetDB has modification time of '2026-10-05T11:43:46.6317961Z' while content on disk has modification time of '2026-10-05T11:44:15.557Z'
  ERROR: Build asset version error: assets/scripts/weapons/weapondata.cs in SourceAssetDB has modification time of '2026-10-05T11:43:46.6317961Z' while content on disk has modification time of '2026-10-05T11:44:15.557Z'
Number of updated asset objects reloaded before import = 0Number of asset objects unloaded after import = 0

========================================================================
Received Import Request.
  Time since last request: 0.000019 seconds.
  path: Assets/Scripts/Weapons/WeaponData.cs
  artifactKey: Guid(2d9720b74ca933e4da48927938fdb464) Importer(815301076,1909f56bfc062723c751e8b465ee728b)
Start importing Assets/Scripts/Weapons/WeaponData.cs using Guid(2d9720b74ca933e4da48927938fdb464) Importer(815301076,1909f56bfc062723c751e8b465ee728b) (PreviewImporter) -> (artifact id: '00000000000000000000000000000000') in 0.0175662 seconds
Import Error Code:(4)
Message: Build asset version error: assets/scripts/weapons/weapondata.cs in SourceAssetDB has modification time of '2026-10-05T11:43:46.6317961Z' while content on disk has modification time of '2026-10-05T11:44:21.659Z'
  ERROR: Build asset version error: assets/scripts/weapons/weapondata.cs in SourceAssetDB has modification time of '2026-10-05T11:43:46.6317961Z' while content on disk has modification time of '2026-10-05T11:44:21.659Z'
Number of updated asset objects reloaded before import = 0Number of asset objects unloaded after import = 0

========================================================================
Received Import Request.
  Time since last request: 0.000022 seconds.
  path: Assets/Scripts/Weapons/WeaponData.cs
  artifactKey: Guid(2d9720b74ca933e4da48927938fdb464) Importer(815301076,1909f56bfc062723c751e8b465ee728b)
Start importing Assets/Scripts/Weapons/WeaponData.cs using Guid(2d9720b74ca933e4da48927938fdb464) Importer(815301076,1909f56bfc062723c751e8b465ee728b) (PreviewImporter) -> (artifact id: '00000000000000000000000000000000') in 0.0006715 seconds
Import Error Code:(4)
Message: Build asset version error: assets/scripts/weapons/weapondata.cs in SourceAssetDB has modification time of '2026-10-05T11:43:46.6317961Z' while content on disk has modification time of '2026-10-05T11:44:21.659Z'
  ERROR: Build asset version error: assets/scripts/weapons/weapondata.cs in SourceAssetDB has modification time of '2026-10-05T11:43:46.6317961Z' while content on disk has modification time of '2026-10-05T11:44:21.659Z'
Number of updated asset objects reloaded before import = 0Number of asset objects unloaded after import = 0

========================================================================
Received Import Request.
  Time since last request: 0.000025 seconds.
  path: Assets/Scripts/Weapons/WeaponData.cs
  artifactKey: Guid(2d9720b74ca933e4da48927938fdb464) Importer(815301076,1909f56bfc062723c751e8b465ee728b)
Start importing Assets/Scripts/Weapons/WeaponData.cs using Guid(2d9720b74ca933e4da48927938fdb464) Importer(815301076,1909f56bfc062723c751e8b465ee728b) (PreviewImporter) -> (artifact id: '00000000000000000000000000000000') in 0.0012845 seconds
Import Error Code:(4)
Message: Build asset version error: assets/scripts/weapons/weapondata.cs in SourceAssetDB has modification time of '2026-10-05T11:43:46.6317961Z' while content on disk has modification time of '2026-10-05T11:44:21.659Z'
  ERROR: Build asset version error: assets/scripts/weapons/weapondata.cs in SourceAssetDB has modification time of '2026-10-05T11:43:46.6317961Z' while content on disk has modification time of '2026-10-05T11:44:21.659Z'
Number of updated asset objects reloaded before import = 0Number of asset objects unloaded after import = 0

========================================================================
Received Import Request.
  Time since last request: 0.000023 seconds.
  path: Assets/Scripts/Weapons/WeaponData.cs
  artifactKey: Guid(2d9720b74ca933e4da48927938fdb464) Importer(815301076,1909f56bfc062723c751e8b465ee728b)
Start importing Assets/Scripts/Weapons/WeaponData.cs using Guid(2d9720b74ca933e4da48927938fdb464) Importer(815301076,1909f56bfc062723c751e8b465ee728b) (PreviewImporter) -> (artifact id: '00000000000000000000000000000000') in 0.0011883 seconds
Import Error Code:(4)
Message: Build asset version error: assets/scripts/weapons/weapondata.cs in SourceAssetDB has modification time of '2026-10-05T11:43:46.6317961Z' while content on disk has modification time of '2026-10-05T11:44:21.659Z'
  ERROR: Build asset version error: assets/scripts/weapons/weapondata.cs in SourceAssetDB has modification time of '2026-10-05T11:43:46.6317961Z' while content on disk has modification time of '2026-10-05T11:44:21.659Z'
Number of updated asset objects reloaded before import = 0Number of asset objects unloaded after import = 0

========================================================================
Received Import Request.
  Time since last request: 0.000053 seconds.
  path: Assets/Scripts/Weapons/WeaponData.cs
  artifactKey: Guid(2d9720b74ca933e4da48927938fdb464) Importer(815301076,1909f56bfc062723c751e8b465ee728b)
Start importing Assets/Scripts/Weapons/WeaponData.cs using Guid(2d9720b74ca933e4da48927938fdb464) Importer(815301076,1909f56bfc062723c751e8b465ee728b) (PreviewImporter) -> (artifact id: '00000000000000000000000000000000') in 0.0005884 seconds
Import Error Code:(4)
Message: Build asset version error: assets/scripts/weapons/weapondata.cs in SourceAssetDB has modification time of '2026-10-05T11:43:46.6317961Z' while content on disk has modification time of '2026-10-05T11:44:21.659Z'
  ERROR: Build asset version error: assets/scripts/weapons/weapondata.cs in SourceAssetDB has modification time of '2026-10-05T11:43:46.6317961Z' while content on disk has modification time of '2026-10-05T11:44:21.659Z'
Number of updated asset objects reloaded before import = 0Number of asset objects unloaded after import = 0

========================================================================
Received Import Request.
  Time since last request: 0.000196 seconds.
  path: Assets/Scripts/Weapons/WeaponData.cs
  artifactKey: Guid(2d9720b74ca933e4da48927938fdb464) Importer(815301076,1909f56bfc062723c751e8b465ee728b)
Start importing Assets/Scripts/Weapons/WeaponData.cs using Guid(2d9720b74ca933e4da48927938fdb464) Importer(815301076,1909f56bfc062723c751e8b465ee728b) (PreviewImporter) -> (artifact id: '00000000000000000000000000000000') in 0.0007434 seconds
Import Error Code:(4)
Message: Build asset version error: assets/scripts/weapons/weapondata.cs in SourceAssetDB has modification time of '2026-10-05T11:43:46.6317961Z' while content on disk has modification time of '2026-10-05T11:44:21.659Z'
  ERROR: Build asset version error: assets/scripts/weapons/weapondata.cs in SourceAssetDB has modification time of '2026-10-05T11:43:46.6317961Z' while content on disk has modification time of '2026-10-05T11:44:21.659Z'
Number of updated asset objects reloaded before import = 0Number of asset objects unloaded after import = 0

========================================================================
Received Import Request.
  Time since last request: 0.000046 seconds.
  path: Assets/Scripts/Weapons/WeaponData.cs
  artifactKey: Guid(2d9720b74ca933e4da48927938fdb464) Importer(815301076,1909f56bfc062723c751e8b465ee728b)
Start importing Assets/Scripts/Weapons/WeaponData.cs using Guid(2d9720b74ca933e4da48927938fdb464) Importer(815301076,1909f56bfc062723c751e8b465ee728b) (PreviewImporter) -> (artifact id: '00000000000000000000000000000000') in 0.0011125 seconds
Import Error Code:(4)
Message: Build asset version error: assets/scripts/weapons/weapondata.cs in SourceAssetDB has modification time of '2026-10-05T11:43:46.6317961Z' while content on disk has modification time of '2026-10-05T11:44:21.659Z'
  ERROR: Build asset version error: assets/scripts/weapons/weapondata.cs in SourceAssetDB has modification time of '2026-10-05T11:43:46.6317961Z' while content on disk has modification time of '2026-10-05T11:44:21.659Z'
Number of updated asset objects reloaded before import = 0Number of asset objects unloaded after import = 0

========================================================================
Received Import Request.
  Time since last request: 0.000022 seconds.
  path: Assets/Scripts/Weapons/WeaponData.cs
  artifactKey: Guid(2d9720b74ca933e4da48927938fdb464) Importer(815301076,1909f56bfc062723c751e8b465ee728b)
Start importing Assets/Scripts/Weapons/WeaponData.cs using Guid(2d9720b74ca933e4da48927938fdb464) Importer(815301076,1909f56bfc062723c751e8b465ee728b) (PreviewImporter) -> (artifact id: '00000000000000000000000000000000') in 0.0007004 seconds
Import Error Code:(4)
Message: Build asset version error: assets/scripts/weapons/weapondata.cs in SourceAssetDB has modification time of '2026-10-05T11:43:46.6317961Z' while content on disk has modification time of '2026-10-05T11:44:21.659Z'
  ERROR: Build asset version error: assets/scripts/weapons/weapondata.cs in SourceAssetDB has modification time of '2026-10-05T11:43:46.6317961Z' while content on disk has modification time of '2026-10-05T11:44:21.659Z'
Number of updated asset objects reloaded before import = 0Number of asset objects unloaded after import = 0

========================================================================
Received Import Request.
  Time since last request: 0.000023 seconds.
  path: Assets/Scripts/Weapons/WeaponData.cs
  artifactKey: Guid(2d9720b74ca933e4da48927938fdb464) Importer(815301076,1909f56bfc062723c751e8b465ee728b)
Start importing Assets/Scripts/Weapons/WeaponData.cs using Guid(2d9720b74ca933e4da48927938fdb464) Importer(815301076,1909f56bfc062723c751e8b465ee728b) (PreviewImporter) -> (artifact id: '00000000000000000000000000000000') in 0.0007159 seconds
Import Error Code:(4)
Message: Build asset version error: assets/scripts/weapons/weapondata.cs in SourceAssetDB has modification time of '2026-10-05T11:43:46.6317961Z' while content on disk has modification time of '2026-10-05T11:44:21.659Z'
  ERROR: Build asset version error: assets/scripts/weapons/weapondata.cs in SourceAssetDB has modification time of '2026-10-05T11:43:46.6317961Z' while content on disk has modification time of '2026-10-05T11:44:21.659Z'
Number of updated asset objects reloaded before import = 0Number of asset objects unloaded after import = 0

========================================================================
Received Import Request.
  Time since last request: 0.000055 seconds.
  path: Assets/Scripts/Weapons/WeaponData.cs
  artifactKey: Guid(2d9720b74ca933e4da48927938fdb464) Importer(815301076,1909f56bfc062723c751e8b465ee728b)
Start importing Assets/Scripts/Weapons/WeaponData.cs using Guid(2d9720b74ca933e4da48927938fdb464) Importer(815301076,1909f56bfc062723c751e8b465ee728b) (PreviewImporter) -> (artifact id: '00000000000000000000000000000000') in 0.0007858 seconds
Import Error Code:(4)
Message: Build asset version error: assets/scripts/weapons/weapondata.cs in SourceAssetDB has modification time of '2026-10-05T11:43:46.6317961Z' while content on disk has modification time of '2026-10-05T11:44:21.659Z'
  ERROR: Build asset version error: assets/scripts/weapons/weapondata.cs in SourceAssetDB has modification time of '2026-10-05T11:43:46.6317961Z' while content on disk has modification time of '2026-10-05T11:44:21.659Z'
Number of updated asset objects reloaded before import = 0Number of asset objects unloaded after import = 0

========================================================================
Received Import Request.
  Time since last request: 0.000021 seconds.
  path: Assets/Scripts/Weapons/WeaponData.cs
  artifactKey: Guid(2d9720b74ca933e4da48927938fdb464) Importer(815301076,1909f56bfc062723c751e8b465ee728b)
Start importing Assets/Scripts/Weapons/WeaponData.cs using Guid(2d9720b74ca933e4da48927938fdb464) Importer(815301076,1909f56bfc062723c751e8b465ee728b) (PreviewImporter) -> (artifact id: '00000000000000000000000000000000') in 0.0007098 seconds
Import Error Code:(4)
Message: Build asset version error: assets/scripts/weapons/weapondata.cs in SourceAssetDB has modification time of '2026-10-05T11:43:46.6317961Z' while content on disk has modification time of '2026-10-05T11:44:21.659Z'
  ERROR: Build asset version error: assets/scripts/weapons/weapondata.cs in SourceAssetDB has modification time of '2026-10-05T11:43:46.6317961Z' while content on disk has modification time of '2026-10-05T11:44:21.659Z'
Number of updated asset objects reloaded before import = 0Number of asset objects unloaded after import = 0

========================================================================
Received Import Request.
  Time since last request: 0.000023 seconds.
  path: Assets/Scripts/Weapons/WeaponData.cs
  artifactKey: Guid(2d9720b74ca933e4da48927938fdb464) Importer(815301076,1909f56bfc062723c751e8b465ee728b)
Start importing Assets/Scripts/Weapons/WeaponData.cs using Guid(2d9720b74ca933e4da48927938fdb464) Importer(815301076,1909f56bfc062723c751e8b465ee728b) (PreviewImporter) -> (artifact id: '00000000000000000000000000000000') in 0.0007561 seconds
Import Error Code:(4)
Message: Build asset version error: assets/scripts/weapons/weapondata.cs in SourceAssetDB has modification time of '2026-10-05T11:43:46.6317961Z' while content on disk has modification time of '2026-10-05T11:44:21.659Z'
  ERROR: Build asset version error: assets/scripts/weapons/weapondata.cs in SourceAssetDB has modification time of '2026-10-05T11:43:46.6317961Z' while content on disk has modification time of '2026-10-05T11:44:21.659Z'
Number of updated asset objects reloaded before import = 0Number of asset objects unloaded after import = 0

========================================================================
Received Import Request.
  Time since last request: 0.000060 seconds.
  path: Assets/Scripts/Weapons/WeaponData.cs
  artifactKey: Guid(2d9720b74ca933e4da48927938fdb464) Importer(815301076,1909f56bfc062723c751e8b465ee728b)
Start importing Assets/Scripts/Weapons/WeaponData.cs using Guid(2d9720b74ca933e4da48927938fdb464) Importer(815301076,1909f56bfc062723c751e8b465ee728b) (PreviewImporter) -> (artifact id: '00000000000000000000000000000000') in 0.0006364 seconds
Import Error Code:(4)
Message: Build asset version error: assets/scripts/weapons/weapondata.cs in SourceAssetDB has modification time of '2026-10-05T11:43:46.6317961Z' while content on disk has modification time of '2026-10-05T11:44:21.659Z'
  ERROR: Build asset version error: assets/scripts/weapons/weapondata.cs in SourceAssetDB has modification time of '2026-10-05T11:43:46.6317961Z' while content on disk has modification time of '2026-10-05T11:44:21.659Z'
Number of updated asset objects reloaded before import = 0Number of asset objects unloaded after import = 0

========================================================================
Received Import Request.
  Time since last request: 0.000061 seconds.
  path: Assets/Scripts/Weapons/WeaponData.cs
  artifactKey: Guid(2d9720b74ca933e4da48927938fdb464) Importer(815301076,1909f56bfc062723c751e8b465ee728b)
Start importing Assets/Scripts/Weapons/WeaponData.cs using Guid(2d9720b74ca933e4da48927938fdb464) Importer(815301076,1909f56bfc062723c751e8b465ee728b) (PreviewImporter) -> (artifact id: '00000000000000000000000000000000') in 0.0009696 seconds
Import Error Code:(4)
Message: Build asset version error: assets/scripts/weapons/weapondata.cs in SourceAssetDB has modification time of '2026-10-05T11:43:46.6317961Z' while content on disk has modification time of '2026-10-05T11:44:21.659Z'
  ERROR: Build asset version error: assets/scripts/weapons/weapondata.cs in SourceAssetDB has modification time of '2026-10-05T11:43:46.6317961Z' while content on disk has modification time of '2026-10-05T11:44:21.659Z'
Number of updated asset objects reloaded before import = 0Number of asset objects unloaded after import = 0

========================================================================
Received Import Request.
  Time since last request: 0.000030 seconds.
  path: Assets/Scripts/Weapons/WeaponData.cs
  artifactKey: Guid(2d9720b74ca933e4da48927938fdb464) Importer(815301076,1909f56bfc062723c751e8b465ee728b)
Start importing Assets/Scripts/Weapons/WeaponData.cs using Guid(2d9720b74ca933e4da48927938fdb464) Importer(815301076,1909f56bfc062723c751e8b465ee728b) (PreviewImporter) -> (artifact id: '00000000000000000000000000000000') in 0.0009783 seconds
Import Error Code:(4)
Message: Build asset version error: assets/scripts/weapons/weapondata.cs in SourceAssetDB has modification time of '2026-10-05T11:43:46.6317961Z' while content on disk has modification time of '2026-10-05T11:44:21.659Z'
  ERROR: Build asset version error: assets/scripts/weapons/weapondata.cs in SourceAssetDB has modification time of '2026-10-05T11:43:46.6317961Z' while content on disk has modification time of '2026-10-05T11:44:21.659Z'
Number of updated asset objects reloaded before import = 0Number of asset objects unloaded after import = 0

========================================================================
Received Import Request.
  Time since last request: 0.000023 seconds.
  path: Assets/Scripts/Weapons/WeaponData.cs
  artifactKey: Guid(2d9720b74ca933e4da48927938fdb464) Importer(815301076,1909f56bfc062723c751e8b465ee728b)
Start importing Assets/Scripts/Weapons/WeaponData.cs using Guid(2d9720b74ca933e4da48927938fdb464) Importer(815301076,1909f56bfc062723c751e8b465ee728b) (PreviewImporter) -> (artifact id: '00000000000000000000000000000000') in 0.0007774 seconds
Import Error Code:(4)
Message: Build asset version error: assets/scripts/weapons/weapondata.cs in SourceAssetDB has modification time of '2026-10-05T11:43:46.6317961Z' while content on disk has modification time of '2026-10-05T11:44:21.659Z'
  ERROR: Build asset version error: assets/scripts/weapons/weapondata.cs in SourceAssetDB has modification time of '2026-10-05T11:43:46.6317961Z' while content on disk has modification time of '2026-10-05T11:44:21.659Z'
Number of updated asset objects reloaded before import = 0Number of asset objects unloaded after import = 0

========================================================================
Received Import Request.
  Time since last request: 0.000021 seconds.
  path: Assets/Scripts/Weapons/WeaponData.cs
  artifactKey: Guid(2d9720b74ca933e4da48927938fdb464) Importer(815301076,1909f56bfc062723c751e8b465ee728b)
Start importing Assets/Scripts/Weapons/WeaponData.cs using Guid(2d9720b74ca933e4da48927938fdb464) Importer(815301076,1909f56bfc062723c751e8b465ee728b) (PreviewImporter) -> (artifact id: '00000000000000000000000000000000') in 0.0007051 seconds
Import Error Code:(4)
Message: Build asset version error: assets/scripts/weapons/weapondata.cs in SourceAssetDB has modification time of '2026-10-05T11:43:46.6317961Z' while content on disk has modification time of '2026-10-05T11:44:21.659Z'
  ERROR: Build asset version error: assets/scripts/weapons/weapondata.cs in SourceAssetDB has modification time of '2026-10-05T11:43:46.6317961Z' while content on disk has modification time of '2026-10-05T11:44:21.659Z'
Number of updated asset objects reloaded before import = 0Number of asset objects unloaded after import = 0

========================================================================
Received Import Request.
  Time since last request: 0.000024 seconds.
  path: Assets/Scripts/Weapons/WeaponData.cs
  artifactKey: Guid(2d9720b74ca933e4da48927938fdb464) Importer(815301076,1909f56bfc062723c751e8b465ee728b)
Start importing Assets/Scripts/Weapons/WeaponData.cs using Guid(2d9720b74ca933e4da48927938fdb464) Importer(815301076,1909f56bfc062723c751e8b465ee728b) (PreviewImporter) -> (artifact id: '00000000000000000000000000000000') in 0.000768 seconds
Import Error Code:(4)
Message: Build asset version error: assets/scripts/weapons/weapondata.cs in SourceAssetDB has modification time of '2026-10-05T11:43:46.6317961Z' while content on disk has modification time of '2026-10-05T11:44:21.659Z'
  ERROR: Build asset version error: assets/scripts/weapons/weapondata.cs in SourceAssetDB has modification time of '2026-10-05T11:43:46.6317961Z' while content on disk has modification time of '2026-10-05T11:44:21.659Z'
Number of updated asset objects reloaded before import = 0Number of asset objects unloaded after import = 0

========================================================================
Received Import Request.
  Time since last request: 0.000023 seconds.
  path: Assets/Scripts/Weapons/WeaponData.cs
  artifactKey: Guid(2d9720b74ca933e4da48927938fdb464) Importer(815301076,1909f56bfc062723c751e8b465ee728b)
Start importing Assets/Scripts/Weapons/WeaponData.cs using Guid(2d9720b74ca933e4da48927938fdb464) Importer(815301076,1909f56bfc062723c751e8b465ee728b) (PreviewImporter) -> (artifact id: '00000000000000000000000000000000') in 0.0007052 seconds
Import Error Code:(4)
Message: Build asset version error: assets/scripts/weapons/weapondata.cs in SourceAssetDB has modification time of '2026-10-05T11:43:46.6317961Z' while content on disk has modification time of '2026-10-05T11:44:21.659Z'
  ERROR: Build asset version error: assets/scripts/weapons/weapondata.cs in SourceAssetDB has modification time of '2026-10-05T11:43:46.6317961Z' while content on disk has modification time of '2026-10-05T11:44:21.659Z'
Number of updated asset objects reloaded before import = 0Number of asset objects unloaded after import = 0

========================================================================
Received Import Request.
  Time since last request: 0.000034 seconds.
  path: Assets/Scripts/Weapons/WeaponData.cs
  artifactKey: Guid(2d9720b74ca933e4da48927938fdb464) Importer(815301076,1909f56bfc062723c751e8b465ee728b)
Start importing Assets/Scripts/Weapons/WeaponData.cs using Guid(2d9720b74ca933e4da48927938fdb464) Importer(815301076,1909f56bfc062723c751e8b465ee728b) (PreviewImporter) -> (artifact id: '00000000000000000000000000000000') in 0.0007053 seconds
Import Error Code:(4)
Message: Build asset version error: assets/scripts/weapons/weapondata.cs in SourceAssetDB has modification time of '2026-10-05T11:43:46.6317961Z' while content on disk has modification time of '2026-10-05T11:44:21.659Z'
  ERROR: Build asset version error: assets/scripts/weapons/weapondata.cs in SourceAssetDB has modification time of '2026-10-05T11:43:46.6317961Z' while content on disk has modification time of '2026-10-05T11:44:21.659Z'
Number of updated asset objects reloaded before import = 0Number of asset objects unloaded after import = 0

========================================================================
Received Import Request.
  Time since last request: 0.000024 seconds.
  path: Assets/Scripts/Weapons/WeaponData.cs
  artifactKey: Guid(2d9720b74ca933e4da48927938fdb464) Importer(815301076,1909f56bfc062723c751e8b465ee728b)
Start importing Assets/Scripts/Weapons/WeaponData.cs using Guid(2d9720b74ca933e4da48927938fdb464) Importer(815301076,1909f56bfc062723c751e8b465ee728b) (PreviewImporter) -> (artifact id: '00000000000000000000000000000000') in 0.0010478 seconds
Import Error Code:(4)
Message: Build asset version error: assets/scripts/weapons/weapondata.cs in SourceAssetDB has modification time of '2026-10-05T11:43:46.6317961Z' while content on disk has modification time of '2026-10-05T11:44:21.659Z'
  ERROR: Build asset version error: assets/scripts/weapons/weapondata.cs in SourceAssetDB has modification time of '2026-10-05T11:43:46.6317961Z' while content on disk has modification time of '2026-10-05T11:44:21.659Z'
Number of updated asset objects reloaded before import = 0Number of asset objects unloaded after import = 0

========================================================================
Received Import Request.
  Time since last request: 0.000023 seconds.
  path: Assets/Scripts/Weapons/WeaponData.cs
  artifactKey: Guid(2d9720b74ca933e4da48927938fdb464) Importer(815301076,1909f56bfc062723c751e8b465ee728b)
Start importing Assets/Scripts/Weapons/WeaponData.cs using Guid(2d9720b74ca933e4da48927938fdb464) Importer(815301076,1909f56bfc062723c751e8b465ee728b) (PreviewImporter) -> (artifact id: '00000000000000000000000000000000') in 0.0005186 seconds
Import Error Code:(4)
Message: Build asset version error: assets/scripts/weapons/weapondata.cs in SourceAssetDB has modification time of '2026-10-05T11:43:46.6317961Z' while content on disk has modification time of '2026-10-05T11:44:21.659Z'
  ERROR: Build asset version error: assets/scripts/weapons/weapondata.cs in SourceAssetDB has modification time of '2026-10-05T11:43:46.6317961Z' while content on disk has modification time of '2026-10-05T11:44:21.659Z'
Number of updated asset objects reloaded before import = 0Number of asset objects unloaded after import = 0

========================================================================
Received Import Request.
  Time since last request: 0.000020 seconds.
  path: Assets/Scripts/Weapons/WeaponData.cs
  artifactKey: Guid(2d9720b74ca933e4da48927938fdb464) Importer(815301076,1909f56bfc062723c751e8b465ee728b)
Start importing Assets/Scripts/Weapons/WeaponData.cs using Guid(2d9720b74ca933e4da48927938fdb464) Importer(815301076,1909f56bfc062723c751e8b465ee728b) (PreviewImporter) -> (artifact id: '00000000000000000000000000000000') in 0.0007445 seconds
Import Error Code:(4)
Message: Build asset version error: assets/scripts/weapons/weapondata.cs in SourceAssetDB has modification time of '2026-10-05T11:43:46.6317961Z' while content on disk has modification time of '2026-10-05T11:44:21.659Z'
  ERROR: Build asset version error: assets/scripts/weapons/weapondata.cs in SourceAssetDB has modification time of '2026-10-05T11:43:46.6317961Z' while content on disk has modification time of '2026-10-05T11:44:21.659Z'
Number of updated asset objects reloaded before import = 0Number of asset objects unloaded after import = 0

========================================================================
Received Import Request.
  Time since last request: 0.000021 seconds.
  path: Assets/Scripts/Weapons/WeaponData.cs
  artifactKey: Guid(2d9720b74ca933e4da48927938fdb464) Importer(815301076,1909f56bfc062723c751e8b465ee728b)
Start importing Assets/Scripts/Weapons/WeaponData.cs using Guid(2d9720b74ca933e4da48927938fdb464) Importer(815301076,1909f56bfc062723c751e8b465ee728b) (PreviewImporter) -> (artifact id: '00000000000000000000000000000000') in 0.0012206 seconds
Import Error Code:(4)
Message: Build asset version error: assets/scripts/weapons/weapondata.cs in SourceAssetDB has modification time of '2026-10-05T11:43:46.6317961Z' while content on disk has modification time of '2026-10-05T11:44:21.659Z'
  ERROR: Build asset version error: assets/scripts/weapons/weapondata.cs in SourceAssetDB has modification time of '2026-10-05T11:43:46.6317961Z' while content on disk has modification time of '2026-10-05T11:44:21.659Z'
Number of updated asset objects reloaded before import = 0Number of asset objects unloaded after import = 0

========================================================================
Received Import Request.
  Time since last request: 0.000032 seconds.
  path: Assets/Scripts/Weapons/WeaponData.cs
  artifactKey: Guid(2d9720b74ca933e4da48927938fdb464) Importer(815301076,1909f56bfc062723c751e8b465ee728b)
Start importing Assets/Scripts/Weapons/WeaponData.cs using Guid(2d9720b74ca933e4da48927938fdb464) Importer(815301076,1909f56bfc062723c751e8b465ee728b) (PreviewImporter) -> (artifact id: '00000000000000000000000000000000') in 0.000766 seconds
Import Error Code:(4)
Message: Build asset version error: assets/scripts/weapons/weapondata.cs in SourceAssetDB has modification time of '2026-10-05T11:43:46.6317961Z' while content on disk has modification time of '2026-10-05T11:44:21.659Z'
  ERROR: Build asset version error: assets/scripts/weapons/weapondata.cs in SourceAssetDB has modification time of '2026-10-05T11:43:46.6317961Z' while content on disk has modification time of '2026-10-05T11:44:21.659Z'
Number of updated asset objects reloaded before import = 0Number of asset objects unloaded after import = 0

========================================================================
Received Import Request.
  Time since last request: 0.000056 seconds.
  path: Assets/Scripts/Weapons/WeaponData.cs
  artifactKey: Guid(2d9720b74ca933e4da48927938fdb464) Importer(815301076,1909f56bfc062723c751e8b465ee728b)
Start importing Assets/Scripts/Weapons/WeaponData.cs using Guid(2d9720b74ca933e4da48927938fdb464) Importer(815301076,1909f56bfc062723c751e8b465ee728b) (PreviewImporter) -> (artifact id: '00000000000000000000000000000000') in 0.0007957 seconds
Import Error Code:(4)
Message: Build asset version error: assets/scripts/weapons/weapondata.cs in SourceAssetDB has modification time of '2026-10-05T11:43:46.6317961Z' while content on disk has modification time of '2026-10-05T11:44:21.659Z'
  ERROR: Build asset version error: assets/scripts/weapons/weapondata.cs in SourceAssetDB has modification time of '2026-10-05T11:43:46.6317961Z' while content on disk has modification time of '2026-10-05T11:44:21.659Z'
Number of updated asset objects reloaded before import = 0Number of asset objects unloaded after import = 0

========================================================================
Received Import Request.
  Time since last request: 0.000027 seconds.
  path: Assets/Scripts/Weapons/WeaponData.cs
  artifactKey: Guid(2d9720b74ca933e4da48927938fdb464) Importer(815301076,1909f56bfc062723c751e8b465ee728b)
Start importing Assets/Scripts/Weapons/WeaponData.cs using Guid(2d9720b74ca933e4da48927938fdb464) Importer(815301076,1909f56bfc062723c751e8b465ee728b) (PreviewImporter) -> (artifact id: '00000000000000000000000000000000') in 0.0009654 seconds
Import Error Code:(4)
Message: Build asset version error: assets/scripts/weapons/weapondata.cs in SourceAssetDB has modification time of '2026-10-05T11:43:46.6317961Z' while content on disk has modification time of '2026-10-05T11:44:21.659Z'
  ERROR: Build asset version error: assets/scripts/weapons/weapondata.cs in SourceAssetDB has modification time of '2026-10-05T11:43:46.6317961Z' while content on disk has modification time of '2026-10-05T11:44:21.659Z'
Number of updated asset objects reloaded before import = 0Number of asset objects unloaded after import = 0

========================================================================
Received Import Request.
  Time since last request: 0.000022 seconds.
  path: Assets/Scripts/Weapons/WeaponData.cs
  artifactKey: Guid(2d9720b74ca933e4da48927938fdb464) Importer(815301076,1909f56bfc062723c751e8b465ee728b)
Start importing Assets/Scripts/Weapons/WeaponData.cs using Guid(2d9720b74ca933e4da48927938fdb464) Importer(815301076,1909f56bfc062723c751e8b465ee728b) (PreviewImporter) -> (artifact id: '00000000000000000000000000000000') in 0.0006403 seconds
Import Error Code:(4)
Message: Build asset version error: assets/scripts/weapons/weapondata.cs in SourceAssetDB has modification time of '2026-10-05T11:43:46.6317961Z' while content on disk has modification time of '2026-10-05T11:44:21.659Z'
  ERROR: Build asset version error: assets/scripts/weapons/weapondata.cs in SourceAssetDB has modification time of '2026-10-05T11:43:46.6317961Z' while content on disk has modification time of '2026-10-05T11:44:21.659Z'
Number of updated asset objects reloaded before import = 0Number of asset objects unloaded after import = 0

========================================================================
Received Import Request.
  Time since last request: 0.000021 seconds.
  path: Assets/Scripts/Weapons/WeaponData.cs
  artifactKey: Guid(2d9720b74ca933e4da48927938fdb464) Importer(815301076,1909f56bfc062723c751e8b465ee728b)
Start importing Assets/Scripts/Weapons/WeaponData.cs using Guid(2d9720b74ca933e4da48927938fdb464) Importer(815301076,1909f56bfc062723c751e8b465ee728b) (PreviewImporter) -> (artifact id: '00000000000000000000000000000000') in 0.0005681 seconds
Import Error Code:(4)
Message: Build asset version error: assets/scripts/weapons/weapondata.cs in SourceAssetDB has modification time of '2026-10-05T11:43:46.6317961Z' while content on disk has modification time of '2026-10-05T11:44:21.659Z'
  ERROR: Build asset version error: assets/scripts/weapons/weapondata.cs in SourceAssetDB has modification time of '2026-10-05T11:43:46.6317961Z' while content on disk has modification time of '2026-10-05T11:44:21.659Z'
Number of updated asset objects reloaded before import = 0Number of asset objects unloaded after import = 0

========================================================================
Received Import Request.
  Time since last request: 0.000049 seconds.
  path: Assets/Scripts/Weapons/WeaponData.cs
  artifactKey: Guid(2d9720b74ca933e4da48927938fdb464) Importer(815301076,1909f56bfc062723c751e8b465ee728b)
Start importing Assets/Scripts/Weapons/WeaponData.cs using Guid(2d9720b74ca933e4da48927938fdb464) Importer(815301076,1909f56bfc062723c751e8b465ee728b) (PreviewImporter) -> (artifact id: '00000000000000000000000000000000') in 0.0010531 seconds
Import Error Code:(4)
Message: Build asset version error: assets/scripts/weapons/weapondata.cs in SourceAssetDB has modification time of '2026-10-05T11:43:46.6317961Z' while content on disk has modification time of '2026-10-05T11:44:21.659Z'
  ERROR: Build asset version error: assets/scripts/weapons/weapondata.cs in SourceAssetDB has modification time of '2026-10-05T11:43:46.6317961Z' while content on disk has modification time of '2026-10-05T11:44:21.659Z'
Number of updated asset objects reloaded before import = 0Number of asset objects unloaded after import = 0

========================================================================
Received Import Request.
  Time since last request: 0.000028 seconds.
  path: Assets/Scripts/Weapons/WeaponData.cs
  artifactKey: Guid(2d9720b74ca933e4da48927938fdb464) Importer(815301076,1909f56bfc062723c751e8b465ee728b)
Start importing Assets/Scripts/Weapons/WeaponData.cs using Guid(2d9720b74ca933e4da48927938fdb464) Importer(815301076,1909f56bfc062723c751e8b465ee728b) (PreviewImporter) -> (artifact id: '00000000000000000000000000000000') in 0.0012412 seconds
Import Error Code:(4)
Message: Build asset version error: assets/scripts/weapons/weapondata.cs in SourceAssetDB has modification time of '2026-10-05T11:43:46.6317961Z' while content on disk has modification time of '2026-10-05T11:44:21.659Z'
  ERROR: Build asset version error: assets/scripts/weapons/weapondata.cs in SourceAssetDB has modification time of '2026-10-05T11:43:46.6317961Z' while content on disk has modification time of '2026-10-05T11:44:21.659Z'
Number of updated asset objects reloaded before import = 0Number of asset objects unloaded after import = 0

========================================================================
Received Import Request.
  Time since last request: 0.000024 seconds.
  path: Assets/Scripts/Weapons/WeaponData.cs
  artifactKey: Guid(2d9720b74ca933e4da48927938fdb464) Importer(815301076,1909f56bfc062723c751e8b465ee728b)
Start importing Assets/Scripts/Weapons/WeaponData.cs using Guid(2d9720b74ca933e4da48927938fdb464) Importer(815301076,1909f56bfc062723c751e8b465ee728b) (PreviewImporter) -> (artifact id: '00000000000000000000000000000000') in 0.0006841 seconds
Import Error Code:(4)
Message: Build asset version error: assets/scripts/weapons/weapondata.cs in SourceAssetDB has modification time of '2026-10-05T11:43:46.6317961Z' while content on disk has modification time of '2026-10-05T11:44:21.659Z'
  ERROR: Build asset version error: assets/scripts/weapons/weapondata.cs in SourceAssetDB has modification time of '2026-10-05T11:43:46.6317961Z' while content on disk has modification time of '2026-10-05T11:44:21.659Z'
Number of updated asset objects reloaded before import = 0Number of asset objects unloaded after import = 0

========================================================================
Received Import Request.
  Time since last request: 0.000033 seconds.
  path: Assets/Scripts/Weapons/WeaponData.cs
  artifactKey: Guid(2d9720b74ca933e4da48927938fdb464) Importer(815301076,1909f56bfc062723c751e8b465ee728b)
Start importing Assets/Scripts/Weapons/WeaponData.cs using Guid(2d9720b74ca933e4da48927938fdb464) Importer(815301076,1909f56bfc062723c751e8b465ee728b) (PreviewImporter) -> (artifact id: '00000000000000000000000000000000') in 0.0011281 seconds
Import Error Code:(4)
Message: Build asset version error: assets/scripts/weapons/weapondata.cs in SourceAssetDB has modification time of '2026-10-05T11:43:46.6317961Z' while content on disk has modification time of '2026-10-05T11:44:21.659Z'
  ERROR: Build asset version error: assets/scripts/weapons/weapondata.cs in SourceAssetDB has modification time of '2026-10-05T11:43:46.6317961Z' while content on disk has modification time of '2026-10-05T11:44:21.659Z'
Number of updated asset objects reloaded before import = 0Number of asset objects unloaded after import = 0

========================================================================
Received Import Request.
  Time since last request: 0.000026 seconds.
  path: Assets/Scripts/Weapons/WeaponData.cs
  artifactKey: Guid(2d9720b74ca933e4da48927938fdb464) Importer(815301076,1909f56bfc062723c751e8b465ee728b)
Start importing Assets/Scripts/Weapons/WeaponData.cs using Guid(2d9720b74ca933e4da48927938fdb464) Importer(815301076,1909f56bfc062723c751e8b465ee728b) (PreviewImporter) -> (artifact id: '00000000000000000000000000000000') in 0.0006135 seconds
Import Error Code:(4)
Message: Build asset version error: assets/scripts/weapons/weapondata.cs in SourceAssetDB has modification time of '2026-10-05T11:43:46.6317961Z' while content on disk has modification time of '2026-10-05T11:44:21.659Z'
  ERROR: Build asset version error: assets/scripts/weapons/weapondata.cs in SourceAssetDB has modification time of '2026-10-05T11:43:46.6317961Z' while content on disk has modification time of '2026-10-05T11:44:21.659Z'
Number of updated asset objects reloaded before import = 0Number of asset objects unloaded after import = 0

========================================================================
Received Import Request.
  Time since last request: 0.000032 seconds.
  path: Assets/Scripts/Weapons/WeaponData.cs
  artifactKey: Guid(2d9720b74ca933e4da48927938fdb464) Importer(815301076,1909f56bfc062723c751e8b465ee728b)
Start importing Assets/Scripts/Weapons/WeaponData.cs using Guid(2d9720b74ca933e4da48927938fdb464) Importer(815301076,1909f56bfc062723c751e8b465ee728b) (PreviewImporter) -> (artifact id: '00000000000000000000000000000000') in 0.0006023 seconds
Import Error Code:(4)
Message: Build asset version error: assets/scripts/weapons/weapondata.cs in SourceAssetDB has modification time of '2026-10-05T11:43:46.6317961Z' while content on disk has modification time of '2026-10-05T11:44:21.659Z'
  ERROR: Build asset version error: assets/scripts/weapons/weapondata.cs in SourceAssetDB has modification time of '2026-10-05T11:43:46.6317961Z' while content on disk has modification time of '2026-10-05T11:44:21.659Z'
Number of updated asset objects reloaded before import = 0Number of asset objects unloaded after import = 0

========================================================================
Received Import Request.
  Time since last request: 0.000056 seconds.
  path: Assets/Scripts/Weapons/WeaponData.cs
  artifactKey: Guid(2d9720b74ca933e4da48927938fdb464) Importer(815301076,1909f56bfc062723c751e8b465ee728b)
Start importing Assets/Scripts/Weapons/WeaponData.cs using Guid(2d9720b74ca933e4da48927938fdb464) Importer(815301076,1909f56bfc062723c751e8b465ee728b) (PreviewImporter) -> (artifact id: '00000000000000000000000000000000') in 0.0007673 seconds
Import Error Code:(4)
Message: Build asset version error: assets/scripts/weapons/weapondata.cs in SourceAssetDB has modification time of '2026-10-05T11:43:46.6317961Z' while content on disk has modification time of '2026-10-05T11:44:21.659Z'
  ERROR: Build asset version error: assets/scripts/weapons/weapondata.cs in SourceAssetDB has modification time of '2026-10-05T11:43:46.6317961Z' while content on disk has modification time of '2026-10-05T11:44:21.659Z'
Number of updated asset objects reloaded before import = 0Number of asset objects unloaded after import = 0

========================================================================
Received Import Request.
  Time since last request: 0.000028 seconds.
  path: Assets/Scripts/Weapons/WeaponData.cs
  artifactKey: Guid(2d9720b74ca933e4da48927938fdb464) Importer(815301076,1909f56bfc062723c751e8b465ee728b)
Start importing Assets/Scripts/Weapons/WeaponData.cs using Guid(2d9720b74ca933e4da48927938fdb464) Importer(815301076,1909f56bfc062723c751e8b465ee728b) (PreviewImporter) -> (artifact id: '00000000000000000000000000000000') in 0.0009932 seconds
Import Error Code:(4)
Message: Build asset version error: assets/scripts/weapons/weapondata.cs in SourceAssetDB has modification time of '2026-10-05T11:43:46.6317961Z' while content on disk has modification time of '2026-10-05T11:44:21.659Z'
  ERROR: Build asset version error: assets/scripts/weapons/weapondata.cs in SourceAssetDB has modification time of '2026-10-05T11:43:46.6317961Z' while content on disk has modification time of '2026-10-05T11:44:21.659Z'
Number of updated asset objects reloaded before import = 0Number of asset objects unloaded after import = 0

========================================================================
Received Import Request.
  Time since last request: 0.000031 seconds.
  path: Assets/Scripts/Weapons/WeaponData.cs
  artifactKey: Guid(2d9720b74ca933e4da48927938fdb464) Importer(815301076,1909f56bfc062723c751e8b465ee728b)
Start importing Assets/Scripts/Weapons/WeaponData.cs using Guid(2d9720b74ca933e4da48927938fdb464) Importer(815301076,1909f56bfc062723c751e8b465ee728b) (PreviewImporter) -> (artifact id: '00000000000000000000000000000000') in 0.0016804 seconds
Import Error Code:(4)
Message: Build asset version error: assets/scripts/weapons/weapondata.cs in SourceAssetDB has modification time of '2026-10-05T11:43:46.6317961Z' while content on disk has modification time of '2026-10-05T11:44:21.659Z'
  ERROR: Build asset version error: assets/scripts/weapons/weapondata.cs in SourceAssetDB has modification time of '2026-10-05T11:43:46.6317961Z' while content on disk has modification time of '2026-10-05T11:44:21.659Z'
Number of updated asset objects reloaded before import = 0Number of asset objects unloaded after import = 0

========================================================================
Received Import Request.
  Time since last request: 0.000054 seconds.
  path: Assets/Scripts/Weapons/WeaponData.cs
  artifactKey: Guid(2d9720b74ca933e4da48927938fdb464) Importer(815301076,1909f56bfc062723c751e8b465ee728b)
Start importing Assets/Scripts/Weapons/WeaponData.cs using Guid(2d9720b74ca933e4da48927938fdb464) Importer(815301076,1909f56bfc062723c751e8b465ee728b) (PreviewImporter) -> (artifact id: '00000000000000000000000000000000') in 0.0014524 seconds
Import Error Code:(4)
Message: Build asset version error: assets/scripts/weapons/weapondata.cs in SourceAssetDB has modification time of '2026-10-05T11:43:46.6317961Z' while content on disk has modification time of '2026-10-05T11:44:21.659Z'
  ERROR: Build asset version error: assets/scripts/weapons/weapondata.cs in SourceAssetDB has modification time of '2026-10-05T11:43:46.6317961Z' while content on disk has modification time of '2026-10-05T11:44:21.659Z'
Number of updated asset objects reloaded before import = 0Number of asset objects unloaded after import = 0

========================================================================
Received Import Request.
  Time since last request: 0.000039 seconds.
  path: Assets/Scripts/Weapons/WeaponData.cs
  artifactKey: Guid(2d9720b74ca933e4da48927938fdb464) Importer(815301076,1909f56bfc062723c751e8b465ee728b)
Start importing Assets/Scripts/Weapons/WeaponData.cs using Guid(2d9720b74ca933e4da48927938fdb464) Importer(815301076,1909f56bfc062723c751e8b465ee728b) (PreviewImporter) -> (artifact id: '00000000000000000000000000000000') in 0.0032604 seconds
Import Error Code:(4)
Message: Build asset version error: assets/scripts/weapons/weapondata.cs in SourceAssetDB has modification time of '2026-10-05T11:43:46.6317961Z' while content on disk has modification time of '2026-10-05T11:44:21.659Z'
  ERROR: Build asset version error: assets/scripts/weapons/weapondata.cs in SourceAssetDB has modification time of '2026-10-05T11:43:46.6317961Z' while content on disk has modification time of '2026-10-05T11:44:21.659Z'
Number of updated asset objects reloaded before import = 0Number of asset objects unloaded after import = 0

========================================================================
Received Import Request.
  Time since last request: 0.000030 seconds.
  path: Assets/Scripts/Weapons/WeaponData.cs
  artifactKey: Guid(2d9720b74ca933e4da48927938fdb464) Importer(815301076,1909f56bfc062723c751e8b465ee728b)
Start importing Assets/Scripts/Weapons/WeaponData.cs using Guid(2d9720b74ca933e4da48927938fdb464) Importer(815301076,1909f56bfc062723c751e8b465ee728b) (PreviewImporter) -> (artifact id: '00000000000000000000000000000000') in 0.0006348 seconds
Import Error Code:(4)
Message: Build asset version error: assets/scripts/weapons/weapondata.cs in SourceAssetDB has modification time of '2026-10-05T11:43:46.6317961Z' while content on disk has modification time of '2026-10-05T11:44:21.659Z'
  ERROR: Build asset version error: assets/scripts/weapons/weapondata.cs in SourceAssetDB has modification time of '2026-10-05T11:43:46.6317961Z' while content on disk has modification time of '2026-10-05T11:44:21.659Z'
Number of updated asset objects reloaded before import = 0Number of asset objects unloaded after import = 0

========================================================================
Received Import Request.
  Time since last request: 0.000022 seconds.
  path: Assets/Scripts/Weapons/WeaponData.cs
  artifactKey: Guid(2d9720b74ca933e4da48927938fdb464) Importer(815301076,1909f56bfc062723c751e8b465ee728b)
Start importing Assets/Scripts/Weapons/WeaponData.cs using Guid(2d9720b74ca933e4da48927938fdb464) Importer(815301076,1909f56bfc062723c751e8b465ee728b) (PreviewImporter) -> (artifact id: '00000000000000000000000000000000') in 0.0006451 seconds
Import Error Code:(4)
Message: Build asset version error: assets/scripts/weapons/weapondata.cs in SourceAssetDB has modification time of '2026-10-05T11:43:46.6317961Z' while content on disk has modification time of '2026-10-05T11:44:21.659Z'
  ERROR: Build asset version error: assets/scripts/weapons/weapondata.cs in SourceAssetDB has modification time of '2026-10-05T11:43:46.6317961Z' while content on disk has modification time of '2026-10-05T11:44:21.659Z'
Number of updated asset objects reloaded before import = 0Number of asset objects unloaded after import = 0

========================================================================
Received Import Request.
  Time since last request: 0.000027 seconds.
  path: Assets/Scripts/Weapons/WeaponData.cs
  artifactKey: Guid(2d9720b74ca933e4da48927938fdb464) Importer(815301076,1909f56bfc062723c751e8b465ee728b)
Start importing Assets/Scripts/Weapons/WeaponData.cs using Guid(2d9720b74ca933e4da48927938fdb464) Importer(815301076,1909f56bfc062723c751e8b465ee728b) (PreviewImporter) -> (artifact id: '00000000000000000000000000000000') in 0.0005955 seconds
Import Error Code:(4)
Message: Build asset version error: assets/scripts/weapons/weapondata.cs in SourceAssetDB has modification time of '2026-10-05T11:43:46.6317961Z' while content on disk has modification time of '2026-10-05T11:44:21.659Z'
  ERROR: Build asset version error: assets/scripts/weapons/weapondata.cs in SourceAssetDB has modification time of '2026-10-05T11:43:46.6317961Z' while content on disk has modification time of '2026-10-05T11:44:21.659Z'
Number of updated asset objects reloaded before import = 0Number of asset objects unloaded after import = 0

========================================================================
Received Import Request.
  Time since last request: 0.000027 seconds.
  path: Assets/Scripts/Weapons/WeaponData.cs
  artifactKey: Guid(2d9720b74ca933e4da48927938fdb464) Importer(815301076,1909f56bfc062723c751e8b465ee728b)
Start importing Assets/Scripts/Weapons/WeaponData.cs using Guid(2d9720b74ca933e4da48927938fdb464) Importer(815301076,1909f56bfc062723c751e8b465ee728b) (PreviewImporter) -> (artifact id: '00000000000000000000000000000000') in 0.0006966 seconds
Import Error Code:(4)
Message: Build asset version error: assets/scripts/weapons/weapondata.cs in SourceAssetDB has modification time of '2026-10-05T11:43:46.6317961Z' while content on disk has modification time of '2026-10-05T11:44:21.659Z'
  ERROR: Build asset version error: assets/scripts/weapons/weapondata.cs in SourceAssetDB has modification time of '2026-10-05T11:43:46.6317961Z' while content on disk has modification time of '2026-10-05T11:44:21.659Z'
Number of updated asset objects reloaded before import = 0Number of asset objects unloaded after import = 0

========================================================================
Received Import Request.
  Time since last request: 0.000033 seconds.
  path: Assets/Scripts/Weapons/WeaponData.cs
  artifactKey: Guid(2d9720b74ca933e4da48927938fdb464) Importer(815301076,1909f56bfc062723c751e8b465ee728b)
Start importing Assets/Scripts/Weapons/WeaponData.cs using Guid(2d9720b74ca933e4da48927938fdb464) Importer(815301076,1909f56bfc062723c751e8b465ee728b) (PreviewImporter) -> (artifact id: '00000000000000000000000000000000') in 0.0007189 seconds
Import Error Code:(4)
Message: Build asset version error: assets/scripts/weapons/weapondata.cs in SourceAssetDB has modification time of '2026-10-05T11:43:46.6317961Z' while content on disk has modification time of '2026-10-05T11:44:21.659Z'
  ERROR: Build asset version error: assets/scripts/weapons/weapondata.cs in SourceAssetDB has modification time of '2026-10-05T11:43:46.6317961Z' while content on disk has modification time of '2026-10-05T11:44:21.659Z'
Number of updated asset objects reloaded before import = 0Number of asset objects unloaded after import = 0

========================================================================
Received Import Request.
  Time since last request: 0.000047 seconds.
  path: Assets/Scripts/Weapons/WeaponData.cs
  artifactKey: Guid(2d9720b74ca933e4da48927938fdb464) Importer(815301076,1909f56bfc062723c751e8b465ee728b)
Start importing Assets/Scripts/Weapons/WeaponData.cs using Guid(2d9720b74ca933e4da48927938fdb464) Importer(815301076,1909f56bfc062723c751e8b465ee728b) (PreviewImporter) -> (artifact id: '00000000000000000000000000000000') in 0.0006099 seconds
Import Error Code:(4)
Message: Build asset version error: assets/scripts/weapons/weapondata.cs in SourceAssetDB has modification time of '2026-10-05T11:43:46.6317961Z' while content on disk has modification time of '2026-10-05T11:44:21.659Z'
  ERROR: Build asset version error: assets/scripts/weapons/weapondata.cs in SourceAssetDB has modification time of '2026-10-05T11:43:46.6317961Z' while content on disk has modification time of '2026-10-05T11:44:21.659Z'
Number of updated asset objects reloaded before import = 0Number of asset objects unloaded after import = 0

========================================================================
Received Import Request.
  Time since last request: 0.000035 seconds.
  path: Assets/Scripts/Weapons/WeaponData.cs
  artifactKey: Guid(2d9720b74ca933e4da48927938fdb464) Importer(815301076,1909f56bfc062723c751e8b465ee728b)
Start importing Assets/Scripts/Weapons/WeaponData.cs using Guid(2d9720b74ca933e4da48927938fdb464) Importer(815301076,1909f56bfc062723c751e8b465ee728b) (PreviewImporter) -> (artifact id: '00000000000000000000000000000000') in 0.0007282 seconds
Import Error Code:(4)
Message: Build asset version error: assets/scripts/weapons/weapondata.cs in SourceAssetDB has modification time of '2026-10-05T11:43:46.6317961Z' while content on disk has modification time of '2026-10-05T11:44:21.659Z'
  ERROR: Build asset version error: assets/scripts/weapons/weapondata.cs in SourceAssetDB has modification time of '2026-10-05T11:43:46.6317961Z' while content on disk has modification time of '2026-10-05T11:44:21.659Z'
Number of updated asset objects reloaded before import = 0Number of asset objects unloaded after import = 0

========================================================================
Received Import Request.
  Time since last request: 0.000023 seconds.
  path: Assets/Scripts/Weapons/WeaponData.cs
  artifactKey: Guid(2d9720b74ca933e4da48927938fdb464) Importer(815301076,1909f56bfc062723c751e8b465ee728b)
Start importing Assets/Scripts/Weapons/WeaponData.cs using Guid(2d9720b74ca933e4da48927938fdb464) Importer(815301076,1909f56bfc062723c751e8b465ee728b) (PreviewImporter) -> (artifact id: '00000000000000000000000000000000') in 0.0008964 seconds
Import Error Code:(4)
Message: Build asset version error: assets/scripts/weapons/weapondata.cs in SourceAssetDB has modification time of '2026-10-05T11:43:46.6317961Z' while content on disk has modification time of '2026-10-05T11:44:21.659Z'
  ERROR: Build asset version error: assets/scripts/weapons/weapondata.cs in SourceAssetDB has modification time of '2026-10-05T11:43:46.6317961Z' while content on disk has modification time of '2026-10-05T11:44:21.659Z'
Number of updated asset objects reloaded before import = 0Number of asset objects unloaded after import = 0

========================================================================
Received Import Request.
  Time since last request: 0.000021 seconds.
  path: Assets/Scripts/Weapons/WeaponData.cs
  artifactKey: Guid(2d9720b74ca933e4da48927938fdb464) Importer(815301076,1909f56bfc062723c751e8b465ee728b)
Start importing Assets/Scripts/Weapons/WeaponData.cs using Guid(2d9720b74ca933e4da48927938fdb464) Importer(815301076,1909f56bfc062723c751e8b465ee728b) (PreviewImporter) -> (artifact id: '00000000000000000000000000000000') in 0.0008531 seconds
Import Error Code:(4)
Message: Build asset version error: assets/scripts/weapons/weapondata.cs in SourceAssetDB has modification time of '2026-10-05T11:43:46.6317961Z' while content on disk has modification time of '2026-10-05T11:44:21.659Z'
  ERROR: Build asset version error: assets/scripts/weapons/weapondata.cs in SourceAssetDB has modification time of '2026-10-05T11:43:46.6317961Z' while content on disk has modification time of '2026-10-05T11:44:21.659Z'
Number of updated asset objects reloaded before import = 0Number of asset objects unloaded after import = 0

========================================================================
Received Import Request.
  Time since last request: 0.000065 seconds.
  path: Assets/Scripts/Weapons/WeaponData.cs
  artifactKey: Guid(2d9720b74ca933e4da48927938fdb464) Importer(815301076,1909f56bfc062723c751e8b465ee728b)
Start importing Assets/Scripts/Weapons/WeaponData.cs using Guid(2d9720b74ca933e4da48927938fdb464) Importer(815301076,1909f56bfc062723c751e8b465ee728b) (PreviewImporter) -> (artifact id: '00000000000000000000000000000000') in 0.0009326 seconds
Import Error Code:(4)
Message: Build asset version error: assets/scripts/weapons/weapondata.cs in SourceAssetDB has modification time of '2026-10-05T11:43:46.6317961Z' while content on disk has modification time of '2026-10-05T11:44:21.659Z'
  ERROR: Build asset version error: assets/scripts/weapons/weapondata.cs in SourceAssetDB has modification time of '2026-10-05T11:43:46.6317961Z' while content on disk has modification time of '2026-10-05T11:44:21.659Z'
Number of updated asset objects reloaded before import = 0Number of asset objects unloaded after import = 0

========================================================================
Received Import Request.
  Time since last request: 0.000027 seconds.
  path: Assets/Scripts/Weapons/WeaponData.cs
  artifactKey: Guid(2d9720b74ca933e4da48927938fdb464) Importer(815301076,1909f56bfc062723c751e8b465ee728b)
Start importing Assets/Scripts/Weapons/WeaponData.cs using Guid(2d9720b74ca933e4da48927938fdb464) Importer(815301076,1909f56bfc062723c751e8b465ee728b) (PreviewImporter) -> (artifact id: '00000000000000000000000000000000') in 0.0008374 seconds
Import Error Code:(4)
Message: Build asset version error: assets/scripts/weapons/weapondata.cs in SourceAssetDB has modification time of '2026-10-05T11:43:46.6317961Z' while content on disk has modification time of '2026-10-05T11:44:21.659Z'
  ERROR: Build asset version error: assets/scripts/weapons/weapondata.cs in SourceAssetDB has modification time of '2026-10-05T11:43:46.6317961Z' while content on disk has modification time of '2026-10-05T11:44:21.659Z'
Number of updated asset objects reloaded before import = 0Number of asset objects unloaded after import = 0

========================================================================
Received Import Request.
  Time since last request: 0.000058 seconds.
  path: Assets/Scripts/Weapons/WeaponData.cs
  artifactKey: Guid(2d9720b74ca933e4da48927938fdb464) Importer(815301076,1909f56bfc062723c751e8b465ee728b)
Start importing Assets/Scripts/Weapons/WeaponData.cs using Guid(2d9720b74ca933e4da48927938fdb464) Importer(815301076,1909f56bfc062723c751e8b465ee728b) (PreviewImporter) -> (artifact id: '00000000000000000000000000000000') in 0.0009819 seconds
Import Error Code:(4)
Message: Build asset version error: assets/scripts/weapons/weapondata.cs in SourceAssetDB has modification time of '2026-10-05T11:43:46.6317961Z' while content on disk has modification time of '2026-10-05T11:44:21.659Z'
  ERROR: Build asset version error: assets/scripts/weapons/weapondata.cs in SourceAssetDB has modification time of '2026-10-05T11:43:46.6317961Z' while content on disk has modification time of '2026-10-05T11:44:21.659Z'
Number of updated asset objects reloaded before import = 0Number of asset objects unloaded after import = 0

========================================================================
Received Import Request.
  Time since last request: 0.000021 seconds.
  path: Assets/Scripts/Weapons/WeaponData.cs
  artifactKey: Guid(2d9720b74ca933e4da48927938fdb464) Importer(815301076,1909f56bfc062723c751e8b465ee728b)
Start importing Assets/Scripts/Weapons/WeaponData.cs using Guid(2d9720b74ca933e4da48927938fdb464) Importer(815301076,1909f56bfc062723c751e8b465ee728b) (PreviewImporter) -> (artifact id: '00000000000000000000000000000000') in 0.0007035 seconds
Import Error Code:(4)
Message: Build asset version error: assets/scripts/weapons/weapondata.cs in SourceAssetDB has modification time of '2026-10-05T11:43:46.6317961Z' while content on disk has modification time of '2026-10-05T11:44:21.659Z'
  ERROR: Build asset version error: assets/scripts/weapons/weapondata.cs in SourceAssetDB has modification time of '2026-10-05T11:43:46.6317961Z' while content on disk has modification time of '2026-10-05T11:44:21.659Z'
Number of updated asset objects reloaded before import = 0Number of asset objects unloaded after import = 0

========================================================================
Received Import Request.
  Time since last request: 0.000024 seconds.
  path: Assets/Scripts/Weapons/WeaponData.cs
  artifactKey: Guid(2d9720b74ca933e4da48927938fdb464) Importer(815301076,1909f56bfc062723c751e8b465ee728b)
Start importing Assets/Scripts/Weapons/WeaponData.cs using Guid(2d9720b74ca933e4da48927938fdb464) Importer(815301076,1909f56bfc062723c751e8b465ee728b) (PreviewImporter) -> (artifact id: '00000000000000000000000000000000') in 0.0005722 seconds
Import Error Code:(4)
Message: Build asset version error: assets/scripts/weapons/weapondata.cs in SourceAssetDB has modification time of '2026-10-05T11:43:46.6317961Z' while content on disk has modification time of '2026-10-05T11:44:21.659Z'
  ERROR: Build asset version error: assets/scripts/weapons/weapondata.cs in SourceAssetDB has modification time of '2026-10-05T11:43:46.6317961Z' while content on disk has modification time of '2026-10-05T11:44:21.659Z'
Number of updated asset objects reloaded before import = 0Number of asset objects unloaded after import = 0

========================================================================
Received Import Request.
  Time since last request: 0.000023 seconds.
  path: Assets/Scripts/Weapons/WeaponData.cs
  artifactKey: Guid(2d9720b74ca933e4da48927938fdb464) Importer(815301076,1909f56bfc062723c751e8b465ee728b)
Start importing Assets/Scripts/Weapons/WeaponData.cs using Guid(2d9720b74ca933e4da48927938fdb464) Importer(815301076,1909f56bfc062723c751e8b465ee728b) (PreviewImporter) -> (artifact id: '00000000000000000000000000000000') in 0.0007235 seconds
Import Error Code:(4)
Message: Build asset version error: assets/scripts/weapons/weapondata.cs in SourceAssetDB has modification time of '2026-10-05T11:43:46.6317961Z' while content on disk has modification time of '2026-10-05T11:44:21.659Z'
  ERROR: Build asset version error: assets/scripts/weapons/weapondata.cs in SourceAssetDB has modification time of '2026-10-05T11:43:46.6317961Z' while content on disk has modification time of '2026-10-05T11:44:21.659Z'
Number of updated asset objects reloaded before import = 0Number of asset objects unloaded after import = 0

========================================================================
Received Import Request.
  Time since last request: 0.000037 seconds.
  path: Assets/Scripts/Weapons/WeaponData.cs
  artifactKey: Guid(2d9720b74ca933e4da48927938fdb464) Importer(815301076,1909f56bfc062723c751e8b465ee728b)
Start importing Assets/Scripts/Weapons/WeaponData.cs using Guid(2d9720b74ca933e4da48927938fdb464) Importer(815301076,1909f56bfc062723c751e8b465ee728b) (PreviewImporter) -> (artifact id: '00000000000000000000000000000000') in 0.0006744 seconds
Import Error Code:(4)
Message: Build asset version error: assets/scripts/weapons/weapondata.cs in SourceAssetDB has modification time of '2026-10-05T11:43:46.6317961Z' while content on disk has modification time of '2026-10-05T11:44:21.659Z'
  ERROR: Build asset version error: assets/scripts/weapons/weapondata.cs in SourceAssetDB has modification time of '2026-10-05T11:43:46.6317961Z' while content on disk has modification time of '2026-10-05T11:44:21.659Z'
Number of updated asset objects reloaded before import = 0Number of asset objects unloaded after import = 0

========================================================================
Received Import Request.
  Time since last request: 0.000025 seconds.
  path: Assets/Scripts/Weapons/WeaponData.cs
  artifactKey: Guid(2d9720b74ca933e4da48927938fdb464) Importer(815301076,1909f56bfc062723c751e8b465ee728b)
Start importing Assets/Scripts/Weapons/WeaponData.cs using Guid(2d9720b74ca933e4da48927938fdb464) Importer(815301076,1909f56bfc062723c751e8b465ee728b) (PreviewImporter) -> (artifact id: '00000000000000000000000000000000') in 0.0007684 seconds
Import Error Code:(4)
Message: Build asset version error: assets/scripts/weapons/weapondata.cs in SourceAssetDB has modification time of '2026-10-05T11:43:46.6317961Z' while content on disk has modification time of '2026-10-05T11:44:21.659Z'
  ERROR: Build asset version error: assets/scripts/weapons/weapondata.cs in SourceAssetDB has modification time of '2026-10-05T11:43:46.6317961Z' while content on disk has modification time of '2026-10-05T11:44:21.659Z'
Number of updated asset objects reloaded before import = 0Number of asset objects unloaded after import = 0

========================================================================
Received Import Request.
  Time since last request: 0.000021 seconds.
  path: Assets/Scripts/Weapons/WeaponData.cs
  artifactKey: Guid(2d9720b74ca933e4da48927938fdb464) Importer(815301076,1909f56bfc062723c751e8b465ee728b)
Start importing Assets/Scripts/Weapons/WeaponData.cs using Guid(2d9720b74ca933e4da48927938fdb464) Importer(815301076,1909f56bfc062723c751e8b465ee728b) (PreviewImporter) -> (artifact id: '00000000000000000000000000000000') in 0.0007398 seconds
Import Error Code:(4)
Message: Build asset version error: assets/scripts/weapons/weapondata.cs in SourceAssetDB has modification time of '2026-10-05T11:43:46.6317961Z' while content on disk has modification time of '2026-10-05T11:44:21.659Z'
  ERROR: Build asset version error: assets/scripts/weapons/weapondata.cs in SourceAssetDB has modification time of '2026-10-05T11:43:46.6317961Z' while content on disk has modification time of '2026-10-05T11:44:21.659Z'
Number of updated asset objects reloaded before import = 0Number of asset objects unloaded after import = 0

========================================================================
Received Import Request.
  Time since last request: 0.000092 seconds.
  path: Assets/Scripts/Weapons/WeaponData.cs
  artifactKey: Guid(2d9720b74ca933e4da48927938fdb464) Importer(815301076,1909f56bfc062723c751e8b465ee728b)
Start importing Assets/Scripts/Weapons/WeaponData.cs using Guid(2d9720b74ca933e4da48927938fdb464) Importer(815301076,1909f56bfc062723c751e8b465ee728b) (PreviewImporter) -> (artifact id: '00000000000000000000000000000000') in 0.0006111 seconds
Import Error Code:(4)
Message: Build asset version error: assets/scripts/weapons/weapondata.cs in SourceAssetDB has modification time of '2026-10-05T11:43:46.6317961Z' while content on disk has modification time of '2026-10-05T11:44:21.659Z'
  ERROR: Build asset version error: assets/scripts/weapons/weapondata.cs in SourceAssetDB has modification time of '2026-10-05T11:43:46.6317961Z' while content on disk has modification time of '2026-10-05T11:44:21.659Z'
Number of updated asset objects reloaded before import = 0Number of asset objects unloaded after import = 0

========================================================================
Received Import Request.
  Time since last request: 0.000025 seconds.
  path: Assets/Scripts/Weapons/WeaponData.cs
  artifactKey: Guid(2d9720b74ca933e4da48927938fdb464) Importer(815301076,1909f56bfc062723c751e8b465ee728b)
Start importing Assets/Scripts/Weapons/WeaponData.cs using Guid(2d9720b74ca933e4da48927938fdb464) Importer(815301076,1909f56bfc062723c751e8b465ee728b) (PreviewImporter) -> (artifact id: '00000000000000000000000000000000') in 0.0006878 seconds
Import Error Code:(4)
Message: Build asset version error: assets/scripts/weapons/weapondata.cs in SourceAssetDB has modification time of '2026-10-05T11:43:46.6317961Z' while content on disk has modification time of '2026-10-05T11:44:21.659Z'
  ERROR: Build asset version error: assets/scripts/weapons/weapondata.cs in SourceAssetDB has modification time of '2026-10-05T11:43:46.6317961Z' while content on disk has modification time of '2026-10-05T11:44:21.659Z'
Number of updated asset objects reloaded before import = 0Number of asset objects unloaded after import = 0

========================================================================
Received Import Request.
  Time since last request: 0.000069 seconds.
  path: Assets/Scripts/Weapons/WeaponData.cs
  artifactKey: Guid(2d9720b74ca933e4da48927938fdb464) Importer(815301076,1909f56bfc062723c751e8b465ee728b)
Start importing Assets/Scripts/Weapons/WeaponData.cs using Guid(2d9720b74ca933e4da48927938fdb464) Importer(815301076,1909f56bfc062723c751e8b465ee728b) (PreviewImporter) -> (artifact id: '00000000000000000000000000000000') in 0.0007792 seconds
Import Error Code:(4)
Message: Build asset version error: assets/scripts/weapons/weapondata.cs in SourceAssetDB has modification time of '2026-10-05T11:43:46.6317961Z' while content on disk has modification time of '2026-10-05T11:44:21.659Z'
  ERROR: Build asset version error: assets/scripts/weapons/weapondata.cs in SourceAssetDB has modification time of '2026-10-05T11:43:46.6317961Z' while content on disk has modification time of '2026-10-05T11:44:21.659Z'
Number of updated asset objects reloaded before import = 0Number of asset objects unloaded after import = 0

========================================================================
Received Import Request.
  Time since last request: 0.000018 seconds.
  path: Assets/Scripts/Weapons/WeaponData.cs
  artifactKey: Guid(2d9720b74ca933e4da48927938fdb464) Importer(815301076,1909f56bfc062723c751e8b465ee728b)
Start importing Assets/Scripts/Weapons/WeaponData.cs using Guid(2d9720b74ca933e4da48927938fdb464) Importer(815301076,1909f56bfc062723c751e8b465ee728b) (PreviewImporter) -> (artifact id: '00000000000000000000000000000000') in 0.003233 seconds
Import Error Code:(4)
Message: Build asset version error: assets/scripts/weapons/weapondata.cs in SourceAssetDB has modification time of '2026-10-05T11:43:46.6317961Z' while content on disk has modification time of '2026-10-05T11:44:21.659Z'
  ERROR: Build asset version error: assets/scripts/weapons/weapondata.cs in SourceAssetDB has modification time of '2026-10-05T11:43:46.6317961Z' while content on disk has modification time of '2026-10-05T11:44:21.659Z'
Number of updated asset objects reloaded before import = 0Number of asset objects unloaded after import = 0

========================================================================
Received Import Request.
  Time since last request: 0.000021 seconds.
  path: Assets/Scripts/Weapons/WeaponData.cs
  artifactKey: Guid(2d9720b74ca933e4da48927938fdb464) Importer(815301076,1909f56bfc062723c751e8b465ee728b)
Start importing Assets/Scripts/Weapons/WeaponData.cs using Guid(2d9720b74ca933e4da48927938fdb464) Importer(815301076,1909f56bfc062723c751e8b465ee728b) (PreviewImporter) -> (artifact id: '00000000000000000000000000000000') in 0.0006809 seconds
Import Error Code:(4)
Message: Build asset version error: assets/scripts/weapons/weapondata.cs in SourceAssetDB has modification time of '2026-10-05T11:43:46.6317961Z' while content on disk has modification time of '2026-10-05T11:44:21.659Z'
  ERROR: Build asset version error: assets/scripts/weapons/weapondata.cs in SourceAssetDB has modification time of '2026-10-05T11:43:46.6317961Z' while content on disk has modification time of '2026-10-05T11:44:21.659Z'
Number of updated asset objects reloaded before import = 0Number of asset objects unloaded after import = 0

========================================================================
Received Import Request.
  Time since last request: 0.000037 seconds.
  path: Assets/Scripts/Weapons/WeaponData.cs
  artifactKey: Guid(2d9720b74ca933e4da48927938fdb464) Importer(815301076,1909f56bfc062723c751e8b465ee728b)
Start importing Assets/Scripts/Weapons/WeaponData.cs using Guid(2d9720b74ca933e4da48927938fdb464) Importer(815301076,1909f56bfc062723c751e8b465ee728b) (PreviewImporter) -> (artifact id: '00000000000000000000000000000000') in 0.0022697 seconds
Import Error Code:(4)
Message: Build asset version error: assets/scripts/weapons/weapondata.cs in SourceAssetDB has modification time of '2026-10-05T11:43:46.6317961Z' while content on disk has modification time of '2026-10-05T11:44:21.659Z'
  ERROR: Build asset version error: assets/scripts/weapons/weapondata.cs in SourceAssetDB has modification time of '2026-10-05T11:43:46.6317961Z' while content on disk has modification time of '2026-10-05T11:44:21.659Z'
Number of updated asset objects reloaded before import = 0Number of asset objects unloaded after import = 0

========================================================================
Received Import Request.
  Time since last request: 0.000027 seconds.
  path: Assets/Scripts/Weapons/WeaponData.cs
  artifactKey: Guid(2d9720b74ca933e4da48927938fdb464) Importer(815301076,1909f56bfc062723c751e8b465ee728b)
Start importing Assets/Scripts/Weapons/WeaponData.cs using Guid(2d9720b74ca933e4da48927938fdb464) Importer(815301076,1909f56bfc062723c751e8b465ee728b) (PreviewImporter) -> (artifact id: '00000000000000000000000000000000') in 0.0007077 seconds
Import Error Code:(4)
Message: Build asset version error: assets/scripts/weapons/weapondata.cs in SourceAssetDB has modification time of '2026-10-05T11:43:46.6317961Z' while content on disk has modification time of '2026-10-05T11:44:21.659Z'
  ERROR: Build asset version error: assets/scripts/weapons/weapondata.cs in SourceAssetDB has modification time of '2026-10-05T11:43:46.6317961Z' while content on disk has modification time of '2026-10-05T11:44:21.659Z'
Number of updated asset objects reloaded before import = 0Number of asset objects unloaded after import = 0

========================================================================
Received Import Request.
  Time since last request: 0.000041 seconds.
  path: Assets/Scripts/Weapons/WeaponData.cs
  artifactKey: Guid(2d9720b74ca933e4da48927938fdb464) Importer(815301076,1909f56bfc062723c751e8b465ee728b)
Start importing Assets/Scripts/Weapons/WeaponData.cs using Guid(2d9720b74ca933e4da48927938fdb464) Importer(815301076,1909f56bfc062723c751e8b465ee728b) (PreviewImporter) -> (artifact id: '00000000000000000000000000000000') in 0.0006784 seconds
Import Error Code:(4)
Message: Build asset version error: assets/scripts/weapons/weapondata.cs in SourceAssetDB has modification time of '2026-10-05T11:43:46.6317961Z' while content on disk has modification time of '2026-10-05T11:44:21.659Z'
  ERROR: Build asset version error: assets/scripts/weapons/weapondata.cs in SourceAssetDB has modification time of '2026-10-05T11:43:46.6317961Z' while content on disk has modification time of '2026-10-05T11:44:21.659Z'
Number of updated asset objects reloaded before import = 0Number of asset objects unloaded after import = 0

========================================================================
Received Import Request.
  Time since last request: 0.000036 seconds.
  path: Assets/Scripts/Weapons/WeaponData.cs
  artifactKey: Guid(2d9720b74ca933e4da48927938fdb464) Importer(815301076,1909f56bfc062723c751e8b465ee728b)
Start importing Assets/Scripts/Weapons/WeaponData.cs using Guid(2d9720b74ca933e4da48927938fdb464) Importer(815301076,1909f56bfc062723c751e8b465ee728b) (PreviewImporter) -> (artifact id: '00000000000000000000000000000000') in 0.0013239 seconds
Import Error Code:(4)
Message: Build asset version error: assets/scripts/weapons/weapondata.cs in SourceAssetDB has modification time of '2026-10-05T11:43:46.6317961Z' while content on disk has modification time of '2026-10-05T11:44:21.659Z'
  ERROR: Build asset version error: assets/scripts/weapons/weapondata.cs in SourceAssetDB has modification time of '2026-10-05T11:43:46.6317961Z' while content on disk has modification time of '2026-10-05T11:44:21.659Z'
Number of updated asset objects reloaded before import = 0Number of asset objects unloaded after import = 0

========================================================================
Received Import Request.
  Time since last request: 0.000069 seconds.
  path: Assets/Scripts/Weapons/WeaponData.cs
  artifactKey: Guid(2d9720b74ca933e4da48927938fdb464) Importer(815301076,1909f56bfc062723c751e8b465ee728b)
Start importing Assets/Scripts/Weapons/WeaponData.cs using Guid(2d9720b74ca933e4da48927938fdb464) Importer(815301076,1909f56bfc062723c751e8b465ee728b) (PreviewImporter) -> (artifact id: '00000000000000000000000000000000') in 0.0007347 seconds
Import Error Code:(4)
Message: Build asset version error: assets/scripts/weapons/weapondata.cs in SourceAssetDB has modification time of '2026-10-05T11:43:46.6317961Z' while content on disk has modification time of '2026-10-05T11:44:21.659Z'
  ERROR: Build asset version error: assets/scripts/weapons/weapondata.cs in SourceAssetDB has modification time of '2026-10-05T11:43:46.6317961Z' while content on disk has modification time of '2026-10-05T11:44:21.659Z'
Number of updated asset objects reloaded before import = 0Number of asset objects unloaded after import = 0

========================================================================
Received Import Request.
  Time since last request: 0.000051 seconds.
  path: Assets/Scripts/Weapons/WeaponData.cs
  artifactKey: Guid(2d9720b74ca933e4da48927938fdb464) Importer(815301076,1909f56bfc062723c751e8b465ee728b)
Start importing Assets/Scripts/Weapons/WeaponData.cs using Guid(2d9720b74ca933e4da48927938fdb464) Importer(815301076,1909f56bfc062723c751e8b465ee728b) (PreviewImporter) -> (artifact id: '00000000000000000000000000000000') in 0.0006616 seconds
Import Error Code:(4)
Message: Build asset version error: assets/scripts/weapons/weapondata.cs in SourceAssetDB has modification time of '2026-10-05T11:43:46.6317961Z' while content on disk has modification time of '2026-10-05T11:44:21.659Z'
  ERROR: Build asset version error: assets/scripts/weapons/weapondata.cs in SourceAssetDB has modification time of '2026-10-05T11:43:46.6317961Z' while content on disk has modification time of '2026-10-05T11:44:21.659Z'
Number of updated asset objects reloaded before import = 0Number of asset objects unloaded after import = 0

========================================================================
Received Import Request.
  Time since last request: 0.000053 seconds.
  path: Assets/Scripts/Weapons/WeaponData.cs
  artifactKey: Guid(2d9720b74ca933e4da48927938fdb464) Importer(815301076,1909f56bfc062723c751e8b465ee728b)
Start importing Assets/Scripts/Weapons/WeaponData.cs using Guid(2d9720b74ca933e4da48927938fdb464) Importer(815301076,1909f56bfc062723c751e8b465ee728b) (PreviewImporter) -> (artifact id: '00000000000000000000000000000000') in 0.0005924 seconds
Import Error Code:(4)
Message: Build asset version error: assets/scripts/weapons/weapondata.cs in SourceAssetDB has modification time of '2026-10-05T11:43:46.6317961Z' while content on disk has modification time of '2026-10-05T11:44:21.659Z'
  ERROR: Build asset version error: assets/scripts/weapons/weapondata.cs in SourceAssetDB has modification time of '2026-10-05T11:43:46.6317961Z' while content on disk has modification time of '2026-10-05T11:44:21.659Z'
Number of updated asset objects reloaded before import = 0Number of asset objects unloaded after import = 0

========================================================================
Received Import Request.
  Time since last request: 0.000037 seconds.
  path: Assets/Scripts/Weapons/WeaponData.cs
  artifactKey: Guid(2d9720b74ca933e4da48927938fdb464) Importer(815301076,1909f56bfc062723c751e8b465ee728b)
Start importing Assets/Scripts/Weapons/WeaponData.cs using Guid(2d9720b74ca933e4da48927938fdb464) Importer(815301076,1909f56bfc062723c751e8b465ee728b) (PreviewImporter) -> (artifact id: '00000000000000000000000000000000') in 0.0008559 seconds
Import Error Code:(4)
Message: Build asset version error: assets/scripts/weapons/weapondata.cs in SourceAssetDB has modification time of '2026-10-05T11:43:46.6317961Z' while content on disk has modification time of '2026-10-05T11:44:21.659Z'
  ERROR: Build asset version error: assets/scripts/weapons/weapondata.cs in SourceAssetDB has modification time of '2026-10-05T11:43:46.6317961Z' while content on disk has modification time of '2026-10-05T11:44:21.659Z'
Number of updated asset objects reloaded before import = 0Number of asset objects unloaded after import = 0

========================================================================
Received Import Request.
  Time since last request: 0.000034 seconds.
  path: Assets/Scripts/Weapons/WeaponData.cs
  artifactKey: Guid(2d9720b74ca933e4da48927938fdb464) Importer(815301076,1909f56bfc062723c751e8b465ee728b)
Start importing Assets/Scripts/Weapons/WeaponData.cs using Guid(2d9720b74ca933e4da48927938fdb464) Importer(815301076,1909f56bfc062723c751e8b465ee728b) (PreviewImporter) -> (artifact id: '00000000000000000000000000000000') in 0.0016671 seconds
Import Error Code:(4)
Message: Build asset version error: assets/scripts/weapons/weapondata.cs in SourceAssetDB has modification time of '2026-10-05T11:43:46.6317961Z' while content on disk has modification time of '2026-10-05T11:44:21.659Z'
  ERROR: Build asset version error: assets/scripts/weapons/weapondata.cs in SourceAssetDB has modification time of '2026-10-05T11:43:46.6317961Z' while content on disk has modification time of '2026-10-05T11:44:21.659Z'
Number of updated asset objects reloaded before import = 0Number of asset objects unloaded after import = 0

========================================================================
Received Import Request.
  Time since last request: 0.000022 seconds.
  path: Assets/Scripts/Weapons/WeaponData.cs
  artifactKey: Guid(2d9720b74ca933e4da48927938fdb464) Importer(815301076,1909f56bfc062723c751e8b465ee728b)
Start importing Assets/Scripts/Weapons/WeaponData.cs using Guid(2d9720b74ca933e4da48927938fdb464) Importer(815301076,1909f56bfc062723c751e8b465ee728b) (PreviewImporter) -> (artifact id: '00000000000000000000000000000000') in 0.0009391 seconds
Import Error Code:(4)
Message: Build asset version error: assets/scripts/weapons/weapondata.cs in SourceAssetDB has modification time of '2026-10-05T11:43:46.6317961Z' while content on disk has modification time of '2026-10-05T11:44:21.659Z'
  ERROR: Build asset version error: assets/scripts/weapons/weapondata.cs in SourceAssetDB has modification time of '2026-10-05T11:43:46.6317961Z' while content on disk has modification time of '2026-10-05T11:44:21.659Z'
Number of updated asset objects reloaded before import = 0Number of asset objects unloaded after import = 0

========================================================================
Received Import Request.
  Time since last request: 0.000051 seconds.
  path: Assets/Scripts/Weapons/WeaponData.cs
  artifactKey: Guid(2d9720b74ca933e4da48927938fdb464) Importer(815301076,1909f56bfc062723c751e8b465ee728b)
Start importing Assets/Scripts/Weapons/WeaponData.cs using Guid(2d9720b74ca933e4da48927938fdb464) Importer(815301076,1909f56bfc062723c751e8b465ee728b) (PreviewImporter) -> (artifact id: '00000000000000000000000000000000') in 0.0014303 seconds
Import Error Code:(4)
Message: Build asset version error: assets/scripts/weapons/weapondata.cs in SourceAssetDB has modification time of '2026-10-05T11:43:46.6317961Z' while content on disk has modification time of '2026-10-05T11:44:21.659Z'
  ERROR: Build asset version error: assets/scripts/weapons/weapondata.cs in SourceAssetDB has modification time of '2026-10-05T11:43:46.6317961Z' while content on disk has modification time of '2026-10-05T11:44:21.659Z'
Number of updated asset objects reloaded before import = 0Number of asset objects unloaded after import = 0

========================================================================
Received Import Request.
  Time since last request: 0.000030 seconds.
  path: Assets/Scripts/Weapons/WeaponData.cs
  artifactKey: Guid(2d9720b74ca933e4da48927938fdb464) Importer(815301076,1909f56bfc062723c751e8b465ee728b)
Start importing Assets/Scripts/Weapons/WeaponData.cs using Guid(2d9720b74ca933e4da48927938fdb464) Importer(815301076,1909f56bfc062723c751e8b465ee728b) (PreviewImporter) -> (artifact id: '00000000000000000000000000000000') in 0.0008052 seconds
Import Error Code:(4)
Message: Build asset version error: assets/scripts/weapons/weapondata.cs in SourceAssetDB has modification time of '2026-10-05T11:43:46.6317961Z' while content on disk has modification time of '2026-10-05T11:44:21.659Z'
  ERROR: Build asset version error: assets/scripts/weapons/weapondata.cs in SourceAssetDB has modification time of '2026-10-05T11:43:46.6317961Z' while content on disk has modification time of '2026-10-05T11:44:21.659Z'
Number of updated asset objects reloaded before import = 0Number of asset objects unloaded after import = 0

========================================================================
Received Import Request.
  Time since last request: 0.000044 seconds.
  path: Assets/Scripts/Weapons/WeaponData.cs
  artifactKey: Guid(2d9720b74ca933e4da48927938fdb464) Importer(815301076,1909f56bfc062723c751e8b465ee728b)
Start importing Assets/Scripts/Weapons/WeaponData.cs using Guid(2d9720b74ca933e4da48927938fdb464) Importer(815301076,1909f56bfc062723c751e8b465ee728b) (PreviewImporter) -> (artifact id: '00000000000000000000000000000000') in 0.0009148 seconds
Import Error Code:(4)
Message: Build asset version error: assets/scripts/weapons/weapondata.cs in SourceAssetDB has modification time of '2026-10-05T11:43:46.6317961Z' while content on disk has modification time of '2026-10-05T11:44:21.659Z'
  ERROR: Build asset version error: assets/scripts/weapons/weapondata.cs in SourceAssetDB has modification time of '2026-10-05T11:43:46.6317961Z' while content on disk has modification time of '2026-10-05T11:44:21.659Z'
Number of updated asset objects reloaded before import = 0Number of asset objects unloaded after import = 0

========================================================================
Received Import Request.
  Time since last request: 0.000028 seconds.
  path: Assets/Scripts/Weapons/WeaponData.cs
  artifactKey: Guid(2d9720b74ca933e4da48927938fdb464) Importer(815301076,1909f56bfc062723c751e8b465ee728b)
Start importing Assets/Scripts/Weapons/WeaponData.cs using Guid(2d9720b74ca933e4da48927938fdb464) Importer(815301076,1909f56bfc062723c751e8b465ee728b) (PreviewImporter) -> (artifact id: '00000000000000000000000000000000') in 0.0019376 seconds
Import Error Code:(4)
Message: Build asset version error: assets/scripts/weapons/weapondata.cs in SourceAssetDB has modification time of '2026-10-05T11:43:46.6317961Z' while content on disk has modification time of '2026-10-05T11:44:21.659Z'
  ERROR: Build asset version error: assets/scripts/weapons/weapondata.cs in SourceAssetDB has modification time of '2026-10-05T11:43:46.6317961Z' while content on disk has modification time of '2026-10-05T11:44:21.659Z'
Number of updated asset objects reloaded before import = 0Number of asset objects unloaded after import = 0

========================================================================
Received Import Request.
  Time since last request: 0.000033 seconds.
  path: Assets/Scripts/Weapons/WeaponData.cs
  artifactKey: Guid(2d9720b74ca933e4da48927938fdb464) Importer(815301076,1909f56bfc062723c751e8b465ee728b)
Start importing Assets/Scripts/Weapons/WeaponData.cs using Guid(2d9720b74ca933e4da48927938fdb464) Importer(815301076,1909f56bfc062723c751e8b465ee728b) (PreviewImporter) -> (artifact id: '00000000000000000000000000000000') in 0.0008655 seconds
Import Error Code:(4)
Message: Build asset version error: assets/scripts/weapons/weapondata.cs in SourceAssetDB has modification time of '2026-10-05T11:43:46.6317961Z' while content on disk has modification time of '2026-10-05T11:44:21.659Z'
  ERROR: Build asset version error: assets/scripts/weapons/weapondata.cs in SourceAssetDB has modification time of '2026-10-05T11:43:46.6317961Z' while content on disk has modification time of '2026-10-05T11:44:21.659Z'
Number of updated asset objects reloaded before import = 0Number of asset objects unloaded after import = 0

========================================================================
Received Import Request.
  Time since last request: 0.000019 seconds.
  path: Assets/Scripts/Weapons/WeaponData.cs
  artifactKey: Guid(2d9720b74ca933e4da48927938fdb464) Importer(815301076,1909f56bfc062723c751e8b465ee728b)
Start importing Assets/Scripts/Weapons/WeaponData.cs using Guid(2d9720b74ca933e4da48927938fdb464) Importer(815301076,1909f56bfc062723c751e8b465ee728b) (PreviewImporter) -> (artifact id: '00000000000000000000000000000000') in 0.0011647 seconds
Import Error Code:(4)
Message: Build asset version error: assets/scripts/weapons/weapondata.cs in SourceAssetDB has modification time of '2026-10-05T11:43:46.6317961Z' while content on disk has modification time of '2026-10-05T11:44:21.659Z'
  ERROR: Build asset version error: assets/scripts/weapons/weapondata.cs in SourceAssetDB has modification time of '2026-10-05T11:43:46.6317961Z' while content on disk has modification time of '2026-10-05T11:44:21.659Z'
Number of updated asset objects reloaded before import = 0Number of asset objects unloaded after import = 0

========================================================================
Received Import Request.
  Time since last request: 0.000062 seconds.
  path: Assets/Scripts/Weapons/WeaponData.cs
  artifactKey: Guid(2d9720b74ca933e4da48927938fdb464) Importer(815301076,1909f56bfc062723c751e8b465ee728b)
Start importing Assets/Scripts/Weapons/WeaponData.cs using Guid(2d9720b74ca933e4da48927938fdb464) Importer(815301076,1909f56bfc062723c751e8b465ee728b) (PreviewImporter) -> (artifact id: '00000000000000000000000000000000') in 0.0005363 seconds
Import Error Code:(4)
Message: Build asset version error: assets/scripts/weapons/weapondata.cs in SourceAssetDB has modification time of '2026-10-05T11:43:46.6317961Z' while content on disk has modification time of '2026-10-05T11:44:21.659Z'
  ERROR: Build asset version error: assets/scripts/weapons/weapondata.cs in SourceAssetDB has modification time of '2026-10-05T11:43:46.6317961Z' while content on disk has modification time of '2026-10-05T11:44:21.659Z'
Number of updated asset objects reloaded before import = 0Number of asset objects unloaded after import = 0

========================================================================
Received Import Request.
  Time since last request: 0.000035 seconds.
  path: Assets/Scripts/Weapons/WeaponData.cs
  artifactKey: Guid(2d9720b74ca933e4da48927938fdb464) Importer(815301076,1909f56bfc062723c751e8b465ee728b)
Start importing Assets/Scripts/Weapons/WeaponData.cs using Guid(2d9720b74ca933e4da48927938fdb464) Importer(815301076,1909f56bfc062723c751e8b465ee728b) (PreviewImporter) -> (artifact id: '00000000000000000000000000000000') in 0.0007372 seconds
Import Error Code:(4)
Message: Build asset version error: assets/scripts/weapons/weapondata.cs in SourceAssetDB has modification time of '2026-10-05T11:43:46.6317961Z' while content on disk has modification time of '2026-10-05T11:44:21.659Z'
  ERROR: Build asset version error: assets/scripts/weapons/weapondata.cs in SourceAssetDB has modification time of '2026-10-05T11:43:46.6317961Z' while content on disk has modification time of '2026-10-05T11:44:21.659Z'
Number of updated asset objects reloaded before import = 0Number of asset objects unloaded after import = 0

========================================================================
Received Import Request.
  Time since last request: 0.000034 seconds.
  path: Assets/Scripts/Weapons/WeaponData.cs
  artifactKey: Guid(2d9720b74ca933e4da48927938fdb464) Importer(815301076,1909f56bfc062723c751e8b465ee728b)
Start importing Assets/Scripts/Weapons/WeaponData.cs using Guid(2d9720b74ca933e4da48927938fdb464) Importer(815301076,1909f56bfc062723c751e8b465ee728b) (PreviewImporter) -> (artifact id: '00000000000000000000000000000000') in 0.0008918 seconds
Import Error Code:(4)
Message: Build asset version error: assets/scripts/weapons/weapondata.cs in SourceAssetDB has modification time of '2026-10-05T11:43:46.6317961Z' while content on disk has modification time of '2026-10-05T11:44:21.659Z'
  ERROR: Build asset version error: assets/scripts/weapons/weapondata.cs in SourceAssetDB has modification time of '2026-10-05T11:43:46.6317961Z' while content on disk has modification time of '2026-10-05T11:44:21.659Z'
Number of updated asset objects reloaded before import = 0Number of asset objects unloaded after import = 0

========================================================================
Received Import Request.
  Time since last request: 0.000042 seconds.
  path: Assets/Scripts/Weapons/WeaponData.cs
  artifactKey: Guid(2d9720b74ca933e4da48927938fdb464) Importer(815301076,1909f56bfc062723c751e8b465ee728b)
Start importing Assets/Scripts/Weapons/WeaponData.cs using Guid(2d9720b74ca933e4da48927938fdb464) Importer(815301076,1909f56bfc062723c751e8b465ee728b) (PreviewImporter) -> (artifact id: '00000000000000000000000000000000') in 0.0008166 seconds
Import Error Code:(4)
Message: Build asset version error: assets/scripts/weapons/weapondata.cs in SourceAssetDB has modification time of '2026-10-05T11:43:46.6317961Z' while content on disk has modification time of '2026-10-05T11:44:21.659Z'
  ERROR: Build asset version error: assets/scripts/weapons/weapondata.cs in SourceAssetDB has modification time of '2026-10-05T11:43:46.6317961Z' while content on disk has modification time of '2026-10-05T11:44:21.659Z'
Number of updated asset objects reloaded before import = 0Number of asset objects unloaded after import = 0

========================================================================
Received Import Request.
  Time since last request: 0.000019 seconds.
  path: Assets/Scripts/Weapons/WeaponData.cs
  artifactKey: Guid(2d9720b74ca933e4da48927938fdb464) Importer(815301076,1909f56bfc062723c751e8b465ee728b)
Start importing Assets/Scripts/Weapons/WeaponData.cs using Guid(2d9720b74ca933e4da48927938fdb464) Importer(815301076,1909f56bfc062723c751e8b465ee728b) (PreviewImporter) -> (artifact id: '00000000000000000000000000000000') in 0.001008 seconds
Import Error Code:(4)
Message: Build asset version error: assets/scripts/weapons/weapondata.cs in SourceAssetDB has modification time of '2026-10-05T11:43:46.6317961Z' while content on disk has modification time of '2026-10-05T11:44:21.659Z'
  ERROR: Build asset version error: assets/scripts/weapons/weapondata.cs in SourceAssetDB has modification time of '2026-10-05T11:43:46.6317961Z' while content on disk has modification time of '2026-10-05T11:44:21.659Z'
Number of updated asset objects reloaded before import = 0Number of asset objects unloaded after import = 0

========================================================================
Received Import Request.
  Time since last request: 0.000024 seconds.
  path: Assets/Scripts/Weapons/WeaponData.cs
  artifactKey: Guid(2d9720b74ca933e4da48927938fdb464) Importer(815301076,1909f56bfc062723c751e8b465ee728b)
Start importing Assets/Scripts/Weapons/WeaponData.cs using Guid(2d9720b74ca933e4da48927938fdb464) Importer(815301076,1909f56bfc062723c751e8b465ee728b) (PreviewImporter) -> (artifact id: '00000000000000000000000000000000') in 0.000697 seconds
Import Error Code:(4)
Message: Build asset version error: assets/scripts/weapons/weapondata.cs in SourceAssetDB has modification time of '2026-10-05T11:43:46.6317961Z' while content on disk has modification time of '2026-10-05T11:44:21.659Z'
  ERROR: Build asset version error: assets/scripts/weapons/weapondata.cs in SourceAssetDB has modification time of '2026-10-05T11:43:46.6317961Z' while content on disk has modification time of '2026-10-05T11:44:21.659Z'
Number of updated asset objects reloaded before import = 0Number of asset objects unloaded after import = 0

========================================================================
Received Import Request.
  Time since last request: 0.000029 seconds.
  path: Assets/Scripts/Weapons/WeaponData.cs
  artifactKey: Guid(2d9720b74ca933e4da48927938fdb464) Importer(815301076,1909f56bfc062723c751e8b465ee728b)
Start importing Assets/Scripts/Weapons/WeaponData.cs using Guid(2d9720b74ca933e4da48927938fdb464) Importer(815301076,1909f56bfc062723c751e8b465ee728b) (PreviewImporter) -> (artifact id: '00000000000000000000000000000000') in 0.0012477 seconds
Import Error Code:(4)
Message: Build asset version error: assets/scripts/weapons/weapondata.cs in SourceAssetDB has modification time of '2026-10-05T11:43:46.6317961Z' while content on disk has modification time of '2026-10-05T11:44:21.659Z'
  ERROR: Build asset version error: assets/scripts/weapons/weapondata.cs in SourceAssetDB has modification time of '2026-10-05T11:43:46.6317961Z' while content on disk has modification time of '2026-10-05T11:44:21.659Z'
Number of updated asset objects reloaded before import = 0Number of asset objects unloaded after import = 0

========================================================================
Received Import Request.
  Time since last request: 0.000087 seconds.
  path: Assets/Scripts/Weapons/WeaponData.cs
  artifactKey: Guid(2d9720b74ca933e4da48927938fdb464) Importer(815301076,1909f56bfc062723c751e8b465ee728b)
Start importing Assets/Scripts/Weapons/WeaponData.cs using Guid(2d9720b74ca933e4da48927938fdb464) Importer(815301076,1909f56bfc062723c751e8b465ee728b) (PreviewImporter) -> (artifact id: '00000000000000000000000000000000') in 0.0006565 seconds
Import Error Code:(4)
Message: Build asset version error: assets/scripts/weapons/weapondata.cs in SourceAssetDB has modification time of '2026-10-05T11:43:46.6317961Z' while content on disk has modification time of '2026-10-05T11:44:21.659Z'
  ERROR: Build asset version error: assets/scripts/weapons/weapondata.cs in SourceAssetDB has modification time of '2026-10-05T11:43:46.6317961Z' while content on disk has modification time of '2026-10-05T11:44:21.659Z'
Number of updated asset objects reloaded before import = 0Number of asset objects unloaded after import = 0

========================================================================
Received Import Request.
  Time since last request: 0.000021 seconds.
  path: Assets/Scripts/Weapons/WeaponData.cs
  artifactKey: Guid(2d9720b74ca933e4da48927938fdb464) Importer(815301076,1909f56bfc062723c751e8b465ee728b)
Start importing Assets/Scripts/Weapons/WeaponData.cs using Guid(2d9720b74ca933e4da48927938fdb464) Importer(815301076,1909f56bfc062723c751e8b465ee728b) (PreviewImporter) -> (artifact id: '00000000000000000000000000000000') in 0.0011731 seconds
Import Error Code:(4)
Message: Build asset version error: assets/scripts/weapons/weapondata.cs in SourceAssetDB has modification time of '2026-10-05T11:43:46.6317961Z' while content on disk has modification time of '2026-10-05T11:44:21.659Z'
  ERROR: Build asset version error: assets/scripts/weapons/weapondata.cs in SourceAssetDB has modification time of '2026-10-05T11:43:46.6317961Z' while content on disk has modification time of '2026-10-05T11:44:21.659Z'
Number of updated asset objects reloaded before import = 0Number of asset objects unloaded after import = 0

========================================================================
Received Import Request.
  Time since last request: 0.000044 seconds.
  path: Assets/Scripts/Weapons/WeaponData.cs
  artifactKey: Guid(2d9720b74ca933e4da48927938fdb464) Importer(815301076,1909f56bfc062723c751e8b465ee728b)
Start importing Assets/Scripts/Weapons/WeaponData.cs using Guid(2d9720b74ca933e4da48927938fdb464) Importer(815301076,1909f56bfc062723c751e8b465ee728b) (PreviewImporter) -> (artifact id: '00000000000000000000000000000000') in 0.0007022 seconds
Import Error Code:(4)
Message: Build asset version error: assets/scripts/weapons/weapondata.cs in SourceAssetDB has modification time of '2026-10-05T11:43:46.6317961Z' while content on disk has modification time of '2026-10-05T11:44:21.659Z'
  ERROR: Build asset version error: assets/scripts/weapons/weapondata.cs in SourceAssetDB has modification time of '2026-10-05T11:43:46.6317961Z' while content on disk has modification time of '2026-10-05T11:44:21.659Z'
Number of updated asset objects reloaded before import = 0Number of asset objects unloaded after import = 0

========================================================================
Received Import Request.
  Time since last request: 0.000023 seconds.
  path: Assets/Scripts/Weapons/WeaponData.cs
  artifactKey: Guid(2d9720b74ca933e4da48927938fdb464) Importer(815301076,1909f56bfc062723c751e8b465ee728b)
Start importing Assets/Scripts/Weapons/WeaponData.cs using Guid(2d9720b74ca933e4da48927938fdb464) Importer(815301076,1909f56bfc062723c751e8b465ee728b) (PreviewImporter) -> (artifact id: '00000000000000000000000000000000') in 0.000753 seconds
Import Error Code:(4)
Message: Build asset version error: assets/scripts/weapons/weapondata.cs in SourceAssetDB has modification time of '2026-10-05T11:43:46.6317961Z' while content on disk has modification time of '2026-10-05T11:44:21.659Z'
  ERROR: Build asset version error: assets/scripts/weapons/weapondata.cs in SourceAssetDB has modification time of '2026-10-05T11:43:46.6317961Z' while content on disk has modification time of '2026-10-05T11:44:21.659Z'
Number of updated asset objects reloaded before import = 0Number of asset objects unloaded after import = 0

========================================================================
Received Import Request.
  Time since last request: 0.000027 seconds.
  path: Assets/Scripts/Weapons/WeaponData.cs
  artifactKey: Guid(2d9720b74ca933e4da48927938fdb464) Importer(815301076,1909f56bfc062723c751e8b465ee728b)
Start importing Assets/Scripts/Weapons/WeaponData.cs using Guid(2d9720b74ca933e4da48927938fdb464) Importer(815301076,1909f56bfc062723c751e8b465ee728b) (PreviewImporter) -> (artifact id: '00000000000000000000000000000000') in 0.0011467 seconds
Import Error Code:(4)
Message: Build asset version error: assets/scripts/weapons/weapondata.cs in SourceAssetDB has modification time of '2026-10-05T11:43:46.6317961Z' while content on disk has modification time of '2026-10-05T11:44:21.659Z'
  ERROR: Build asset version error: assets/scripts/weapons/weapondata.cs in SourceAssetDB has modification time of '2026-10-05T11:43:46.6317961Z' while content on disk has modification time of '2026-10-05T11:44:21.659Z'
Number of updated asset objects reloaded before import = 0Number of asset objects unloaded after import = 0

========================================================================
Received Import Request.
  Time since last request: 0.000030 seconds.
  path: Assets/Scripts/Weapons/WeaponData.cs
  artifactKey: Guid(2d9720b74ca933e4da48927938fdb464) Importer(815301076,1909f56bfc062723c751e8b465ee728b)
Start importing Assets/Scripts/Weapons/WeaponData.cs using Guid(2d9720b74ca933e4da48927938fdb464) Importer(815301076,1909f56bfc062723c751e8b465ee728b) (PreviewImporter) -> (artifact id: '00000000000000000000000000000000') in 0.0006166 seconds
Import Error Code:(4)
Message: Build asset version error: assets/scripts/weapons/weapondata.cs in SourceAssetDB has modification time of '2026-10-05T11:43:46.6317961Z' while content on disk has modification time of '2026-10-05T11:44:21.659Z'
  ERROR: Build asset version error: assets/scripts/weapons/weapondata.cs in SourceAssetDB has modification time of '2026-10-05T11:43:46.6317961Z' while content on disk has modification time of '2026-10-05T11:44:21.659Z'
Number of updated asset objects reloaded before import = 0Number of asset objects unloaded after import = 0

========================================================================
Received Import Request.
  Time since last request: 0.000023 seconds.
  path: Assets/Scripts/Weapons/WeaponData.cs
  artifactKey: Guid(2d9720b74ca933e4da48927938fdb464) Importer(815301076,1909f56bfc062723c751e8b465ee728b)
Start importing Assets/Scripts/Weapons/WeaponData.cs using Guid(2d9720b74ca933e4da48927938fdb464) Importer(815301076,1909f56bfc062723c751e8b465ee728b) (PreviewImporter) -> (artifact id: '00000000000000000000000000000000') in 0.0007561 seconds
Import Error Code:(4)
Message: Build asset version error: assets/scripts/weapons/weapondata.cs in SourceAssetDB has modification time of '2026-10-05T11:43:46.6317961Z' while content on disk has modification time of '2026-10-05T11:44:28.256Z'
  ERROR: Build asset version error: assets/scripts/weapons/weapondata.cs in SourceAssetDB has modification time of '2026-10-05T11:43:46.6317961Z' while content on disk has modification time of '2026-10-05T11:44:28.256Z'
Number of updated asset objects reloaded before import = 0Number of asset objects unloaded after import = 0

========================================================================
Received Import Request.
  Time since last request: 0.000020 seconds.
  path: Assets/Scripts/Weapons/WeaponData.cs
  artifactKey: Guid(2d9720b74ca933e4da48927938fdb464) Importer(815301076,1909f56bfc062723c751e8b465ee728b)
Start importing Assets/Scripts/Weapons/WeaponData.cs using Guid(2d9720b74ca933e4da48927938fdb464) Importer(815301076,1909f56bfc062723c751e8b465ee728b) (PreviewImporter) -> (artifact id: '00000000000000000000000000000000') in 0.0008902 seconds
Import Error Code:(4)
Message: Build asset version error: assets/scripts/weapons/weapondata.cs in SourceAssetDB has modification time of '2026-10-05T11:43:46.6317961Z' while content on disk has modification time of '2026-10-05T11:44:28.256Z'
  ERROR: Build asset version error: assets/scripts/weapons/weapondata.cs in SourceAssetDB has modification time of '2026-10-05T11:43:46.6317961Z' while content on disk has modification time of '2026-10-05T11:44:28.256Z'
Number of updated asset objects reloaded before import = 0Number of asset objects unloaded after import = 0

========================================================================
Received Import Request.
  Time since last request: 0.000022 seconds.
  path: Assets/Scripts/Weapons/WeaponData.cs
  artifactKey: Guid(2d9720b74ca933e4da48927938fdb464) Importer(815301076,1909f56bfc062723c751e8b465ee728b)
Start importing Assets/Scripts/Weapons/WeaponData.cs using Guid(2d9720b74ca933e4da48927938fdb464) Importer(815301076,1909f56bfc062723c751e8b465ee728b) (PreviewImporter) -> (artifact id: '00000000000000000000000000000000') in 0.0006387 seconds
Import Error Code:(4)
Message: Build asset version error: assets/scripts/weapons/weapondata.cs in SourceAssetDB has modification time of '2026-10-05T11:43:46.6317961Z' while content on disk has modification time of '2026-10-05T11:44:28.256Z'
  ERROR: Build asset version error: assets/scripts/weapons/weapondata.cs in SourceAssetDB has modification time of '2026-10-05T11:43:46.6317961Z' while content on disk has modification time of '2026-10-05T11:44:28.256Z'
Number of updated asset objects reloaded before import = 0Number of asset objects unloaded after import = 0

========================================================================
Received Import Request.
  Time since last request: 0.000032 seconds.
  path: Assets/Scripts/Weapons/WeaponData.cs
  artifactKey: Guid(2d9720b74ca933e4da48927938fdb464) Importer(815301076,1909f56bfc062723c751e8b465ee728b)
Start importing Assets/Scripts/Weapons/WeaponData.cs using Guid(2d9720b74ca933e4da48927938fdb464) Importer(815301076,1909f56bfc062723c751e8b465ee728b) (PreviewImporter) -> (artifact id: '00000000000000000000000000000000') in 0.0007945 seconds
Import Error Code:(4)
Message: Build asset version error: assets/scripts/weapons/weapondata.cs in SourceAssetDB has modification time of '2026-10-05T11:43:46.6317961Z' while content on disk has modification time of '2026-10-05T11:44:28.256Z'
  ERROR: Build asset version error: assets/scripts/weapons/weapondata.cs in SourceAssetDB has modification time of '2026-10-05T11:43:46.6317961Z' while content on disk has modification time of '2026-10-05T11:44:28.256Z'
Number of updated asset objects reloaded before import = 0Number of asset objects unloaded after import = 0

========================================================================
Received Import Request.
  Time since last request: 0.000029 seconds.
  path: Assets/Scripts/Weapons/WeaponData.cs
  artifactKey: Guid(2d9720b74ca933e4da48927938fdb464) Importer(815301076,1909f56bfc062723c751e8b465ee728b)
Start importing Assets/Scripts/Weapons/WeaponData.cs using Guid(2d9720b74ca933e4da48927938fdb464) Importer(815301076,1909f56bfc062723c751e8b465ee728b) (PreviewImporter) -> (artifact id: '00000000000000000000000000000000') in 0.0009531 seconds
Import Error Code:(4)
Message: Build asset version error: assets/scripts/weapons/weapondata.cs in SourceAssetDB has modification time of '2026-10-05T11:43:46.6317961Z' while content on disk has modification time of '2026-10-05T11:44:28.256Z'
  ERROR: Build asset version error: assets/scripts/weapons/weapondata.cs in SourceAssetDB has modification time of '2026-10-05T11:43:46.6317961Z' while content on disk has modification time of '2026-10-05T11:44:28.256Z'
Number of updated asset objects reloaded before import = 0Number of asset objects unloaded after import = 0

========================================================================
Received Import Request.
  Time since last request: 0.000022 seconds.
  path: Assets/Scripts/Weapons/WeaponData.cs
  artifactKey: Guid(2d9720b74ca933e4da48927938fdb464) Importer(815301076,1909f56bfc062723c751e8b465ee728b)
Start importing Assets/Scripts/Weapons/WeaponData.cs using Guid(2d9720b74ca933e4da48927938fdb464) Importer(815301076,1909f56bfc062723c751e8b465ee728b) (PreviewImporter) -> (artifact id: '00000000000000000000000000000000') in 0.0006907 seconds
Import Error Code:(4)
Message: Build asset version error: assets/scripts/weapons/weapondata.cs in SourceAssetDB has modification time of '2026-10-05T11:43:46.6317961Z' while content on disk has modification time of '2026-10-05T11:44:28.256Z'
  ERROR: Build asset version error: assets/scripts/weapons/weapondata.cs in SourceAssetDB has modification time of '2026-10-05T11:43:46.6317961Z' while content on disk has modification time of '2026-10-05T11:44:28.256Z'
Number of updated asset objects reloaded before import = 0Number of asset objects unloaded after import = 0

========================================================================
Received Import Request.
  Time since last request: 0.000019 seconds.
  path: Assets/Scripts/Weapons/WeaponData.cs
  artifactKey: Guid(2d9720b74ca933e4da48927938fdb464) Importer(815301076,1909f56bfc062723c751e8b465ee728b)
Start importing Assets/Scripts/Weapons/WeaponData.cs using Guid(2d9720b74ca933e4da48927938fdb464) Importer(815301076,1909f56bfc062723c751e8b465ee728b) (PreviewImporter) -> (artifact id: '00000000000000000000000000000000') in 0.0011505 seconds
Import Error Code:(4)
Message: Build asset version error: assets/scripts/weapons/weapondata.cs in SourceAssetDB has modification time of '2026-10-05T11:43:46.6317961Z' while content on disk has modification time of '2026-10-05T11:44:28.256Z'
  ERROR: Build asset version error: assets/scripts/weapons/weapondata.cs in SourceAssetDB has modification time of '2026-10-05T11:43:46.6317961Z' while content on disk has modification time of '2026-10-05T11:44:28.256Z'
Number of updated asset objects reloaded before import = 0Number of asset objects unloaded after import = 0

========================================================================
Received Import Request.
  Time since last request: 0.000023 seconds.
  path: Assets/Scripts/Weapons/WeaponData.cs
  artifactKey: Guid(2d9720b74ca933e4da48927938fdb464) Importer(815301076,1909f56bfc062723c751e8b465ee728b)
Start importing Assets/Scripts/Weapons/WeaponData.cs using Guid(2d9720b74ca933e4da48927938fdb464) Importer(815301076,1909f56bfc062723c751e8b465ee728b) (PreviewImporter) -> (artifact id: '00000000000000000000000000000000') in 0.0051251 seconds
Import Error Code:(4)
Message: Build asset version error: assets/scripts/weapons/weapondata.cs in SourceAssetDB has modification time of '2026-10-05T11:43:46.6317961Z' while content on disk has modification time of '2026-10-05T11:44:28.256Z'
  ERROR: Build asset version error: assets/scripts/weapons/weapondata.cs in SourceAssetDB has modification time of '2026-10-05T11:43:46.6317961Z' while content on disk has modification time of '2026-10-05T11:44:28.256Z'
Number of updated asset objects reloaded before import = 0Number of asset objects unloaded after import = 0

========================================================================
Received Import Request.
  Time since last request: 0.000059 seconds.
  path: Assets/Scripts/Weapons/WeaponData.cs
  artifactKey: Guid(2d9720b74ca933e4da48927938fdb464) Importer(815301076,1909f56bfc062723c751e8b465ee728b)
Start importing Assets/Scripts/Weapons/WeaponData.cs using Guid(2d9720b74ca933e4da48927938fdb464) Importer(815301076,1909f56bfc062723c751e8b465ee728b) (PreviewImporter) -> (artifact id: '00000000000000000000000000000000') in 0.0005534 seconds
Import Error Code:(4)
Message: Build asset version error: assets/scripts/weapons/weapondata.cs in SourceAssetDB has modification time of '2026-10-05T11:43:46.6317961Z' while content on disk has modification time of '2026-10-05T11:44:28.256Z'
  ERROR: Build asset version error: assets/scripts/weapons/weapondata.cs in SourceAssetDB has modification time of '2026-10-05T11:43:46.6317961Z' while content on disk has modification time of '2026-10-05T11:44:28.256Z'
Number of updated asset objects reloaded before import = 0Number of asset objects unloaded after import = 0

========================================================================
Received Import Request.
  Time since last request: 0.000020 seconds.
  path: Assets/Scripts/Weapons/WeaponData.cs
  artifactKey: Guid(2d9720b74ca933e4da48927938fdb464) Importer(815301076,1909f56bfc062723c751e8b465ee728b)
Start importing Assets/Scripts/Weapons/WeaponData.cs using Guid(2d9720b74ca933e4da48927938fdb464) Importer(815301076,1909f56bfc062723c751e8b465ee728b) (PreviewImporter) -> (artifact id: '00000000000000000000000000000000') in 0.0009141 seconds
Import Error Code:(4)
Message: Build asset version error: assets/scripts/weapons/weapondata.cs in SourceAssetDB has modification time of '2026-10-05T11:43:46.6317961Z' while content on disk has modification time of '2026-10-05T11:44:28.256Z'
  ERROR: Build asset version error: assets/scripts/weapons/weapondata.cs in SourceAssetDB has modification time of '2026-10-05T11:43:46.6317961Z' while content on disk has modification time of '2026-10-05T11:44:28.256Z'
Number of updated asset objects reloaded before import = 0Number of asset objects unloaded after import = 0

========================================================================
Received Import Request.
  Time since last request: 0.000020 seconds.
  path: Assets/Scripts/Weapons/WeaponData.cs
  artifactKey: Guid(2d9720b74ca933e4da48927938fdb464) Importer(815301076,1909f56bfc062723c751e8b465ee728b)
Start importing Assets/Scripts/Weapons/WeaponData.cs using Guid(2d9720b74ca933e4da48927938fdb464) Importer(815301076,1909f56bfc062723c751e8b465ee728b) (PreviewImporter) -> (artifact id: '00000000000000000000000000000000') in 0.001172 seconds
Import Error Code:(4)
Message: Build asset version error: assets/scripts/weapons/weapondata.cs in SourceAssetDB has modification time of '2026-10-05T11:43:46.6317961Z' while content on disk has modification time of '2026-10-05T11:44:28.256Z'
  ERROR: Build asset version error: assets/scripts/weapons/weapondata.cs in SourceAssetDB has modification time of '2026-10-05T11:43:46.6317961Z' while content on disk has modification time of '2026-10-05T11:44:28.256Z'
Number of updated asset objects reloaded before import = 0Number of asset objects unloaded after import = 0

========================================================================
Received Import Request.
  Time since last request: 0.000030 seconds.
  path: Assets/Scripts/Weapons/WeaponData.cs
  artifactKey: Guid(2d9720b74ca933e4da48927938fdb464) Importer(815301076,1909f56bfc062723c751e8b465ee728b)
Start importing Assets/Scripts/Weapons/WeaponData.cs using Guid(2d9720b74ca933e4da48927938fdb464) Importer(815301076,1909f56bfc062723c751e8b465ee728b) (PreviewImporter) -> (artifact id: '00000000000000000000000000000000') in 0.0009114 seconds
Import Error Code:(4)
Message: Build asset version error: assets/scripts/weapons/weapondata.cs in SourceAssetDB has modification time of '2026-10-05T11:43:46.6317961Z' while content on disk has modification time of '2026-10-05T11:44:28.256Z'
  ERROR: Build asset version error: assets/scripts/weapons/weapondata.cs in SourceAssetDB has modification time of '2026-10-05T11:43:46.6317961Z' while content on disk has modification time of '2026-10-05T11:44:28.256Z'
Number of updated asset objects reloaded before import = 0Number of asset objects unloaded after import = 0

========================================================================
Received Import Request.
  Time since last request: 0.000025 seconds.
  path: Assets/Scripts/Weapons/WeaponData.cs
  artifactKey: Guid(2d9720b74ca933e4da48927938fdb464) Importer(815301076,1909f56bfc062723c751e8b465ee728b)
Start importing Assets/Scripts/Weapons/WeaponData.cs using Guid(2d9720b74ca933e4da48927938fdb464) Importer(815301076,1909f56bfc062723c751e8b465ee728b) (PreviewImporter) -> (artifact id: '00000000000000000000000000000000') in 0.0006599 seconds
Import Error Code:(4)
Message: Build asset version error: assets/scripts/weapons/weapondata.cs in SourceAssetDB has modification time of '2026-10-05T11:43:46.6317961Z' while content on disk has modification time of '2026-10-05T11:44:28.256Z'
  ERROR: Build asset version error: assets/scripts/weapons/weapondata.cs in SourceAssetDB has modification time of '2026-10-05T11:43:46.6317961Z' while content on disk has modification time of '2026-10-05T11:44:28.256Z'
Number of updated asset objects reloaded before import = 0Number of asset objects unloaded after import = 0

========================================================================
Received Import Request.
  Time since last request: 0.000031 seconds.
  path: Assets/Scripts/Weapons/WeaponData.cs
  artifactKey: Guid(2d9720b74ca933e4da48927938fdb464) Importer(815301076,1909f56bfc062723c751e8b465ee728b)
Start importing Assets/Scripts/Weapons/WeaponData.cs using Guid(2d9720b74ca933e4da48927938fdb464) Importer(815301076,1909f56bfc062723c751e8b465ee728b) (PreviewImporter) -> (artifact id: '00000000000000000000000000000000') in 0.0007556 seconds
Import Error Code:(4)
Message: Build asset version error: assets/scripts/weapons/weapondata.cs in SourceAssetDB has modification time of '2026-10-05T11:43:46.6317961Z' while content on disk has modification time of '2026-10-05T11:44:28.256Z'
  ERROR: Build asset version error: assets/scripts/weapons/weapondata.cs in SourceAssetDB has modification time of '2026-10-05T11:43:46.6317961Z' while content on disk has modification time of '2026-10-05T11:44:28.256Z'
Number of updated asset objects reloaded before import = 0Number of asset objects unloaded after import = 0

========================================================================
Received Import Request.
  Time since last request: 0.000057 seconds.
  path: Assets/Scripts/Weapons/WeaponData.cs
  artifactKey: Guid(2d9720b74ca933e4da48927938fdb464) Importer(815301076,1909f56bfc062723c751e8b465ee728b)
Start importing Assets/Scripts/Weapons/WeaponData.cs using Guid(2d9720b74ca933e4da48927938fdb464) Importer(815301076,1909f56bfc062723c751e8b465ee728b) (PreviewImporter) -> (artifact id: '00000000000000000000000000000000') in 0.0007781 seconds
Import Error Code:(4)
Message: Build asset version error: assets/scripts/weapons/weapondata.cs in SourceAssetDB has modification time of '2026-10-05T11:43:46.6317961Z' while content on disk has modification time of '2026-10-05T11:44:28.256Z'
  ERROR: Build asset version error: assets/scripts/weapons/weapondata.cs in SourceAssetDB has modification time of '2026-10-05T11:43:46.6317961Z' while content on disk has modification time of '2026-10-05T11:44:28.256Z'
Number of updated asset objects reloaded before import = 0Number of asset objects unloaded after import = 0

========================================================================
Received Import Request.
  Time since last request: 0.000022 seconds.
  path: Assets/Scripts/Weapons/WeaponData.cs
  artifactKey: Guid(2d9720b74ca933e4da48927938fdb464) Importer(815301076,1909f56bfc062723c751e8b465ee728b)
Start importing Assets/Scripts/Weapons/WeaponData.cs using Guid(2d9720b74ca933e4da48927938fdb464) Importer(815301076,1909f56bfc062723c751e8b465ee728b) (PreviewImporter) -> (artifact id: '00000000000000000000000000000000') in 0.000728 seconds
Import Error Code:(4)
Message: Build asset version error: assets/scripts/weapons/weapondata.cs in SourceAssetDB has modification time of '2026-10-05T11:43:46.6317961Z' while content on disk has modification time of '2026-10-05T11:44:28.256Z'
  ERROR: Build asset version error: assets/scripts/weapons/weapondata.cs in SourceAssetDB has modification time of '2026-10-05T11:43:46.6317961Z' while content on disk has modification time of '2026-10-05T11:44:28.256Z'
Number of updated asset objects reloaded before import = 0Number of asset objects unloaded after import = 0

========================================================================
Received Import Request.
  Time since last request: 0.000022 seconds.
  path: Assets/Scripts/Weapons/WeaponData.cs
  artifactKey: Guid(2d9720b74ca933e4da48927938fdb464) Importer(815301076,1909f56bfc062723c751e8b465ee728b)
Start importing Assets/Scripts/Weapons/WeaponData.cs using Guid(2d9720b74ca933e4da48927938fdb464) Importer(815301076,1909f56bfc062723c751e8b465ee728b) (PreviewImporter) -> (artifact id: '00000000000000000000000000000000') in 0.0006736 seconds
Import Error Code:(4)
Message: Build asset version error: assets/scripts/weapons/weapondata.cs in SourceAssetDB has modification time of '2026-10-05T11:43:46.6317961Z' while content on disk has modification time of '2026-10-05T11:44:28.256Z'
  ERROR: Build asset version error: assets/scripts/weapons/weapondata.cs in SourceAssetDB has modification time of '2026-10-05T11:43:46.6317961Z' while content on disk has modification time of '2026-10-05T11:44:28.256Z'
Number of updated asset objects reloaded before import = 0Number of asset objects unloaded after import = 0

========================================================================
Received Import Request.
  Time since last request: 0.000024 seconds.
  path: Assets/Scripts/Weapons/WeaponData.cs
  artifactKey: Guid(2d9720b74ca933e4da48927938fdb464) Importer(815301076,1909f56bfc062723c751e8b465ee728b)
Start importing Assets/Scripts/Weapons/WeaponData.cs using Guid(2d9720b74ca933e4da48927938fdb464) Importer(815301076,1909f56bfc062723c751e8b465ee728b) (PreviewImporter) -> (artifact id: '00000000000000000000000000000000') in 0.0011018 seconds
Import Error Code:(4)
Message: Build asset version error: assets/scripts/weapons/weapondata.cs in SourceAssetDB has modification time of '2026-10-05T11:43:46.6317961Z' while content on disk has modification time of '2026-10-05T11:44:28.256Z'
  ERROR: Build asset version error: assets/scripts/weapons/weapondata.cs in SourceAssetDB has modification time of '2026-10-05T11:43:46.6317961Z' while content on disk has modification time of '2026-10-05T11:44:28.256Z'
Number of updated asset objects reloaded before import = 0Number of asset objects unloaded after import = 0

========================================================================
Received Import Request.
  Time since last request: 0.000031 seconds.
  path: Assets/Scripts/Weapons/WeaponData.cs
  artifactKey: Guid(2d9720b74ca933e4da48927938fdb464) Importer(815301076,1909f56bfc062723c751e8b465ee728b)
Start importing Assets/Scripts/Weapons/WeaponData.cs using Guid(2d9720b74ca933e4da48927938fdb464) Importer(815301076,1909f56bfc062723c751e8b465ee728b) (PreviewImporter) -> (artifact id: '00000000000000000000000000000000') in 0.0006929 seconds
Import Error Code:(4)
Message: Build asset version error: assets/scripts/weapons/weapondata.cs in SourceAssetDB has modification time of '2026-10-05T11:43:46.6317961Z' while content on disk has modification time of '2026-10-05T11:44:28.256Z'
  ERROR: Build asset version error: assets/scripts/weapons/weapondata.cs in SourceAssetDB has modification time of '2026-10-05T11:43:46.6317961Z' while content on disk has modification time of '2026-10-05T11:44:28.256Z'
Number of updated asset objects reloaded before import = 0Number of asset objects unloaded after import = 0

========================================================================
Received Import Request.
  Time since last request: 0.000039 seconds.
  path: Assets/Scripts/Weapons/WeaponData.cs
  artifactKey: Guid(2d9720b74ca933e4da48927938fdb464) Importer(815301076,1909f56bfc062723c751e8b465ee728b)
Start importing Assets/Scripts/Weapons/WeaponData.cs using Guid(2d9720b74ca933e4da48927938fdb464) Importer(815301076,1909f56bfc062723c751e8b465ee728b) (PreviewImporter) -> (artifact id: '00000000000000000000000000000000') in 0.0020733 seconds
Import Error Code:(4)
Message: Build asset version error: assets/scripts/weapons/weapondata.cs in SourceAssetDB has modification time of '2026-10-05T11:43:46.6317961Z' while content on disk has modification time of '2026-10-05T11:44:28.256Z'
  ERROR: Build asset version error: assets/scripts/weapons/weapondata.cs in SourceAssetDB has modification time of '2026-10-05T11:43:46.6317961Z' while content on disk has modification time of '2026-10-05T11:44:28.256Z'
Number of updated asset objects reloaded before import = 0Number of asset objects unloaded after import = 0

========================================================================
Received Import Request.
  Time since last request: 0.000034 seconds.
  path: Assets/Scripts/Weapons/WeaponData.cs
  artifactKey: Guid(2d9720b74ca933e4da48927938fdb464) Importer(815301076,1909f56bfc062723c751e8b465ee728b)
Start importing Assets/Scripts/Weapons/WeaponData.cs using Guid(2d9720b74ca933e4da48927938fdb464) Importer(815301076,1909f56bfc062723c751e8b465ee728b) (PreviewImporter) -> (artifact id: '00000000000000000000000000000000') in 0.0011907 seconds
Import Error Code:(4)
Message: Build asset version error: assets/scripts/weapons/weapondata.cs in SourceAssetDB has modification time of '2026-10-05T11:43:46.6317961Z' while content on disk has modification time of '2026-10-05T11:44:28.256Z'
  ERROR: Build asset version error: assets/scripts/weapons/weapondata.cs in SourceAssetDB has modification time of '2026-10-05T11:43:46.6317961Z' while content on disk has modification time of '2026-10-05T11:44:28.256Z'
Number of updated asset objects reloaded before import = 0Number of asset objects unloaded after import = 0

========================================================================
Received Import Request.
  Time since last request: 0.000025 seconds.
  path: Assets/Scripts/Weapons/WeaponData.cs
  artifactKey: Guid(2d9720b74ca933e4da48927938fdb464) Importer(815301076,1909f56bfc062723c751e8b465ee728b)
Start importing Assets/Scripts/Weapons/WeaponData.cs using Guid(2d9720b74ca933e4da48927938fdb464) Importer(815301076,1909f56bfc062723c751e8b465ee728b) (PreviewImporter) -> (artifact id: '00000000000000000000000000000000') in 0.0007377 seconds
Import Error Code:(4)
Message: Build asset version error: assets/scripts/weapons/weapondata.cs in SourceAssetDB has modification time of '2026-10-05T11:43:46.6317961Z' while content on disk has modification time of '2026-10-05T11:44:28.256Z'
  ERROR: Build asset version error: assets/scripts/weapons/weapondata.cs in SourceAssetDB has modification time of '2026-10-05T11:43:46.6317961Z' while content on disk has modification time of '2026-10-05T11:44:28.256Z'
Number of updated asset objects reloaded before import = 0Number of asset objects unloaded after import = 0

========================================================================
Received Import Request.
  Time since last request: 0.000025 seconds.
  path: Assets/Scripts/Weapons/WeaponData.cs
  artifactKey: Guid(2d9720b74ca933e4da48927938fdb464) Importer(815301076,1909f56bfc062723c751e8b465ee728b)
Start importing Assets/Scripts/Weapons/WeaponData.cs using Guid(2d9720b74ca933e4da48927938fdb464) Importer(815301076,1909f56bfc062723c751e8b465ee728b) (PreviewImporter) -> (artifact id: '00000000000000000000000000000000') in 0.0007585 seconds
Import Error Code:(4)
Message: Build asset version error: assets/scripts/weapons/weapondata.cs in SourceAssetDB has modification time of '2026-10-05T11:43:46.6317961Z' while content on disk has modification time of '2026-10-05T11:44:28.256Z'
  ERROR: Build asset version error: assets/scripts/weapons/weapondata.cs in SourceAssetDB has modification time of '2026-10-05T11:43:46.6317961Z' while content on disk has modification time of '2026-10-05T11:44:28.256Z'
Number of updated asset objects reloaded before import = 0Number of asset objects unloaded after import = 0

========================================================================
Received Import Request.
  Time since last request: 0.000038 seconds.
  path: Assets/Scripts/Weapons/WeaponData.cs
  artifactKey: Guid(2d9720b74ca933e4da48927938fdb464) Importer(815301076,1909f56bfc062723c751e8b465ee728b)
Start importing Assets/Scripts/Weapons/WeaponData.cs using Guid(2d9720b74ca933e4da48927938fdb464) Importer(815301076,1909f56bfc062723c751e8b465ee728b) (PreviewImporter) -> (artifact id: '00000000000000000000000000000000') in 0.0595761 seconds
Import Error Code:(4)
Message: Build asset version error: assets/scripts/weapons/weapondata.cs in SourceAssetDB has modification time of '2026-10-05T11:43:46.6317961Z' while content on disk has modification time of '2026-10-05T11:44:28.256Z'
  ERROR: Build asset version error: assets/scripts/weapons/weapondata.cs in SourceAssetDB has modification time of '2026-10-05T11:43:46.6317961Z' while content on disk has modification time of '2026-10-05T11:44:28.256Z'
Number of updated asset objects reloaded before import = 0Number of asset objects unloaded after import = 0

========================================================================
Received Import Request.
  Time since last request: 0.000022 seconds.
  path: Assets/Scripts/Weapons/WeaponData.cs
  artifactKey: Guid(2d9720b74ca933e4da48927938fdb464) Importer(815301076,1909f56bfc062723c751e8b465ee728b)
Start importing Assets/Scripts/Weapons/WeaponData.cs using Guid(2d9720b74ca933e4da48927938fdb464) Importer(815301076,1909f56bfc062723c751e8b465ee728b) (PreviewImporter) -> (artifact id: '00000000000000000000000000000000') in 0.000669 seconds
Import Error Code:(4)
Message: Build asset version error: assets/scripts/weapons/weapondata.cs in SourceAssetDB has modification time of '2026-10-05T11:43:46.6317961Z' while content on disk has modification time of '2026-10-05T11:44:28.256Z'
  ERROR: Build asset version error: assets/scripts/weapons/weapondata.cs in SourceAssetDB has modification time of '2026-10-05T11:43:46.6317961Z' while content on disk has modification time of '2026-10-05T11:44:28.256Z'
Number of updated asset objects reloaded before import = 0Number of asset objects unloaded after import = 0

========================================================================
Received Import Request.
  Time since last request: 0.000048 seconds.
  path: Assets/Scripts/Weapons/WeaponData.cs
  artifactKey: Guid(2d9720b74ca933e4da48927938fdb464) Importer(815301076,1909f56bfc062723c751e8b465ee728b)
Start importing Assets/Scripts/Weapons/WeaponData.cs using Guid(2d9720b74ca933e4da48927938fdb464) Importer(815301076,1909f56bfc062723c751e8b465ee728b) (PreviewImporter) -> (artifact id: '00000000000000000000000000000000') in 0.0007523 seconds
Import Error Code:(4)
Message: Build asset version error: assets/scripts/weapons/weapondata.cs in SourceAssetDB has modification time of '2026-10-05T11:43:46.6317961Z' while content on disk has modification time of '2026-10-05T11:44:28.256Z'
  ERROR: Build asset version error: assets/scripts/weapons/weapondata.cs in SourceAssetDB has modification time of '2026-10-05T11:43:46.6317961Z' while content on disk has modification time of '2026-10-05T11:44:28.256Z'
Number of updated asset objects reloaded before import = 0Number of asset objects unloaded after import = 0

========================================================================
Received Import Request.
  Time since last request: 0.000032 seconds.
  path: Assets/Scripts/Weapons/WeaponData.cs
  artifactKey: Guid(2d9720b74ca933e4da48927938fdb464) Importer(815301076,1909f56bfc062723c751e8b465ee728b)
Start importing Assets/Scripts/Weapons/WeaponData.cs using Guid(2d9720b74ca933e4da48927938fdb464) Importer(815301076,1909f56bfc062723c751e8b465ee728b) (PreviewImporter) -> (artifact id: '00000000000000000000000000000000') in 0.0009596 seconds
Import Error Code:(4)
Message: Build asset version error: assets/scripts/weapons/weapondata.cs in SourceAssetDB has modification time of '2026-10-05T11:43:46.6317961Z' while content on disk has modification time of '2026-10-05T11:44:28.256Z'
  ERROR: Build asset version error: assets/scripts/weapons/weapondata.cs in SourceAssetDB has modification time of '2026-10-05T11:43:46.6317961Z' while content on disk has modification time of '2026-10-05T11:44:28.256Z'
Number of updated asset objects reloaded before import = 0Number of asset objects unloaded after import = 0

========================================================================
Received Import Request.
  Time since last request: 0.000022 seconds.
  path: Assets/Scripts/Weapons/WeaponData.cs
  artifactKey: Guid(2d9720b74ca933e4da48927938fdb464) Importer(815301076,1909f56bfc062723c751e8b465ee728b)
Start importing Assets/Scripts/Weapons/WeaponData.cs using Guid(2d9720b74ca933e4da48927938fdb464) Importer(815301076,1909f56bfc062723c751e8b465ee728b) (PreviewImporter) -> (artifact id: '00000000000000000000000000000000') in 0.0008595 seconds
Import Error Code:(4)
Message: Build asset version error: assets/scripts/weapons/weapondata.cs in SourceAssetDB has modification time of '2026-10-05T11:43:46.6317961Z' while content on disk has modification time of '2026-10-05T11:44:28.256Z'
  ERROR: Build asset version error: assets/scripts/weapons/weapondata.cs in SourceAssetDB has modification time of '2026-10-05T11:43:46.6317961Z' while content on disk has modification time of '2026-10-05T11:44:28.256Z'
Number of updated asset objects reloaded before import = 0Number of asset objects unloaded after import = 0

========================================================================
Received Import Request.
  Time since last request: 0.000031 seconds.
  path: Assets/Scripts/Weapons/WeaponData.cs
  artifactKey: Guid(2d9720b74ca933e4da48927938fdb464) Importer(815301076,1909f56bfc062723c751e8b465ee728b)
Start importing Assets/Scripts/Weapons/WeaponData.cs using Guid(2d9720b74ca933e4da48927938fdb464) Importer(815301076,1909f56bfc062723c751e8b465ee728b) (PreviewImporter) -> (artifact id: '00000000000000000000000000000000') in 0.0008829 seconds
Import Error Code:(4)
Message: Build asset version error: assets/scripts/weapons/weapondata.cs in SourceAssetDB has modification time of '2026-10-05T11:43:46.6317961Z' while content on disk has modification time of '2026-10-05T11:44:28.256Z'
  ERROR: Build asset version error: assets/scripts/weapons/weapondata.cs in SourceAssetDB has modification time of '2026-10-05T11:43:46.6317961Z' while content on disk has modification time of '2026-10-05T11:44:28.256Z'
Number of updated asset objects reloaded before import = 0Number of asset objects unloaded after import = 0

========================================================================
Received Import Request.
  Time since last request: 0.000023 seconds.
  path: Assets/Scripts/Weapons/WeaponData.cs
  artifactKey: Guid(2d9720b74ca933e4da48927938fdb464) Importer(815301076,1909f56bfc062723c751e8b465ee728b)
Start importing Assets/Scripts/Weapons/WeaponData.cs using Guid(2d9720b74ca933e4da48927938fdb464) Importer(815301076,1909f56bfc062723c751e8b465ee728b) (PreviewImporter) -> (artifact id: '00000000000000000000000000000000') in 0.0009637 seconds
Import Error Code:(4)
Message: Build asset version error: assets/scripts/weapons/weapondata.cs in SourceAssetDB has modification time of '2026-10-05T11:43:46.6317961Z' while content on disk has modification time of '2026-10-05T11:44:28.256Z'
  ERROR: Build asset version error: assets/scripts/weapons/weapondata.cs in SourceAssetDB has modification time of '2026-10-05T11:43:46.6317961Z' while content on disk has modification time of '2026-10-05T11:44:28.256Z'
Number of updated asset objects reloaded before import = 0Number of asset objects unloaded after import = 0

========================================================================
Received Import Request.
  Time since last request: 0.000083 seconds.
  path: Assets/Scripts/Weapons/WeaponData.cs
  artifactKey: Guid(2d9720b74ca933e4da48927938fdb464) Importer(815301076,1909f56bfc062723c751e8b465ee728b)
Start importing Assets/Scripts/Weapons/WeaponData.cs using Guid(2d9720b74ca933e4da48927938fdb464) Importer(815301076,1909f56bfc062723c751e8b465ee728b) (PreviewImporter) -> (artifact id: '00000000000000000000000000000000') in 0.0006562 seconds
Import Error Code:(4)
Message: Build asset version error: assets/scripts/weapons/weapondata.cs in SourceAssetDB has modification time of '2026-10-05T11:43:46.6317961Z' while content on disk has modification time of '2026-10-05T11:44:28.256Z'
  ERROR: Build asset version error: assets/scripts/weapons/weapondata.cs in SourceAssetDB has modification time of '2026-10-05T11:43:46.6317961Z' while content on disk has modification time of '2026-10-05T11:44:28.256Z'
Number of updated asset objects reloaded before import = 0Number of asset objects unloaded after import = 0

========================================================================
Received Import Request.
  Time since last request: 0.000067 seconds.
  path: Assets/Scripts/Weapons/WeaponData.cs
  artifactKey: Guid(2d9720b74ca933e4da48927938fdb464) Importer(815301076,1909f56bfc062723c751e8b465ee728b)
Start importing Assets/Scripts/Weapons/WeaponData.cs using Guid(2d9720b74ca933e4da48927938fdb464) Importer(815301076,1909f56bfc062723c751e8b465ee728b) (PreviewImporter) -> (artifact id: '00000000000000000000000000000000') in 0.0009067 seconds
Import Error Code:(4)
Message: Build asset version error: assets/scripts/weapons/weapondata.cs in SourceAssetDB has modification time of '2026-10-05T11:43:46.6317961Z' while content on disk has modification time of '2026-10-05T11:44:28.256Z'
  ERROR: Build asset version error: assets/scripts/weapons/weapondata.cs in SourceAssetDB has modification time of '2026-10-05T11:43:46.6317961Z' while content on disk has modification time of '2026-10-05T11:44:28.256Z'
Number of updated asset objects reloaded before import = 0Number of asset objects unloaded after import = 0

========================================================================
Received Import Request.
  Time since last request: 0.000032 seconds.
  path: Assets/Scripts/Weapons/WeaponData.cs
  artifactKey: Guid(2d9720b74ca933e4da48927938fdb464) Importer(815301076,1909f56bfc062723c751e8b465ee728b)
Start importing Assets/Scripts/Weapons/WeaponData.cs using Guid(2d9720b74ca933e4da48927938fdb464) Importer(815301076,1909f56bfc062723c751e8b465ee728b) (PreviewImporter) -> (artifact id: '00000000000000000000000000000000') in 0.0010725 seconds
Import Error Code:(4)
Message: Build asset version error: assets/scripts/weapons/weapondata.cs in SourceAssetDB has modification time of '2026-10-05T11:43:46.6317961Z' while content on disk has modification time of '2026-10-05T11:44:28.256Z'
  ERROR: Build asset version error: assets/scripts/weapons/weapondata.cs in SourceAssetDB has modification time of '2026-10-05T11:43:46.6317961Z' while content on disk has modification time of '2026-10-05T11:44:28.256Z'
Number of updated asset objects reloaded before import = 0Number of asset objects unloaded after import = 0

========================================================================
Received Import Request.
  Time since last request: 0.000023 seconds.
  path: Assets/Scripts/Weapons/WeaponData.cs
  artifactKey: Guid(2d9720b74ca933e4da48927938fdb464) Importer(815301076,1909f56bfc062723c751e8b465ee728b)
Start importing Assets/Scripts/Weapons/WeaponData.cs using Guid(2d9720b74ca933e4da48927938fdb464) Importer(815301076,1909f56bfc062723c751e8b465ee728b) (PreviewImporter) -> (artifact id: '00000000000000000000000000000000') in 0.0006222 seconds
Import Error Code:(4)
Message: Build asset version error: assets/scripts/weapons/weapondata.cs in SourceAssetDB has modification time of '2026-10-05T11:43:46.6317961Z' while content on disk has modification time of '2026-10-05T11:44:28.256Z'
  ERROR: Build asset version error: assets/scripts/weapons/weapondata.cs in SourceAssetDB has modification time of '2026-10-05T11:43:46.6317961Z' while content on disk has modification time of '2026-10-05T11:44:28.256Z'
Number of updated asset objects reloaded before import = 0Number of asset objects unloaded after import = 0

========================================================================
Received Import Request.
  Time since last request: 0.000022 seconds.
  path: Assets/Scripts/Weapons/WeaponData.cs
  artifactKey: Guid(2d9720b74ca933e4da48927938fdb464) Importer(815301076,1909f56bfc062723c751e8b465ee728b)
Start importing Assets/Scripts/Weapons/WeaponData.cs using Guid(2d9720b74ca933e4da48927938fdb464) Importer(815301076,1909f56bfc062723c751e8b465ee728b) (PreviewImporter) -> (artifact id: '00000000000000000000000000000000') in 0.0019322 seconds
Import Error Code:(4)
Message: Build asset version error: assets/scripts/weapons/weapondata.cs in SourceAssetDB has modification time of '2026-10-05T11:43:46.6317961Z' while content on disk has modification time of '2026-10-05T11:44:28.256Z'
  ERROR: Build asset version error: assets/scripts/weapons/weapondata.cs in SourceAssetDB has modification time of '2026-10-05T11:43:46.6317961Z' while content on disk has modification time of '2026-10-05T11:44:28.256Z'
Number of updated asset objects reloaded before import = 0Number of asset objects unloaded after import = 0

========================================================================
Received Import Request.
  Time since last request: 0.000032 seconds.
  path: Assets/Scripts/Weapons/WeaponData.cs
  artifactKey: Guid(2d9720b74ca933e4da48927938fdb464) Importer(815301076,1909f56bfc062723c751e8b465ee728b)
Start importing Assets/Scripts/Weapons/WeaponData.cs using Guid(2d9720b74ca933e4da48927938fdb464) Importer(815301076,1909f56bfc062723c751e8b465ee728b) (PreviewImporter) -> (artifact id: '00000000000000000000000000000000') in 0.0008133 seconds
Import Error Code:(4)
Message: Build asset version error: assets/scripts/weapons/weapondata.cs in SourceAssetDB has modification time of '2026-10-05T11:43:46.6317961Z' while content on disk has modification time of '2026-10-05T11:44:28.256Z'
  ERROR: Build asset version error: assets/scripts/weapons/weapondata.cs in SourceAssetDB has modification time of '2026-10-05T11:43:46.6317961Z' while content on disk has modification time of '2026-10-05T11:44:28.256Z'
Number of updated asset objects reloaded before import = 0Number of asset objects unloaded after import = 0

========================================================================
Received Import Request.
  Time since last request: 0.000051 seconds.
  path: Assets/Scripts/Weapons/WeaponData.cs
  artifactKey: Guid(2d9720b74ca933e4da48927938fdb464) Importer(815301076,1909f56bfc062723c751e8b465ee728b)
Start importing Assets/Scripts/Weapons/WeaponData.cs using Guid(2d9720b74ca933e4da48927938fdb464) Importer(815301076,1909f56bfc062723c751e8b465ee728b) (PreviewImporter) -> (artifact id: '00000000000000000000000000000000') in 0.0008533 seconds
Import Error Code:(4)
Message: Build asset version error: assets/scripts/weapons/weapondata.cs in SourceAssetDB has modification time of '2026-10-05T11:43:46.6317961Z' while content on disk has modification time of '2026-10-05T11:44:28.256Z'
  ERROR: Build asset version error: assets/scripts/weapons/weapondata.cs in SourceAssetDB has modification time of '2026-10-05T11:43:46.6317961Z' while content on disk has modification time of '2026-10-05T11:44:28.256Z'
Number of updated asset objects reloaded before import = 0Number of asset objects unloaded after import = 0

========================================================================
Received Import Request.
  Time since last request: 0.000020 seconds.
  path: Assets/Scripts/Weapons/WeaponData.cs
  artifactKey: Guid(2d9720b74ca933e4da48927938fdb464) Importer(815301076,1909f56bfc062723c751e8b465ee728b)
Start importing Assets/Scripts/Weapons/WeaponData.cs using Guid(2d9720b74ca933e4da48927938fdb464) Importer(815301076,1909f56bfc062723c751e8b465ee728b) (PreviewImporter) -> (artifact id: '00000000000000000000000000000000') in 0.0305923 seconds
Import Error Code:(4)
Message: Build asset version error: assets/scripts/weapons/weapondata.cs in SourceAssetDB has modification time of '2026-10-05T11:43:46.6317961Z' while content on disk has modification time of '2026-10-05T11:44:28.256Z'
  ERROR: Build asset version error: assets/scripts/weapons/weapondata.cs in SourceAssetDB has modification time of '2026-10-05T11:43:46.6317961Z' while content on disk has modification time of '2026-10-05T11:44:28.256Z'
Number of updated asset objects reloaded before import = 0Number of asset objects unloaded after import = 0

========================================================================
Received Import Request.
  Time since last request: 0.000029 seconds.
  path: Assets/Scripts/Weapons/WeaponData.cs
  artifactKey: Guid(2d9720b74ca933e4da48927938fdb464) Importer(815301076,1909f56bfc062723c751e8b465ee728b)
Start importing Assets/Scripts/Weapons/WeaponData.cs using Guid(2d9720b74ca933e4da48927938fdb464) Importer(815301076,1909f56bfc062723c751e8b465ee728b) (PreviewImporter) -> (artifact id: '00000000000000000000000000000000') in 0.0007356 seconds
Import Error Code:(4)
Message: Build asset version error: assets/scripts/weapons/weapondata.cs in SourceAssetDB has modification time of '2026-10-05T11:43:46.6317961Z' while content on disk has modification time of '2026-10-05T11:44:28.256Z'
  ERROR: Build asset version error: assets/scripts/weapons/weapondata.cs in SourceAssetDB has modification time of '2026-10-05T11:43:46.6317961Z' while content on disk has modification time of '2026-10-05T11:44:28.256Z'
Number of updated asset objects reloaded before import = 0Number of asset objects unloaded after import = 0

========================================================================
Received Import Request.
  Time since last request: 0.000031 seconds.
  path: Assets/Scripts/Weapons/WeaponData.cs
  artifactKey: Guid(2d9720b74ca933e4da48927938fdb464) Importer(815301076,1909f56bfc062723c751e8b465ee728b)
Start importing Assets/Scripts/Weapons/WeaponData.cs using Guid(2d9720b74ca933e4da48927938fdb464) Importer(815301076,1909f56bfc062723c751e8b465ee728b) (PreviewImporter) -> (artifact id: '00000000000000000000000000000000') in 0.0007294 seconds
Import Error Code:(4)
Message: Build asset version error: assets/scripts/weapons/weapondata.cs in SourceAssetDB has modification time of '2026-10-05T11:43:46.6317961Z' while content on disk has modification time of '2026-10-05T11:44:28.256Z'
  ERROR: Build asset version error: assets/scripts/weapons/weapondata.cs in SourceAssetDB has modification time of '2026-10-05T11:43:46.6317961Z' while content on disk has modification time of '2026-10-05T11:44:28.256Z'
Number of updated asset objects reloaded before import = 0Number of asset objects unloaded after import = 0

========================================================================
Received Import Request.
  Time since last request: 0.000023 seconds.
  path: Assets/Scripts/Weapons/WeaponData.cs
  artifactKey: Guid(2d9720b74ca933e4da48927938fdb464) Importer(815301076,1909f56bfc062723c751e8b465ee728b)
Start importing Assets/Scripts/Weapons/WeaponData.cs using Guid(2d9720b74ca933e4da48927938fdb464) Importer(815301076,1909f56bfc062723c751e8b465ee728b) (PreviewImporter) -> (artifact id: '00000000000000000000000000000000') in 0.0011614 seconds
Import Error Code:(4)
Message: Build asset version error: assets/scripts/weapons/weapondata.cs in SourceAssetDB has modification time of '2026-10-05T11:43:46.6317961Z' while content on disk has modification time of '2026-10-05T11:44:28.256Z'
  ERROR: Build asset version error: assets/scripts/weapons/weapondata.cs in SourceAssetDB has modification time of '2026-10-05T11:43:46.6317961Z' while content on disk has modification time of '2026-10-05T11:44:28.256Z'
Number of updated asset objects reloaded before import = 0Number of asset objects unloaded after import = 0

========================================================================
Received Import Request.
  Time since last request: 0.000027 seconds.
  path: Assets/Scripts/Weapons/WeaponData.cs
  artifactKey: Guid(2d9720b74ca933e4da48927938fdb464) Importer(815301076,1909f56bfc062723c751e8b465ee728b)
Start importing Assets/Scripts/Weapons/WeaponData.cs using Guid(2d9720b74ca933e4da48927938fdb464) Importer(815301076,1909f56bfc062723c751e8b465ee728b) (PreviewImporter) -> (artifact id: '00000000000000000000000000000000') in 0.0008093 seconds
Import Error Code:(4)
Message: Build asset version error: assets/scripts/weapons/weapondata.cs in SourceAssetDB has modification time of '2026-10-05T11:43:46.6317961Z' while content on disk has modification time of '2026-10-05T11:44:28.256Z'
  ERROR: Build asset version error: assets/scripts/weapons/weapondata.cs in SourceAssetDB has modification time of '2026-10-05T11:43:46.6317961Z' while content on disk has modification time of '2026-10-05T11:44:28.256Z'
Number of updated asset objects reloaded before import = 0Number of asset objects unloaded after import = 0

========================================================================
Received Import Request.
  Time since last request: 0.000029 seconds.
  path: Assets/Scripts/Weapons/WeaponData.cs
  artifactKey: Guid(2d9720b74ca933e4da48927938fdb464) Importer(815301076,1909f56bfc062723c751e8b465ee728b)
Start importing Assets/Scripts/Weapons/WeaponData.cs using Guid(2d9720b74ca933e4da48927938fdb464) Importer(815301076,1909f56bfc062723c751e8b465ee728b) (PreviewImporter) -> (artifact id: '00000000000000000000000000000000') in 0.0006862 seconds
Import Error Code:(4)
Message: Build asset version error: assets/scripts/weapons/weapondata.cs in SourceAssetDB has modification time of '2026-10-05T11:43:46.6317961Z' while content on disk has modification time of '2026-10-05T11:44:28.256Z'
  ERROR: Build asset version error: assets/scripts/weapons/weapondata.cs in SourceAssetDB has modification time of '2026-10-05T11:43:46.6317961Z' while content on disk has modification time of '2026-10-05T11:44:28.256Z'
Number of updated asset objects reloaded before import = 0Number of asset objects unloaded after import = 0

========================================================================
Received Import Request.
  Time since last request: 0.000045 seconds.
  path: Assets/Scripts/Weapons/WeaponData.cs
  artifactKey: Guid(2d9720b74ca933e4da48927938fdb464) Importer(815301076,1909f56bfc062723c751e8b465ee728b)
Start importing Assets/Scripts/Weapons/WeaponData.cs using Guid(2d9720b74ca933e4da48927938fdb464) Importer(815301076,1909f56bfc062723c751e8b465ee728b) (PreviewImporter) -> (artifact id: '00000000000000000000000000000000') in 0.0017848 seconds
Import Error Code:(4)
Message: Build asset version error: assets/scripts/weapons/weapondata.cs in SourceAssetDB has modification time of '2026-10-05T11:43:46.6317961Z' while content on disk has modification time of '2026-10-05T11:44:28.256Z'
  ERROR: Build asset version error: assets/scripts/weapons/weapondata.cs in SourceAssetDB has modification time of '2026-10-05T11:43:46.6317961Z' while content on disk has modification time of '2026-10-05T11:44:28.256Z'
Number of updated asset objects reloaded before import = 0Number of asset objects unloaded after import = 0

========================================================================
Received Import Request.
  Time since last request: 0.000039 seconds.
  path: Assets/Scripts/Weapons/WeaponData.cs
  artifactKey: Guid(2d9720b74ca933e4da48927938fdb464) Importer(815301076,1909f56bfc062723c751e8b465ee728b)
Start importing Assets/Scripts/Weapons/WeaponData.cs using Guid(2d9720b74ca933e4da48927938fdb464) Importer(815301076,1909f56bfc062723c751e8b465ee728b) (PreviewImporter) -> (artifact id: '00000000000000000000000000000000') in 0.0010815 seconds
Import Error Code:(4)
Message: Build asset version error: assets/scripts/weapons/weapondata.cs in SourceAssetDB has modification time of '2026-10-05T11:43:46.6317961Z' while content on disk has modification time of '2026-10-05T11:44:28.256Z'
  ERROR: Build asset version error: assets/scripts/weapons/weapondata.cs in SourceAssetDB has modification time of '2026-10-05T11:43:46.6317961Z' while content on disk has modification time of '2026-10-05T11:44:28.256Z'
Number of updated asset objects reloaded before import = 0Number of asset objects unloaded after import = 0

========================================================================
Received Import Request.
  Time since last request: 0.000056 seconds.
  path: Assets/Scripts/Weapons/WeaponData.cs
  artifactKey: Guid(2d9720b74ca933e4da48927938fdb464) Importer(815301076,1909f56bfc062723c751e8b465ee728b)
Start importing Assets/Scripts/Weapons/WeaponData.cs using Guid(2d9720b74ca933e4da48927938fdb464) Importer(815301076,1909f56bfc062723c751e8b465ee728b) (PreviewImporter) -> (artifact id: '00000000000000000000000000000000') in 0.003136 seconds
Import Error Code:(4)
Message: Build asset version error: assets/scripts/weapons/weapondata.cs in SourceAssetDB has modification time of '2026-10-05T11:43:46.6317961Z' while content on disk has modification time of '2026-10-05T11:44:28.256Z'
  ERROR: Build asset version error: assets/scripts/weapons/weapondata.cs in SourceAssetDB has modification time of '2026-10-05T11:43:46.6317961Z' while content on disk has modification time of '2026-10-05T11:44:28.256Z'
Number of updated asset objects reloaded before import = 0Number of asset objects unloaded after import = 0

========================================================================
Received Import Request.
  Time since last request: 0.000062 seconds.
  path: Assets/Scripts/Weapons/WeaponData.cs
  artifactKey: Guid(2d9720b74ca933e4da48927938fdb464) Importer(815301076,1909f56bfc062723c751e8b465ee728b)
Start importing Assets/Scripts/Weapons/WeaponData.cs using Guid(2d9720b74ca933e4da48927938fdb464) Importer(815301076,1909f56bfc062723c751e8b465ee728b) (PreviewImporter) -> (artifact id: '00000000000000000000000000000000') in 0.0011515 seconds
Import Error Code:(4)
Message: Build asset version error: assets/scripts/weapons/weapondata.cs in SourceAssetDB has modification time of '2026-10-05T11:43:46.6317961Z' while content on disk has modification time of '2026-10-05T11:44:28.256Z'
  ERROR: Build asset version error: assets/scripts/weapons/weapondata.cs in SourceAssetDB has modification time of '2026-10-05T11:43:46.6317961Z' while content on disk has modification time of '2026-10-05T11:44:28.256Z'
Number of updated asset objects reloaded before import = 0Number of asset objects unloaded after import = 0

========================================================================
Received Import Request.
  Time since last request: 0.000020 seconds.
  path: Assets/Scripts/Weapons/WeaponData.cs
  artifactKey: Guid(2d9720b74ca933e4da48927938fdb464) Importer(815301076,1909f56bfc062723c751e8b465ee728b)
Start importing Assets/Scripts/Weapons/WeaponData.cs using Guid(2d9720b74ca933e4da48927938fdb464) Importer(815301076,1909f56bfc062723c751e8b465ee728b) (PreviewImporter) -> (artifact id: '00000000000000000000000000000000') in 0.0007109 seconds
Import Error Code:(4)
Message: Build asset version error: assets/scripts/weapons/weapondata.cs in SourceAssetDB has modification time of '2026-10-05T11:43:46.6317961Z' while content on disk has modification time of '2026-10-05T11:44:28.256Z'
  ERROR: Build asset version error: assets/scripts/weapons/weapondata.cs in SourceAssetDB has modification time of '2026-10-05T11:43:46.6317961Z' while content on disk has modification time of '2026-10-05T11:44:28.256Z'
Number of updated asset objects reloaded before import = 0Number of asset objects unloaded after import = 0

========================================================================
Received Import Request.
  Time since last request: 0.000023 seconds.
  path: Assets/Scripts/Weapons/WeaponData.cs
  artifactKey: Guid(2d9720b74ca933e4da48927938fdb464) Importer(815301076,1909f56bfc062723c751e8b465ee728b)
Start importing Assets/Scripts/Weapons/WeaponData.cs using Guid(2d9720b74ca933e4da48927938fdb464) Importer(815301076,1909f56bfc062723c751e8b465ee728b) (PreviewImporter) -> (artifact id: '00000000000000000000000000000000') in 0.0008175 seconds
Import Error Code:(4)
Message: Build asset version error: assets/scripts/weapons/weapondata.cs in SourceAssetDB has modification time of '2026-10-05T11:43:46.6317961Z' while content on disk has modification time of '2026-10-05T11:44:28.256Z'
  ERROR: Build asset version error: assets/scripts/weapons/weapondata.cs in SourceAssetDB has modification time of '2026-10-05T11:43:46.6317961Z' while content on disk has modification time of '2026-10-05T11:44:28.256Z'
Number of updated asset objects reloaded before import = 0Number of asset objects unloaded after import = 0

========================================================================
Received Import Request.
  Time since last request: 0.000025 seconds.
  path: Assets/Scripts/Weapons/WeaponData.cs
  artifactKey: Guid(2d9720b74ca933e4da48927938fdb464) Importer(815301076,1909f56bfc062723c751e8b465ee728b)
Start importing Assets/Scripts/Weapons/WeaponData.cs using Guid(2d9720b74ca933e4da48927938fdb464) Importer(815301076,1909f56bfc062723c751e8b465ee728b) (PreviewImporter) -> (artifact id: '00000000000000000000000000000000') in 0.0009557 seconds
Import Error Code:(4)
Message: Build asset version error: assets/scripts/weapons/weapondata.cs in SourceAssetDB has modification time of '2026-10-05T11:43:46.6317961Z' while content on disk has modification time of '2026-10-05T11:44:28.256Z'
  ERROR: Build asset version error: assets/scripts/weapons/weapondata.cs in SourceAssetDB has modification time of '2026-10-05T11:43:46.6317961Z' while content on disk has modification time of '2026-10-05T11:44:28.256Z'
Number of updated asset objects reloaded before import = 0Number of asset objects unloaded after import = 0

========================================================================
Received Import Request.
  Time since last request: 0.000029 seconds.
  path: Assets/Scripts/Weapons/WeaponData.cs
  artifactKey: Guid(2d9720b74ca933e4da48927938fdb464) Importer(815301076,1909f56bfc062723c751e8b465ee728b)
Start importing Assets/Scripts/Weapons/WeaponData.cs using Guid(2d9720b74ca933e4da48927938fdb464) Importer(815301076,1909f56bfc062723c751e8b465ee728b) (PreviewImporter) -> (artifact id: '00000000000000000000000000000000') in 0.0005468 seconds
Import Error Code:(4)
Message: Build asset version error: assets/scripts/weapons/weapondata.cs in SourceAssetDB has modification time of '2026-10-05T11:43:46.6317961Z' while content on disk has modification time of '2026-10-05T11:44:28.256Z'
  ERROR: Build asset version error: assets/scripts/weapons/weapondata.cs in SourceAssetDB has modification time of '2026-10-05T11:43:46.6317961Z' while content on disk has modification time of '2026-10-05T11:44:28.256Z'
Number of updated asset objects reloaded before import = 0Number of asset objects unloaded after import = 0

========================================================================
Received Import Request.
  Time since last request: 0.000041 seconds.
  path: Assets/Scripts/Weapons/WeaponData.cs
  artifactKey: Guid(2d9720b74ca933e4da48927938fdb464) Importer(815301076,1909f56bfc062723c751e8b465ee728b)
Start importing Assets/Scripts/Weapons/WeaponData.cs using Guid(2d9720b74ca933e4da48927938fdb464) Importer(815301076,1909f56bfc062723c751e8b465ee728b) (PreviewImporter) -> (artifact id: '00000000000000000000000000000000') in 0.0011317 seconds
Import Error Code:(4)
Message: Build asset version error: assets/scripts/weapons/weapondata.cs in SourceAssetDB has modification time of '2026-10-05T11:43:46.6317961Z' while content on disk has modification time of '2026-10-05T11:44:28.256Z'
  ERROR: Build asset version error: assets/scripts/weapons/weapondata.cs in SourceAssetDB has modification time of '2026-10-05T11:43:46.6317961Z' while content on disk has modification time of '2026-10-05T11:44:28.256Z'
Number of updated asset objects reloaded before import = 0Number of asset objects unloaded after import = 0

========================================================================
Received Import Request.
  Time since last request: 0.000021 seconds.
  path: Assets/Scripts/Weapons/WeaponData.cs
  artifactKey: Guid(2d9720b74ca933e4da48927938fdb464) Importer(815301076,1909f56bfc062723c751e8b465ee728b)
Start importing Assets/Scripts/Weapons/WeaponData.cs using Guid(2d9720b74ca933e4da48927938fdb464) Importer(815301076,1909f56bfc062723c751e8b465ee728b) (PreviewImporter) -> (artifact id: '00000000000000000000000000000000') in 0.0011278 seconds
Import Error Code:(4)
Message: Build asset version error: assets/scripts/weapons/weapondata.cs in SourceAssetDB has modification time of '2026-10-05T11:43:46.6317961Z' while content on disk has modification time of '2026-10-05T11:44:28.256Z'
  ERROR: Build asset version error: assets/scripts/weapons/weapondata.cs in SourceAssetDB has modification time of '2026-10-05T11:43:46.6317961Z' while content on disk has modification time of '2026-10-05T11:44:28.256Z'
Number of updated asset objects reloaded before import = 0Number of asset objects unloaded after import = 0

========================================================================
Received Import Request.
  Time since last request: 0.000026 seconds.
  path: Assets/Scripts/Weapons/WeaponData.cs
  artifactKey: Guid(2d9720b74ca933e4da48927938fdb464) Importer(815301076,1909f56bfc062723c751e8b465ee728b)
Start importing Assets/Scripts/Weapons/WeaponData.cs using Guid(2d9720b74ca933e4da48927938fdb464) Importer(815301076,1909f56bfc062723c751e8b465ee728b) (PreviewImporter) -> (artifact id: '00000000000000000000000000000000') in 0.0009698 seconds
Import Error Code:(4)
Message: Build asset version error: assets/scripts/weapons/weapondata.cs in SourceAssetDB has modification time of '2026-10-05T11:43:46.6317961Z' while content on disk has modification time of '2026-10-05T11:44:28.256Z'
  ERROR: Build asset version error: assets/scripts/weapons/weapondata.cs in SourceAssetDB has modification time of '2026-10-05T11:43:46.6317961Z' while content on disk has modification time of '2026-10-05T11:44:28.256Z'
Number of updated asset objects reloaded before import = 0Number of asset objects unloaded after import = 0

========================================================================
Received Import Request.
  Time since last request: 0.000020 seconds.
  path: Assets/Scripts/Weapons/WeaponData.cs
  artifactKey: Guid(2d9720b74ca933e4da48927938fdb464) Importer(815301076,1909f56bfc062723c751e8b465ee728b)
Start importing Assets/Scripts/Weapons/WeaponData.cs using Guid(2d9720b74ca933e4da48927938fdb464) Importer(815301076,1909f56bfc062723c751e8b465ee728b) (PreviewImporter) -> (artifact id: '00000000000000000000000000000000') in 0.0012198 seconds
Import Error Code:(4)
Message: Build asset version error: assets/scripts/weapons/weapondata.cs in SourceAssetDB has modification time of '2026-10-05T11:43:46.6317961Z' while content on disk has modification time of '2026-10-05T11:44:28.256Z'
  ERROR: Build asset version error: assets/scripts/weapons/weapondata.cs in SourceAssetDB has modification time of '2026-10-05T11:43:46.6317961Z' while content on disk has modification time of '2026-10-05T11:44:28.256Z'
Number of updated asset objects reloaded before import = 0Number of asset objects unloaded after import = 0

========================================================================
Received Import Request.
  Time since last request: 0.000029 seconds.
  path: Assets/Scripts/Weapons/WeaponData.cs
  artifactKey: Guid(2d9720b74ca933e4da48927938fdb464) Importer(815301076,1909f56bfc062723c751e8b465ee728b)
Start importing Assets/Scripts/Weapons/WeaponData.cs using Guid(2d9720b74ca933e4da48927938fdb464) Importer(815301076,1909f56bfc062723c751e8b465ee728b) (PreviewImporter) -> (artifact id: '00000000000000000000000000000000') in 0.0006931 seconds
Import Error Code:(4)
Message: Build asset version error: assets/scripts/weapons/weapondata.cs in SourceAssetDB has modification time of '2026-10-05T11:43:46.6317961Z' while content on disk has modification time of '2026-10-05T11:44:28.256Z'
  ERROR: Build asset version error: assets/scripts/weapons/weapondata.cs in SourceAssetDB has modification time of '2026-10-05T11:43:46.6317961Z' while content on disk has modification time of '2026-10-05T11:44:28.256Z'
Number of updated asset objects reloaded before import = 0Number of asset objects unloaded after import = 0

========================================================================
Received Import Request.
  Time since last request: 0.000057 seconds.
  path: Assets/Scripts/Weapons/WeaponData.cs
  artifactKey: Guid(2d9720b74ca933e4da48927938fdb464) Importer(815301076,1909f56bfc062723c751e8b465ee728b)
Start importing Assets/Scripts/Weapons/WeaponData.cs using Guid(2d9720b74ca933e4da48927938fdb464) Importer(815301076,1909f56bfc062723c751e8b465ee728b) (PreviewImporter) -> (artifact id: '00000000000000000000000000000000') in 0.0013972 seconds
Import Error Code:(4)
Message: Build asset version error: assets/scripts/weapons/weapondata.cs in SourceAssetDB has modification time of '2026-10-05T11:43:46.6317961Z' while content on disk has modification time of '2026-10-05T11:44:28.256Z'
  ERROR: Build asset version error: assets/scripts/weapons/weapondata.cs in SourceAssetDB has modification time of '2026-10-05T11:43:46.6317961Z' while content on disk has modification time of '2026-10-05T11:44:28.256Z'
Number of updated asset objects reloaded before import = 0Number of asset objects unloaded after import = 0

========================================================================
Received Import Request.
  Time since last request: 0.000018 seconds.
  path: Assets/Scripts/Weapons/WeaponData.cs
  artifactKey: Guid(2d9720b74ca933e4da48927938fdb464) Importer(815301076,1909f56bfc062723c751e8b465ee728b)
Start importing Assets/Scripts/Weapons/WeaponData.cs using Guid(2d9720b74ca933e4da48927938fdb464) Importer(815301076,1909f56bfc062723c751e8b465ee728b) (PreviewImporter) -> (artifact id: '00000000000000000000000000000000') in 0.0008579 seconds
Import Error Code:(4)
Message: Build asset version error: assets/scripts/weapons/weapondata.cs in SourceAssetDB has modification time of '2026-10-05T11:43:46.6317961Z' while content on disk has modification time of '2026-10-05T11:44:28.256Z'
  ERROR: Build asset version error: assets/scripts/weapons/weapondata.cs in SourceAssetDB has modification time of '2026-10-05T11:43:46.6317961Z' while content on disk has modification time of '2026-10-05T11:44:28.256Z'
Number of updated asset objects reloaded before import = 0Number of asset objects unloaded after import = 0

========================================================================
Received Import Request.
  Time since last request: 0.000070 seconds.
  path: Assets/Scripts/Weapons/WeaponData.cs
  artifactKey: Guid(2d9720b74ca933e4da48927938fdb464) Importer(815301076,1909f56bfc062723c751e8b465ee728b)
Start importing Assets/Scripts/Weapons/WeaponData.cs using Guid(2d9720b74ca933e4da48927938fdb464) Importer(815301076,1909f56bfc062723c751e8b465ee728b) (PreviewImporter) -> (artifact id: '00000000000000000000000000000000') in 0.000558 seconds
Import Error Code:(4)
Message: Build asset version error: assets/scripts/weapons/weapondata.cs in SourceAssetDB has modification time of '2026-10-05T11:43:46.6317961Z' while content on disk has modification time of '2026-10-05T11:44:28.256Z'
  ERROR: Build asset version error: assets/scripts/weapons/weapondata.cs in SourceAssetDB has modification time of '2026-10-05T11:43:46.6317961Z' while content on disk has modification time of '2026-10-05T11:44:28.256Z'
Number of updated asset objects reloaded before import = 0Number of asset objects unloaded after import = 0

========================================================================
Received Import Request.
  Time since last request: 0.000035 seconds.
  path: Assets/Scripts/Weapons/WeaponData.cs
  artifactKey: Guid(2d9720b74ca933e4da48927938fdb464) Importer(815301076,1909f56bfc062723c751e8b465ee728b)
Start importing Assets/Scripts/Weapons/WeaponData.cs using Guid(2d9720b74ca933e4da48927938fdb464) Importer(815301076,1909f56bfc062723c751e8b465ee728b) (PreviewImporter) -> (artifact id: '00000000000000000000000000000000') in 0.0008692 seconds
Import Error Code:(4)
Message: Build asset version error: assets/scripts/weapons/weapondata.cs in SourceAssetDB has modification time of '2026-10-05T11:43:46.6317961Z' while content on disk has modification time of '2026-10-05T11:44:28.256Z'
  ERROR: Build asset version error: assets/scripts/weapons/weapondata.cs in SourceAssetDB has modification time of '2026-10-05T11:43:46.6317961Z' while content on disk has modification time of '2026-10-05T11:44:28.256Z'
Number of updated asset objects reloaded before import = 0Number of asset objects unloaded after import = 0

========================================================================
Received Import Request.
  Time since last request: 0.000055 seconds.
  path: Assets/Scripts/Weapons/WeaponData.cs
  artifactKey: Guid(2d9720b74ca933e4da48927938fdb464) Importer(815301076,1909f56bfc062723c751e8b465ee728b)
Start importing Assets/Scripts/Weapons/WeaponData.cs using Guid(2d9720b74ca933e4da48927938fdb464) Importer(815301076,1909f56bfc062723c751e8b465ee728b) (PreviewImporter) -> (artifact id: '00000000000000000000000000000000') in 0.0007253 seconds
Import Error Code:(4)
Message: Build asset version error: assets/scripts/weapons/weapondata.cs in SourceAssetDB has modification time of '2026-10-05T11:43:46.6317961Z' while content on disk has modification time of '2026-10-05T11:44:28.256Z'
  ERROR: Build asset version error: assets/scripts/weapons/weapondata.cs in SourceAssetDB has modification time of '2026-10-05T11:43:46.6317961Z' while content on disk has modification time of '2026-10-05T11:44:28.256Z'
Number of updated asset objects reloaded before import = 0Number of asset objects unloaded after import = 0

========================================================================
Received Import Request.
  Time since last request: 0.000042 seconds.
  path: Assets/Scripts/Weapons/WeaponData.cs
  artifactKey: Guid(2d9720b74ca933e4da48927938fdb464) Importer(815301076,1909f56bfc062723c751e8b465ee728b)
Start importing Assets/Scripts/Weapons/WeaponData.cs using Guid(2d9720b74ca933e4da48927938fdb464) Importer(815301076,1909f56bfc062723c751e8b465ee728b) (PreviewImporter) -> (artifact id: '00000000000000000000000000000000') in 0.0009666 seconds
Import Error Code:(4)
Message: Build asset version error: assets/scripts/weapons/weapondata.cs in SourceAssetDB has modification time of '2026-10-05T11:43:46.6317961Z' while content on disk has modification time of '2026-10-05T11:44:28.256Z'
  ERROR: Build asset version error: assets/scripts/weapons/weapondata.cs in SourceAssetDB has modification time of '2026-10-05T11:43:46.6317961Z' while content on disk has modification time of '2026-10-05T11:44:28.256Z'
Number of updated asset objects reloaded before import = 0Number of asset objects unloaded after import = 0

========================================================================
Received Import Request.
  Time since last request: 0.000018 seconds.
  path: Assets/Scripts/Weapons/WeaponData.cs
  artifactKey: Guid(2d9720b74ca933e4da48927938fdb464) Importer(815301076,1909f56bfc062723c751e8b465ee728b)
Start importing Assets/Scripts/Weapons/WeaponData.cs using Guid(2d9720b74ca933e4da48927938fdb464) Importer(815301076,1909f56bfc062723c751e8b465ee728b) (PreviewImporter) -> (artifact id: '00000000000000000000000000000000') in 0.0007291 seconds
Import Error Code:(4)
Message: Build asset version error: assets/scripts/weapons/weapondata.cs in SourceAssetDB has modification time of '2026-10-05T11:43:46.6317961Z' while content on disk has modification time of '2026-10-05T11:44:28.256Z'
  ERROR: Build asset version error: assets/scripts/weapons/weapondata.cs in SourceAssetDB has modification time of '2026-10-05T11:43:46.6317961Z' while content on disk has modification time of '2026-10-05T11:44:28.256Z'
Number of updated asset objects reloaded before import = 0Number of asset objects unloaded after import = 0

========================================================================
Received Import Request.
  Time since last request: 0.000019 seconds.
  path: Assets/Scripts/Weapons/WeaponData.cs
  artifactKey: Guid(2d9720b74ca933e4da48927938fdb464) Importer(815301076,1909f56bfc062723c751e8b465ee728b)
Start importing Assets/Scripts/Weapons/WeaponData.cs using Guid(2d9720b74ca933e4da48927938fdb464) Importer(815301076,1909f56bfc062723c751e8b465ee728b) (PreviewImporter) -> (artifact id: '00000000000000000000000000000000') in 0.0007335 seconds
Import Error Code:(4)
Message: Build asset version error: assets/scripts/weapons/weapondata.cs in SourceAssetDB has modification time of '2026-10-05T11:43:46.6317961Z' while content on disk has modification time of '2026-10-05T11:44:28.256Z'
  ERROR: Build asset version error: assets/scripts/weapons/weapondata.cs in SourceAssetDB has modification time of '2026-10-05T11:43:46.6317961Z' while content on disk has modification time of '2026-10-05T11:44:28.256Z'
Number of updated asset objects reloaded before import = 0Number of asset objects unloaded after import = 0

========================================================================
Received Import Request.
  Time since last request: 0.000050 seconds.
  path: Assets/Scripts/Weapons/WeaponData.cs
  artifactKey: Guid(2d9720b74ca933e4da48927938fdb464) Importer(815301076,1909f56bfc062723c751e8b465ee728b)
Start importing Assets/Scripts/Weapons/WeaponData.cs using Guid(2d9720b74ca933e4da48927938fdb464) Importer(815301076,1909f56bfc062723c751e8b465ee728b) (PreviewImporter) -> (artifact id: '00000000000000000000000000000000') in 0.0011105 seconds
Import Error Code:(4)
Message: Build asset version error: assets/scripts/weapons/weapondata.cs in SourceAssetDB has modification time of '2026-10-05T11:43:46.6317961Z' while content on disk has modification time of '2026-10-05T11:44:28.256Z'
  ERROR: Build asset version error: assets/scripts/weapons/weapondata.cs in SourceAssetDB has modification time of '2026-10-05T11:43:46.6317961Z' while content on disk has modification time of '2026-10-05T11:44:28.256Z'
Number of updated asset objects reloaded before import = 0Number of asset objects unloaded after import = 0

========================================================================
Received Import Request.
  Time since last request: 0.000022 seconds.
  path: Assets/Scripts/Weapons/WeaponData.cs
  artifactKey: Guid(2d9720b74ca933e4da48927938fdb464) Importer(815301076,1909f56bfc062723c751e8b465ee728b)
Start importing Assets/Scripts/Weapons/WeaponData.cs using Guid(2d9720b74ca933e4da48927938fdb464) Importer(815301076,1909f56bfc062723c751e8b465ee728b) (PreviewImporter) -> (artifact id: '00000000000000000000000000000000') in 0.0009624 seconds
Import Error Code:(4)
Message: Build asset version error: assets/scripts/weapons/weapondata.cs in SourceAssetDB has modification time of '2026-10-05T11:43:46.6317961Z' while content on disk has modification time of '2026-10-05T11:44:28.256Z'
  ERROR: Build asset version error: assets/scripts/weapons/weapondata.cs in SourceAssetDB has modification time of '2026-10-05T11:43:46.6317961Z' while content on disk has modification time of '2026-10-05T11:44:28.256Z'
Number of updated asset objects reloaded before import = 0Number of asset objects unloaded after import = 0

========================================================================
Received Import Request.
  Time since last request: 0.000026 seconds.
  path: Assets/Scripts/Weapons/WeaponData.cs
  artifactKey: Guid(2d9720b74ca933e4da48927938fdb464) Importer(815301076,1909f56bfc062723c751e8b465ee728b)
Start importing Assets/Scripts/Weapons/WeaponData.cs using Guid(2d9720b74ca933e4da48927938fdb464) Importer(815301076,1909f56bfc062723c751e8b465ee728b) (PreviewImporter) -> (artifact id: '00000000000000000000000000000000') in 0.0005391 seconds
Import Error Code:(4)
Message: Build asset version error: assets/scripts/weapons/weapondata.cs in SourceAssetDB has modification time of '2026-10-05T11:43:46.6317961Z' while content on disk has modification time of '2026-10-05T11:44:28.256Z'
  ERROR: Build asset version error: assets/scripts/weapons/weapondata.cs in SourceAssetDB has modification time of '2026-10-05T11:43:46.6317961Z' while content on disk has modification time of '2026-10-05T11:44:28.256Z'
Number of updated asset objects reloaded before import = 0Number of asset objects unloaded after import = 0

========================================================================
Received Import Request.
  Time since last request: 0.000058 seconds.
  path: Assets/Scripts/Weapons/WeaponData.cs
  artifactKey: Guid(2d9720b74ca933e4da48927938fdb464) Importer(815301076,1909f56bfc062723c751e8b465ee728b)
Start importing Assets/Scripts/Weapons/WeaponData.cs using Guid(2d9720b74ca933e4da48927938fdb464) Importer(815301076,1909f56bfc062723c751e8b465ee728b) (PreviewImporter) -> (artifact id: '00000000000000000000000000000000') in 0.0007249 seconds
Import Error Code:(4)
Message: Build asset version error: assets/scripts/weapons/weapondata.cs in SourceAssetDB has modification time of '2026-10-05T11:43:46.6317961Z' while content on disk has modification time of '2026-10-05T11:44:28.256Z'
  ERROR: Build asset version error: assets/scripts/weapons/weapondata.cs in SourceAssetDB has modification time of '2026-10-05T11:43:46.6317961Z' while content on disk has modification time of '2026-10-05T11:44:28.256Z'
Number of updated asset objects reloaded before import = 0Number of asset objects unloaded after import = 0

========================================================================
Received Import Request.
  Time since last request: 0.000020 seconds.
  path: Assets/Scripts/Weapons/WeaponData.cs
  artifactKey: Guid(2d9720b74ca933e4da48927938fdb464) Importer(815301076,1909f56bfc062723c751e8b465ee728b)
Start importing Assets/Scripts/Weapons/WeaponData.cs using Guid(2d9720b74ca933e4da48927938fdb464) Importer(815301076,1909f56bfc062723c751e8b465ee728b) (PreviewImporter) -> (artifact id: '00000000000000000000000000000000') in 0.0006636 seconds
Import Error Code:(4)
Message: Build asset version error: assets/scripts/weapons/weapondata.cs in SourceAssetDB has modification time of '2026-10-05T11:43:46.6317961Z' while content on disk has modification time of '2026-10-05T11:44:28.256Z'
  ERROR: Build asset version error: assets/scripts/weapons/weapondata.cs in SourceAssetDB has modification time of '2026-10-05T11:43:46.6317961Z' while content on disk has modification time of '2026-10-05T11:44:28.256Z'
Number of updated asset objects reloaded before import = 0Number of asset objects unloaded after import = 0

========================================================================
Received Import Request.
  Time since last request: 0.000023 seconds.
  path: Assets/Scripts/Weapons/WeaponData.cs
  artifactKey: Guid(2d9720b74ca933e4da48927938fdb464) Importer(815301076,1909f56bfc062723c751e8b465ee728b)
Start importing Assets/Scripts/Weapons/WeaponData.cs using Guid(2d9720b74ca933e4da48927938fdb464) Importer(815301076,1909f56bfc062723c751e8b465ee728b) (PreviewImporter) -> (artifact id: '00000000000000000000000000000000') in 0.0010887 seconds
Import Error Code:(4)
Message: Build asset version error: assets/scripts/weapons/weapondata.cs in SourceAssetDB has modification time of '2026-10-05T11:43:46.6317961Z' while content on disk has modification time of '2026-10-05T11:44:28.256Z'
  ERROR: Build asset version error: assets/scripts/weapons/weapondata.cs in SourceAssetDB has modification time of '2026-10-05T11:43:46.6317961Z' while content on disk has modification time of '2026-10-05T11:44:28.256Z'
Number of updated asset objects reloaded before import = 0Number of asset objects unloaded after import = 0

========================================================================
Received Import Request.
  Time since last request: 0.000021 seconds.
  path: Assets/Scripts/Weapons/WeaponData.cs
  artifactKey: Guid(2d9720b74ca933e4da48927938fdb464) Importer(815301076,1909f56bfc062723c751e8b465ee728b)
Start importing Assets/Scripts/Weapons/WeaponData.cs using Guid(2d9720b74ca933e4da48927938fdb464) Importer(815301076,1909f56bfc062723c751e8b465ee728b) (PreviewImporter) -> (artifact id: '00000000000000000000000000000000') in 0.0007174 seconds
Import Error Code:(4)
Message: Build asset version error: assets/scripts/weapons/weapondata.cs in SourceAssetDB has modification time of '2026-10-05T11:43:46.6317961Z' while content on disk has modification time of '2026-10-05T11:44:28.256Z'
  ERROR: Build asset version error: assets/scripts/weapons/weapondata.cs in SourceAssetDB has modification time of '2026-10-05T11:43:46.6317961Z' while content on disk has modification time of '2026-10-05T11:44:28.256Z'
Number of updated asset objects reloaded before import = 0Number of asset objects unloaded after import = 0

========================================================================
Received Import Request.
  Time since last request: 0.000038 seconds.
  path: Assets/Scripts/Weapons/WeaponData.cs
  artifactKey: Guid(2d9720b74ca933e4da48927938fdb464) Importer(815301076,1909f56bfc062723c751e8b465ee728b)
Start importing Assets/Scripts/Weapons/WeaponData.cs using Guid(2d9720b74ca933e4da48927938fdb464) Importer(815301076,1909f56bfc062723c751e8b465ee728b) (PreviewImporter) -> (artifact id: '00000000000000000000000000000000') in 0.0005395 seconds
Import Error Code:(4)
Message: Build asset version error: assets/scripts/weapons/weapondata.cs in SourceAssetDB has modification time of '2026-10-05T11:43:46.6317961Z' while content on disk has modification time of '2026-10-05T11:44:28.256Z'
  ERROR: Build asset version error: assets/scripts/weapons/weapondata.cs in SourceAssetDB has modification time of '2026-10-05T11:43:46.6317961Z' while content on disk has modification time of '2026-10-05T11:44:28.256Z'
Number of updated asset objects reloaded before import = 0Number of asset objects unloaded after import = 0

========================================================================
Received Import Request.
  Time since last request: 0.000087 seconds.
  path: Assets/Scripts/Weapons/WeaponData.cs
  artifactKey: Guid(2d9720b74ca933e4da48927938fdb464) Importer(815301076,1909f56bfc062723c751e8b465ee728b)
Start importing Assets/Scripts/Weapons/WeaponData.cs using Guid(2d9720b74ca933e4da48927938fdb464) Importer(815301076,1909f56bfc062723c751e8b465ee728b) (PreviewImporter) -> (artifact id: '00000000000000000000000000000000') in 0.0009762 seconds
Import Error Code:(4)
Message: Build asset version error: assets/scripts/weapons/weapondata.cs in SourceAssetDB has modification time of '2026-10-05T11:43:46.6317961Z' while content on disk has modification time of '2026-10-05T11:44:28.256Z'
  ERROR: Build asset version error: assets/scripts/weapons/weapondata.cs in SourceAssetDB has modification time of '2026-10-05T11:43:46.6317961Z' while content on disk has modification time of '2026-10-05T11:44:28.256Z'
Number of updated asset objects reloaded before import = 0Number of asset objects unloaded after import = 0

========================================================================
Received Import Request.
  Time since last request: 0.000021 seconds.
  path: Assets/Scripts/Weapons/WeaponData.cs
  artifactKey: Guid(2d9720b74ca933e4da48927938fdb464) Importer(815301076,1909f56bfc062723c751e8b465ee728b)
Start importing Assets/Scripts/Weapons/WeaponData.cs using Guid(2d9720b74ca933e4da48927938fdb464) Importer(815301076,1909f56bfc062723c751e8b465ee728b) (PreviewImporter) -> (artifact id: '00000000000000000000000000000000') in 0.0215275 seconds
Import Error Code:(4)
Message: Build asset version error: assets/scripts/weapons/weapondata.cs in SourceAssetDB has modification time of '2026-10-05T11:43:46.6317961Z' while content on disk has modification time of '2026-10-05T11:44:33.6537741Z'
  ERROR: Build asset version error: assets/scripts/weapons/weapondata.cs in SourceAssetDB has modification time of '2026-10-05T11:43:46.6317961Z' while content on disk has modification time of '2026-10-05T11:44:33.6537741Z'
Number of updated asset objects reloaded before import = 0Number of asset objects unloaded after import = 0

========================================================================
Received Import Request.
  Time since last request: 0.000025 seconds.
  path: Assets/Scripts/Weapons/WeaponData.cs
  artifactKey: Guid(2d9720b74ca933e4da48927938fdb464) Importer(815301076,1909f56bfc062723c751e8b465ee728b)
Start importing Assets/Scripts/Weapons/WeaponData.cs using Guid(2d9720b74ca933e4da48927938fdb464) Importer(815301076,1909f56bfc062723c751e8b465ee728b) (PreviewImporter) -> (artifact id: '00000000000000000000000000000000') in 0.0010457 seconds
Import Error Code:(4)
Message: Build asset version error: assets/scripts/weapons/weapondata.cs in SourceAssetDB has modification time of '2026-10-05T11:43:46.6317961Z' while content on disk has modification time of '2026-10-05T11:44:33.624Z'
  ERROR: Build asset version error: assets/scripts/weapons/weapondata.cs in SourceAssetDB has modification time of '2026-10-05T11:43:46.6317961Z' while content on disk has modification time of '2026-10-05T11:44:33.624Z'
Number of updated asset objects reloaded before import = 0Number of asset objects unloaded after import = 0

========================================================================
Received Import Request.
  Time since last request: 0.000019 seconds.
  path: Assets/Scripts/Weapons/WeaponData.cs
  artifactKey: Guid(2d9720b74ca933e4da48927938fdb464) Importer(815301076,1909f56bfc062723c751e8b465ee728b)
Start importing Assets/Scripts/Weapons/WeaponData.cs using Guid(2d9720b74ca933e4da48927938fdb464) Importer(815301076,1909f56bfc062723c751e8b465ee728b) (PreviewImporter) -> (artifact id: '00000000000000000000000000000000') in 0.001287 seconds
Import Error Code:(4)
Message: Build asset version error: assets/scripts/weapons/weapondata.cs in SourceAssetDB has modification time of '2026-10-05T11:43:46.6317961Z' while content on disk has modification time of '2026-10-05T11:44:33.624Z'
  ERROR: Build asset version error: assets/scripts/weapons/weapondata.cs in SourceAssetDB has modification time of '2026-10-05T11:43:46.6317961Z' while content on disk has modification time of '2026-10-05T11:44:33.624Z'
Number of updated asset objects reloaded before import = 0Number of asset objects unloaded after import = 0

========================================================================
Received Import Request.
  Time since last request: 0.000038 seconds.
  path: Assets/Scripts/Weapons/WeaponData.cs
  artifactKey: Guid(2d9720b74ca933e4da48927938fdb464) Importer(815301076,1909f56bfc062723c751e8b465ee728b)
Start importing Assets/Scripts/Weapons/WeaponData.cs using Guid(2d9720b74ca933e4da48927938fdb464) Importer(815301076,1909f56bfc062723c751e8b465ee728b) (PreviewImporter) -> (artifact id: '00000000000000000000000000000000') in 0.0012039 seconds
Import Error Code:(4)
Message: Build asset version error: assets/scripts/weapons/weapondata.cs in SourceAssetDB has modification time of '2026-10-05T11:43:46.6317961Z' while content on disk has modification time of '2026-10-05T11:44:33.624Z'
  ERROR: Build asset version error: assets/scripts/weapons/weapondata.cs in SourceAssetDB has modification time of '2026-10-05T11:43:46.6317961Z' while content on disk has modification time of '2026-10-05T11:44:33.624Z'
Number of updated asset objects reloaded before import = 0Number of asset objects unloaded after import = 0

========================================================================
Received Import Request.
  Time since last request: 0.000036 seconds.
  path: Assets/Scripts/Weapons/WeaponData.cs
  artifactKey: Guid(2d9720b74ca933e4da48927938fdb464) Importer(815301076,1909f56bfc062723c751e8b465ee728b)
Start importing Assets/Scripts/Weapons/WeaponData.cs using Guid(2d9720b74ca933e4da48927938fdb464) Importer(815301076,1909f56bfc062723c751e8b465ee728b) (PreviewImporter) -> (artifact id: '00000000000000000000000000000000') in 0.000835 seconds
Import Error Code:(4)
Message: Build asset version error: assets/scripts/weapons/weapondata.cs in SourceAssetDB has modification time of '2026-10-05T11:43:46.6317961Z' while content on disk has modification time of '2026-10-05T11:44:33.624Z'
  ERROR: Build asset version error: assets/scripts/weapons/weapondata.cs in SourceAssetDB has modification time of '2026-10-05T11:43:46.6317961Z' while content on disk has modification time of '2026-10-05T11:44:33.624Z'
Number of updated asset objects reloaded before import = 0Number of asset objects unloaded after import = 0

========================================================================
Received Import Request.
  Time since last request: 0.000058 seconds.
  path: Assets/Scripts/Weapons/WeaponData.cs
  artifactKey: Guid(2d9720b74ca933e4da48927938fdb464) Importer(815301076,1909f56bfc062723c751e8b465ee728b)
Start importing Assets/Scripts/Weapons/WeaponData.cs using Guid(2d9720b74ca933e4da48927938fdb464) Importer(815301076,1909f56bfc062723c751e8b465ee728b) (PreviewImporter) -> (artifact id: '00000000000000000000000000000000') in 0.0008295 seconds
Import Error Code:(4)
Message: Build asset version error: assets/scripts/weapons/weapondata.cs in SourceAssetDB has modification time of '2026-10-05T11:43:46.6317961Z' while content on disk has modification time of '2026-10-05T11:44:33.624Z'
  ERROR: Build asset version error: assets/scripts/weapons/weapondata.cs in SourceAssetDB has modification time of '2026-10-05T11:43:46.6317961Z' while content on disk has modification time of '2026-10-05T11:44:33.624Z'
Number of updated asset objects reloaded before import = 0Number of asset objects unloaded after import = 0

========================================================================
Received Import Request.
  Time since last request: 0.000058 seconds.
  path: Assets/Scripts/Weapons/WeaponData.cs
  artifactKey: Guid(2d9720b74ca933e4da48927938fdb464) Importer(815301076,1909f56bfc062723c751e8b465ee728b)
Start importing Assets/Scripts/Weapons/WeaponData.cs using Guid(2d9720b74ca933e4da48927938fdb464) Importer(815301076,1909f56bfc062723c751e8b465ee728b) (PreviewImporter) -> (artifact id: '00000000000000000000000000000000') in 0.0007748 seconds
Import Error Code:(4)
Message: Build asset version error: assets/scripts/weapons/weapondata.cs in SourceAssetDB has modification time of '2026-10-05T11:43:46.6317961Z' while content on disk has modification time of '2026-10-05T11:44:33.624Z'
  ERROR: Build asset version error: assets/scripts/weapons/weapondata.cs in SourceAssetDB has modification time of '2026-10-05T11:43:46.6317961Z' while content on disk has modification time of '2026-10-05T11:44:33.624Z'
Number of updated asset objects reloaded before import = 0Number of asset objects unloaded after import = 0

========================================================================
Received Import Request.
  Time since last request: 0.000022 seconds.
  path: Assets/Scripts/Weapons/WeaponData.cs
  artifactKey: Guid(2d9720b74ca933e4da48927938fdb464) Importer(815301076,1909f56bfc062723c751e8b465ee728b)
Start importing Assets/Scripts/Weapons/WeaponData.cs using Guid(2d9720b74ca933e4da48927938fdb464) Importer(815301076,1909f56bfc062723c751e8b465ee728b) (PreviewImporter) -> (artifact id: '00000000000000000000000000000000') in 0.0009157 seconds
Import Error Code:(4)
Message: Build asset version error: assets/scripts/weapons/weapondata.cs in SourceAssetDB has modification time of '2026-10-05T11:43:46.6317961Z' while content on disk has modification time of '2026-10-05T11:44:33.624Z'
  ERROR: Build asset version error: assets/scripts/weapons/weapondata.cs in SourceAssetDB has modification time of '2026-10-05T11:43:46.6317961Z' while content on disk has modification time of '2026-10-05T11:44:33.624Z'
Number of updated asset objects reloaded before import = 0Number of asset objects unloaded after import = 0

========================================================================
Received Import Request.
  Time since last request: 0.000031 seconds.
  path: Assets/Scripts/Weapons/WeaponData.cs
  artifactKey: Guid(2d9720b74ca933e4da48927938fdb464) Importer(815301076,1909f56bfc062723c751e8b465ee728b)
Start importing Assets/Scripts/Weapons/WeaponData.cs using Guid(2d9720b74ca933e4da48927938fdb464) Importer(815301076,1909f56bfc062723c751e8b465ee728b) (PreviewImporter) -> (artifact id: '00000000000000000000000000000000') in 0.0006504 seconds
Import Error Code:(4)
Message: Build asset version error: assets/scripts/weapons/weapondata.cs in SourceAssetDB has modification time of '2026-10-05T11:43:46.6317961Z' while content on disk has modification time of '2026-10-05T11:44:33.624Z'
  ERROR: Build asset version error: assets/scripts/weapons/weapondata.cs in SourceAssetDB has modification time of '2026-10-05T11:43:46.6317961Z' while content on disk has modification time of '2026-10-05T11:44:33.624Z'
Number of updated asset objects reloaded before import = 0Number of asset objects unloaded after import = 0

========================================================================
Received Import Request.
  Time since last request: 0.000037 seconds.
  path: Assets/Scripts/Weapons/WeaponData.cs
  artifactKey: Guid(2d9720b74ca933e4da48927938fdb464) Importer(815301076,1909f56bfc062723c751e8b465ee728b)
Start importing Assets/Scripts/Weapons/WeaponData.cs using Guid(2d9720b74ca933e4da48927938fdb464) Importer(815301076,1909f56bfc062723c751e8b465ee728b) (PreviewImporter) -> (artifact id: '00000000000000000000000000000000') in 0.000688 seconds
Import Error Code:(4)
Message: Build asset version error: assets/scripts/weapons/weapondata.cs in SourceAssetDB has modification time of '2026-10-05T11:43:46.6317961Z' while content on disk has modification time of '2026-10-05T11:44:33.624Z'
  ERROR: Build asset version error: assets/scripts/weapons/weapondata.cs in SourceAssetDB has modification time of '2026-10-05T11:43:46.6317961Z' while content on disk has modification time of '2026-10-05T11:44:33.624Z'
Number of updated asset objects reloaded before import = 0Number of asset objects unloaded after import = 0

========================================================================
Received Import Request.
  Time since last request: 0.000029 seconds.
  path: Assets/Scripts/Weapons/WeaponData.cs
  artifactKey: Guid(2d9720b74ca933e4da48927938fdb464) Importer(815301076,1909f56bfc062723c751e8b465ee728b)
Start importing Assets/Scripts/Weapons/WeaponData.cs using Guid(2d9720b74ca933e4da48927938fdb464) Importer(815301076,1909f56bfc062723c751e8b465ee728b) (PreviewImporter) -> (artifact id: '00000000000000000000000000000000') in 0.0006492 seconds
Import Error Code:(4)
Message: Build asset version error: assets/scripts/weapons/weapondata.cs in SourceAssetDB has modification time of '2026-10-05T11:43:46.6317961Z' while content on disk has modification time of '2026-10-05T11:44:33.624Z'
  ERROR: Build asset version error: assets/scripts/weapons/weapondata.cs in SourceAssetDB has modification time of '2026-10-05T11:43:46.6317961Z' while content on disk has modification time of '2026-10-05T11:44:33.624Z'
Number of updated asset objects reloaded before import = 0Number of asset objects unloaded after import = 0

========================================================================
Received Import Request.
  Time since last request: 0.000023 seconds.
  path: Assets/Scripts/Weapons/WeaponData.cs
  artifactKey: Guid(2d9720b74ca933e4da48927938fdb464) Importer(815301076,1909f56bfc062723c751e8b465ee728b)
Start importing Assets/Scripts/Weapons/WeaponData.cs using Guid(2d9720b74ca933e4da48927938fdb464) Importer(815301076,1909f56bfc062723c751e8b465ee728b) (PreviewImporter) -> (artifact id: '00000000000000000000000000000000') in 0.0005565 seconds
Import Error Code:(4)
Message: Build asset version error: assets/scripts/weapons/weapondata.cs in SourceAssetDB has modification time of '2026-10-05T11:43:46.6317961Z' while content on disk has modification time of '2026-10-05T11:44:33.624Z'
  ERROR: Build asset version error: assets/scripts/weapons/weapondata.cs in SourceAssetDB has modification time of '2026-10-05T11:43:46.6317961Z' while content on disk has modification time of '2026-10-05T11:44:33.624Z'
Number of updated asset objects reloaded before import = 0Number of asset objects unloaded after import = 0

========================================================================
Received Import Request.
  Time since last request: 0.000020 seconds.
  path: Assets/Scripts/Weapons/WeaponData.cs
  artifactKey: Guid(2d9720b74ca933e4da48927938fdb464) Importer(815301076,1909f56bfc062723c751e8b465ee728b)
Start importing Assets/Scripts/Weapons/WeaponData.cs using Guid(2d9720b74ca933e4da48927938fdb464) Importer(815301076,1909f56bfc062723c751e8b465ee728b) (PreviewImporter) -> (artifact id: '00000000000000000000000000000000') in 0.0008197 seconds
Import Error Code:(4)
Message: Build asset version error: assets/scripts/weapons/weapondata.cs in SourceAssetDB has modification time of '2026-10-05T11:43:46.6317961Z' while content on disk has modification time of '2026-10-05T11:44:33.624Z'
  ERROR: Build asset version error: assets/scripts/weapons/weapondata.cs in SourceAssetDB has modification time of '2026-10-05T11:43:46.6317961Z' while content on disk has modification time of '2026-10-05T11:44:33.624Z'
Number of updated asset objects reloaded before import = 0Number of asset objects unloaded after import = 0

========================================================================
Received Import Request.
  Time since last request: 0.000023 seconds.
  path: Assets/Scripts/Weapons/WeaponData.cs
  artifactKey: Guid(2d9720b74ca933e4da48927938fdb464) Importer(815301076,1909f56bfc062723c751e8b465ee728b)
Start importing Assets/Scripts/Weapons/WeaponData.cs using Guid(2d9720b74ca933e4da48927938fdb464) Importer(815301076,1909f56bfc062723c751e8b465ee728b) (PreviewImporter) -> (artifact id: '00000000000000000000000000000000') in 0.0008934 seconds
Import Error Code:(4)
Message: Build asset version error: assets/scripts/weapons/weapondata.cs in SourceAssetDB has modification time of '2026-10-05T11:43:46.6317961Z' while content on disk has modification time of '2026-10-05T11:44:33.624Z'
  ERROR: Build asset version error: assets/scripts/weapons/weapondata.cs in SourceAssetDB has modification time of '2026-10-05T11:43:46.6317961Z' while content on disk has modification time of '2026-10-05T11:44:33.624Z'
Number of updated asset objects reloaded before import = 0Number of asset objects unloaded after import = 0

========================================================================
Received Import Request.
  Time since last request: 0.000023 seconds.
  path: Assets/Scripts/Weapons/WeaponData.cs
  artifactKey: Guid(2d9720b74ca933e4da48927938fdb464) Importer(815301076,1909f56bfc062723c751e8b465ee728b)
Start importing Assets/Scripts/Weapons/WeaponData.cs using Guid(2d9720b74ca933e4da48927938fdb464) Importer(815301076,1909f56bfc062723c751e8b465ee728b) (PreviewImporter) -> (artifact id: '00000000000000000000000000000000') in 0.0015831 seconds
Import Error Code:(4)
Message: Build asset version error: assets/scripts/weapons/weapondata.cs in SourceAssetDB has modification time of '2026-10-05T11:43:46.6317961Z' while content on disk has modification time of '2026-10-05T11:44:33.624Z'
  ERROR: Build asset version error: assets/scripts/weapons/weapondata.cs in SourceAssetDB has modification time of '2026-10-05T11:43:46.6317961Z' while content on disk has modification time of '2026-10-05T11:44:33.624Z'
Number of updated asset objects reloaded before import = 0Number of asset objects unloaded after import = 0

========================================================================
Received Import Request.
  Time since last request: 0.000037 seconds.
  path: Assets/Scripts/Weapons/WeaponData.cs
  artifactKey: Guid(2d9720b74ca933e4da48927938fdb464) Importer(815301076,1909f56bfc062723c751e8b465ee728b)
Start importing Assets/Scripts/Weapons/WeaponData.cs using Guid(2d9720b74ca933e4da48927938fdb464) Importer(815301076,1909f56bfc062723c751e8b465ee728b) (PreviewImporter) -> (artifact id: '00000000000000000000000000000000') in 0.0006427 seconds
Import Error Code:(4)
Message: Build asset version error: assets/scripts/weapons/weapondata.cs in SourceAssetDB has modification time of '2026-10-05T11:43:46.6317961Z' while content on disk has modification time of '2026-10-05T11:44:33.624Z'
  ERROR: Build asset version error: assets/scripts/weapons/weapondata.cs in SourceAssetDB has modification time of '2026-10-05T11:43:46.6317961Z' while content on disk has modification time of '2026-10-05T11:44:33.624Z'
Number of updated asset objects reloaded before import = 0Number of asset objects unloaded after import = 0

========================================================================
Received Import Request.
  Time since last request: 0.000023 seconds.
  path: Assets/Scripts/Weapons/WeaponData.cs
  artifactKey: Guid(2d9720b74ca933e4da48927938fdb464) Importer(815301076,1909f56bfc062723c751e8b465ee728b)
Start importing Assets/Scripts/Weapons/WeaponData.cs using Guid(2d9720b74ca933e4da48927938fdb464) Importer(815301076,1909f56bfc062723c751e8b465ee728b) (PreviewImporter) -> (artifact id: '00000000000000000000000000000000') in 0.0005795 seconds
Import Error Code:(4)
Message: Build asset version error: assets/scripts/weapons/weapondata.cs in SourceAssetDB has modification time of '2026-10-05T11:43:46.6317961Z' while content on disk has modification time of '2026-10-05T11:44:33.624Z'
  ERROR: Build asset version error: assets/scripts/weapons/weapondata.cs in SourceAssetDB has modification time of '2026-10-05T11:43:46.6317961Z' while content on disk has modification time of '2026-10-05T11:44:33.624Z'
Number of updated asset objects reloaded before import = 0Number of asset objects unloaded after import = 0

========================================================================
Received Import Request.
  Time since last request: 0.019910 seconds.
  path: Assets/Scripts/Weapons/WeaponData.cs
  artifactKey: Guid(2d9720b74ca933e4da48927938fdb464) Importer(815301076,1909f56bfc062723c751e8b465ee728b)
Start importing Assets/Scripts/Weapons/WeaponData.cs using Guid(2d9720b74ca933e4da48927938fdb464) Importer(815301076,1909f56bfc062723c751e8b465ee728b) (PreviewImporter) -> (artifact id: '00000000000000000000000000000000') in 0.0007083 seconds
Import Error Code:(4)
Message: Build asset version error: assets/scripts/weapons/weapondata.cs in SourceAssetDB has modification time of '2026-10-05T11:43:46.6317961Z' while content on disk has modification time of '2026-10-05T11:44:33.624Z'
  ERROR: Build asset version error: assets/scripts/weapons/weapondata.cs in SourceAssetDB has modification time of '2026-10-05T11:43:46.6317961Z' while content on disk has modification time of '2026-10-05T11:44:33.624Z'
Number of updated asset objects reloaded before import = 0Number of asset objects unloaded after import = 0

========================================================================
Received Import Request.
  Time since last request: 0.000019 seconds.
  path: Assets/Scripts/Weapons/WeaponData.cs
  artifactKey: Guid(2d9720b74ca933e4da48927938fdb464) Importer(815301076,1909f56bfc062723c751e8b465ee728b)
Start importing Assets/Scripts/Weapons/WeaponData.cs using Guid(2d9720b74ca933e4da48927938fdb464) Importer(815301076,1909f56bfc062723c751e8b465ee728b) (PreviewImporter) -> (artifact id: '00000000000000000000000000000000') in 0.0006984 seconds
Import Error Code:(4)
Message: Build asset version error: assets/scripts/weapons/weapondata.cs in SourceAssetDB has modification time of '2026-10-05T11:43:46.6317961Z' while content on disk has modification time of '2026-10-05T11:44:33.624Z'
  ERROR: Build asset version error: assets/scripts/weapons/weapondata.cs in SourceAssetDB has modification time of '2026-10-05T11:43:46.6317961Z' while content on disk has modification time of '2026-10-05T11:44:33.624Z'
Number of updated asset objects reloaded before import = 0Number of asset objects unloaded after import = 0

========================================================================
Received Import Request.
  Time since last request: 0.000024 seconds.
  path: Assets/Scripts/Weapons/WeaponData.cs
  artifactKey: Guid(2d9720b74ca933e4da48927938fdb464) Importer(815301076,1909f56bfc062723c751e8b465ee728b)
Start importing Assets/Scripts/Weapons/WeaponData.cs using Guid(2d9720b74ca933e4da48927938fdb464) Importer(815301076,1909f56bfc062723c751e8b465ee728b) (PreviewImporter) -> (artifact id: '00000000000000000000000000000000') in 0.0008938 seconds
Import Error Code:(4)
Message: Build asset version error: assets/scripts/weapons/weapondata.cs in SourceAssetDB has modification time of '2026-10-05T11:43:46.6317961Z' while content on disk has modification time of '2026-10-05T11:44:33.624Z'
  ERROR: Build asset version error: assets/scripts/weapons/weapondata.cs in SourceAssetDB has modification time of '2026-10-05T11:43:46.6317961Z' while content on disk has modification time of '2026-10-05T11:44:33.624Z'
Number of updated asset objects reloaded before import = 0Number of asset objects unloaded after import = 0

========================================================================
Received Import Request.
  Time since last request: 0.000038 seconds.
  path: Assets/Scripts/Weapons/WeaponData.cs
  artifactKey: Guid(2d9720b74ca933e4da48927938fdb464) Importer(815301076,1909f56bfc062723c751e8b465ee728b)
Start importing Assets/Scripts/Weapons/WeaponData.cs using Guid(2d9720b74ca933e4da48927938fdb464) Importer(815301076,1909f56bfc062723c751e8b465ee728b) (PreviewImporter) -> (artifact id: '00000000000000000000000000000000') in 0.0007022 seconds
Import Error Code:(4)
Message: Build asset version error: assets/scripts/weapons/weapondata.cs in SourceAssetDB has modification time of '2026-10-05T11:43:46.6317961Z' while content on disk has modification time of '2026-10-05T11:44:33.624Z'
  ERROR: Build asset version error: assets/scripts/weapons/weapondata.cs in SourceAssetDB has modification time of '2026-10-05T11:43:46.6317961Z' while content on disk has modification time of '2026-10-05T11:44:33.624Z'
Number of updated asset objects reloaded before import = 0Number of asset objects unloaded after import = 0

========================================================================
Received Import Request.
  Time since last request: 0.000035 seconds.
  path: Assets/Scripts/Weapons/WeaponData.cs
  artifactKey: Guid(2d9720b74ca933e4da48927938fdb464) Importer(815301076,1909f56bfc062723c751e8b465ee728b)
Start importing Assets/Scripts/Weapons/WeaponData.cs using Guid(2d9720b74ca933e4da48927938fdb464) Importer(815301076,1909f56bfc062723c751e8b465ee728b) (PreviewImporter) -> (artifact id: '00000000000000000000000000000000') in 0.0006177 seconds
Import Error Code:(4)
Message: Build asset version error: assets/scripts/weapons/weapondata.cs in SourceAssetDB has modification time of '2026-10-05T11:43:46.6317961Z' while content on disk has modification time of '2026-10-05T11:44:33.624Z'
  ERROR: Build asset version error: assets/scripts/weapons/weapondata.cs in SourceAssetDB has modification time of '2026-10-05T11:43:46.6317961Z' while content on disk has modification time of '2026-10-05T11:44:33.624Z'
Number of updated asset objects reloaded before import = 0Number of asset objects unloaded after import = 0

========================================================================
Received Import Request.
  Time since last request: 0.000019 seconds.
  path: Assets/Scripts/Weapons/WeaponData.cs
  artifactKey: Guid(2d9720b74ca933e4da48927938fdb464) Importer(815301076,1909f56bfc062723c751e8b465ee728b)
Start importing Assets/Scripts/Weapons/WeaponData.cs using Guid(2d9720b74ca933e4da48927938fdb464) Importer(815301076,1909f56bfc062723c751e8b465ee728b) (PreviewImporter) -> (artifact id: '00000000000000000000000000000000') in 0.0009815 seconds
Import Error Code:(4)
Message: Build asset version error: assets/scripts/weapons/weapondata.cs in SourceAssetDB has modification time of '2026-10-05T11:43:46.6317961Z' while content on disk has modification time of '2026-10-05T11:44:33.624Z'
  ERROR: Build asset version error: assets/scripts/weapons/weapondata.cs in SourceAssetDB has modification time of '2026-10-05T11:43:46.6317961Z' while content on disk has modification time of '2026-10-05T11:44:33.624Z'
Number of updated asset objects reloaded before import = 0Number of asset objects unloaded after import = 0

========================================================================
Received Import Request.
  Time since last request: 0.000032 seconds.
  path: Assets/Scripts/Weapons/WeaponData.cs
  artifactKey: Guid(2d9720b74ca933e4da48927938fdb464) Importer(815301076,1909f56bfc062723c751e8b465ee728b)
Start importing Assets/Scripts/Weapons/WeaponData.cs using Guid(2d9720b74ca933e4da48927938fdb464) Importer(815301076,1909f56bfc062723c751e8b465ee728b) (PreviewImporter) -> (artifact id: '00000000000000000000000000000000') in 0.0009383 seconds
Import Error Code:(4)
Message: Build asset version error: assets/scripts/weapons/weapondata.cs in SourceAssetDB has modification time of '2026-10-05T11:43:46.6317961Z' while content on disk has modification time of '2026-10-05T11:44:33.624Z'
  ERROR: Build asset version error: assets/scripts/weapons/weapondata.cs in SourceAssetDB has modification time of '2026-10-05T11:43:46.6317961Z' while content on disk has modification time of '2026-10-05T11:44:33.624Z'
Number of updated asset objects reloaded before import = 0Number of asset objects unloaded after import = 0

========================================================================
Received Import Request.
  Time since last request: 0.000027 seconds.
  path: Assets/Scripts/Weapons/WeaponData.cs
  artifactKey: Guid(2d9720b74ca933e4da48927938fdb464) Importer(815301076,1909f56bfc062723c751e8b465ee728b)
Start importing Assets/Scripts/Weapons/WeaponData.cs using Guid(2d9720b74ca933e4da48927938fdb464) Importer(815301076,1909f56bfc062723c751e8b465ee728b) (PreviewImporter) -> (artifact id: '00000000000000000000000000000000') in 0.0005532 seconds
Import Error Code:(4)
Message: Build asset version error: assets/scripts/weapons/weapondata.cs in SourceAssetDB has modification time of '2026-10-05T11:43:46.6317961Z' while content on disk has modification time of '2026-10-05T11:44:33.624Z'
  ERROR: Build asset version error: assets/scripts/weapons/weapondata.cs in SourceAssetDB has modification time of '2026-10-05T11:43:46.6317961Z' while content on disk has modification time of '2026-10-05T11:44:33.624Z'
Number of updated asset objects reloaded before import = 0Number of asset objects unloaded after import = 0

========================================================================
Received Import Request.
  Time since last request: 0.000027 seconds.
  path: Assets/Scripts/Weapons/WeaponData.cs
  artifactKey: Guid(2d9720b74ca933e4da48927938fdb464) Importer(815301076,1909f56bfc062723c751e8b465ee728b)
Start importing Assets/Scripts/Weapons/WeaponData.cs using Guid(2d9720b74ca933e4da48927938fdb464) Importer(815301076,1909f56bfc062723c751e8b465ee728b) (PreviewImporter) -> (artifact id: '00000000000000000000000000000000') in 0.0008246 seconds
Import Error Code:(4)
Message: Build asset version error: assets/scripts/weapons/weapondata.cs in SourceAssetDB has modification time of '2026-10-05T11:43:46.6317961Z' while content on disk has modification time of '2026-10-05T11:44:33.624Z'
  ERROR: Build asset version error: assets/scripts/weapons/weapondata.cs in SourceAssetDB has modification time of '2026-10-05T11:43:46.6317961Z' while content on disk has modification time of '2026-10-05T11:44:33.624Z'
Number of updated asset objects reloaded before import = 0Number of asset objects unloaded after import = 0

========================================================================
Received Import Request.
  Time since last request: 0.000039 seconds.
  path: Assets/Scripts/Weapons/WeaponData.cs
  artifactKey: Guid(2d9720b74ca933e4da48927938fdb464) Importer(815301076,1909f56bfc062723c751e8b465ee728b)
Start importing Assets/Scripts/Weapons/WeaponData.cs using Guid(2d9720b74ca933e4da48927938fdb464) Importer(815301076,1909f56bfc062723c751e8b465ee728b) (PreviewImporter) -> (artifact id: '00000000000000000000000000000000') in 0.0011991 seconds
Import Error Code:(4)
Message: Build asset version error: assets/scripts/weapons/weapondata.cs in SourceAssetDB has modification time of '2026-10-05T11:43:46.6317961Z' while content on disk has modification time of '2026-10-05T11:44:33.624Z'
  ERROR: Build asset version error: assets/scripts/weapons/weapondata.cs in SourceAssetDB has modification time of '2026-10-05T11:43:46.6317961Z' while content on disk has modification time of '2026-10-05T11:44:33.624Z'
Number of updated asset objects reloaded before import = 0Number of asset objects unloaded after import = 0

========================================================================
Received Import Request.
  Time since last request: 0.000039 seconds.
  path: Assets/Scripts/Weapons/WeaponData.cs
  artifactKey: Guid(2d9720b74ca933e4da48927938fdb464) Importer(815301076,1909f56bfc062723c751e8b465ee728b)
Start importing Assets/Scripts/Weapons/WeaponData.cs using Guid(2d9720b74ca933e4da48927938fdb464) Importer(815301076,1909f56bfc062723c751e8b465ee728b) (PreviewImporter) -> (artifact id: '00000000000000000000000000000000') in 0.000919 seconds
Import Error Code:(4)
Message: Build asset version error: assets/scripts/weapons/weapondata.cs in SourceAssetDB has modification time of '2026-10-05T11:43:46.6317961Z' while content on disk has modification time of '2026-10-05T11:44:33.624Z'
  ERROR: Build asset version error: assets/scripts/weapons/weapondata.cs in SourceAssetDB has modification time of '2026-10-05T11:43:46.6317961Z' while content on disk has modification time of '2026-10-05T11:44:33.624Z'
Number of updated asset objects reloaded before import = 0Number of asset objects unloaded after import = 0

========================================================================
Received Import Request.
  Time since last request: 0.000018 seconds.
  path: Assets/Scripts/Weapons/WeaponData.cs
  artifactKey: Guid(2d9720b74ca933e4da48927938fdb464) Importer(815301076,1909f56bfc062723c751e8b465ee728b)
Start importing Assets/Scripts/Weapons/WeaponData.cs using Guid(2d9720b74ca933e4da48927938fdb464) Importer(815301076,1909f56bfc062723c751e8b465ee728b) (PreviewImporter) -> (artifact id: '00000000000000000000000000000000') in 0.0009246 seconds
Import Error Code:(4)
Message: Build asset version error: assets/scripts/weapons/weapondata.cs in SourceAssetDB has modification time of '2026-10-05T11:43:46.6317961Z' while content on disk has modification time of '2026-10-05T11:44:33.624Z'
  ERROR: Build asset version error: assets/scripts/weapons/weapondata.cs in SourceAssetDB has modification time of '2026-10-05T11:43:46.6317961Z' while content on disk has modification time of '2026-10-05T11:44:33.624Z'
Number of updated asset objects reloaded before import = 0Number of asset objects unloaded after import = 0

========================================================================
Received Import Request.
  Time since last request: 0.000021 seconds.
  path: Assets/Scripts/Weapons/WeaponData.cs
  artifactKey: Guid(2d9720b74ca933e4da48927938fdb464) Importer(815301076,1909f56bfc062723c751e8b465ee728b)
Start importing Assets/Scripts/Weapons/WeaponData.cs using Guid(2d9720b74ca933e4da48927938fdb464) Importer(815301076,1909f56bfc062723c751e8b465ee728b) (PreviewImporter) -> (artifact id: '00000000000000000000000000000000') in 0.0006633 seconds
Import Error Code:(4)
Message: Build asset version error: assets/scripts/weapons/weapondata.cs in SourceAssetDB has modification time of '2026-10-05T11:43:46.6317961Z' while content on disk has modification time of '2026-10-05T11:44:33.624Z'
  ERROR: Build asset version error: assets/scripts/weapons/weapondata.cs in SourceAssetDB has modification time of '2026-10-05T11:43:46.6317961Z' while content on disk has modification time of '2026-10-05T11:44:33.624Z'
Number of updated asset objects reloaded before import = 0Number of asset objects unloaded after import = 0

========================================================================
Received Import Request.
  Time since last request: 0.000023 seconds.
  path: Assets/Scripts/Weapons/WeaponData.cs
  artifactKey: Guid(2d9720b74ca933e4da48927938fdb464) Importer(815301076,1909f56bfc062723c751e8b465ee728b)
Start importing Assets/Scripts/Weapons/WeaponData.cs using Guid(2d9720b74ca933e4da48927938fdb464) Importer(815301076,1909f56bfc062723c751e8b465ee728b) (PreviewImporter) -> (artifact id: '00000000000000000000000000000000') in 0.0010018 seconds
Import Error Code:(4)
Message: Build asset version error: assets/scripts/weapons/weapondata.cs in SourceAssetDB has modification time of '2026-10-05T11:43:46.6317961Z' while content on disk has modification time of '2026-10-05T11:44:33.624Z'
  ERROR: Build asset version error: assets/scripts/weapons/weapondata.cs in SourceAssetDB has modification time of '2026-10-05T11:43:46.6317961Z' while content on disk has modification time of '2026-10-05T11:44:33.624Z'
Number of updated asset objects reloaded before import = 0Number of asset objects unloaded after import = 0

========================================================================
Received Import Request.
  Time since last request: 0.000023 seconds.
  path: Assets/Scripts/Weapons/WeaponData.cs
  artifactKey: Guid(2d9720b74ca933e4da48927938fdb464) Importer(815301076,1909f56bfc062723c751e8b465ee728b)
Start importing Assets/Scripts/Weapons/WeaponData.cs using Guid(2d9720b74ca933e4da48927938fdb464) Importer(815301076,1909f56bfc062723c751e8b465ee728b) (PreviewImporter) -> (artifact id: '00000000000000000000000000000000') in 0.0005294 seconds
Import Error Code:(4)
Message: Build asset version error: assets/scripts/weapons/weapondata.cs in SourceAssetDB has modification time of '2026-10-05T11:43:46.6317961Z' while content on disk has modification time of '2026-10-05T11:44:33.624Z'
  ERROR: Build asset version error: assets/scripts/weapons/weapondata.cs in SourceAssetDB has modification time of '2026-10-05T11:43:46.6317961Z' while content on disk has modification time of '2026-10-05T11:44:33.624Z'
Number of updated asset objects reloaded before import = 0Number of asset objects unloaded after import = 0

========================================================================
Received Import Request.
  Time since last request: 0.000037 seconds.
  path: Assets/Scripts/Weapons/WeaponData.cs
  artifactKey: Guid(2d9720b74ca933e4da48927938fdb464) Importer(815301076,1909f56bfc062723c751e8b465ee728b)
Start importing Assets/Scripts/Weapons/WeaponData.cs using Guid(2d9720b74ca933e4da48927938fdb464) Importer(815301076,1909f56bfc062723c751e8b465ee728b) (PreviewImporter) -> (artifact id: '00000000000000000000000000000000') in 0.0006717 seconds
Import Error Code:(4)
Message: Build asset version error: assets/scripts/weapons/weapondata.cs in SourceAssetDB has modification time of '2026-10-05T11:43:46.6317961Z' while content on disk has modification time of '2026-10-05T11:44:33.624Z'
  ERROR: Build asset version error: assets/scripts/weapons/weapondata.cs in SourceAssetDB has modification time of '2026-10-05T11:43:46.6317961Z' while content on disk has modification time of '2026-10-05T11:44:33.624Z'
Number of updated asset objects reloaded before import = 0Number of asset objects unloaded after import = 0

========================================================================
Received Import Request.
  Time since last request: 0.000023 seconds.
  path: Assets/Scripts/Weapons/WeaponData.cs
  artifactKey: Guid(2d9720b74ca933e4da48927938fdb464) Importer(815301076,1909f56bfc062723c751e8b465ee728b)
Start importing Assets/Scripts/Weapons/WeaponData.cs using Guid(2d9720b74ca933e4da48927938fdb464) Importer(815301076,1909f56bfc062723c751e8b465ee728b) (PreviewImporter) -> (artifact id: '00000000000000000000000000000000') in 0.0013445 seconds
Import Error Code:(4)
Message: Build asset version error: assets/scripts/weapons/weapondata.cs in SourceAssetDB has modification time of '2026-10-05T11:43:46.6317961Z' while content on disk has modification time of '2026-10-05T11:44:33.624Z'
  ERROR: Build asset version error: assets/scripts/weapons/weapondata.cs in SourceAssetDB has modification time of '2026-10-05T11:43:46.6317961Z' while content on disk has modification time of '2026-10-05T11:44:33.624Z'
Number of updated asset objects reloaded before import = 0Number of asset objects unloaded after import = 0

========================================================================
Received Import Request.
  Time since last request: 0.000057 seconds.
  path: Assets/Scripts/Weapons/WeaponData.cs
  artifactKey: Guid(2d9720b74ca933e4da48927938fdb464) Importer(815301076,1909f56bfc062723c751e8b465ee728b)
Start importing Assets/Scripts/Weapons/WeaponData.cs using Guid(2d9720b74ca933e4da48927938fdb464) Importer(815301076,1909f56bfc062723c751e8b465ee728b) (PreviewImporter) -> (artifact id: '00000000000000000000000000000000') in 0.0008116 seconds
Import Error Code:(4)
Message: Build asset version error: assets/scripts/weapons/weapondata.cs in SourceAssetDB has modification time of '2026-10-05T11:43:46.6317961Z' while content on disk has modification time of '2026-10-05T11:44:33.624Z'
  ERROR: Build asset version error: assets/scripts/weapons/weapondata.cs in SourceAssetDB has modification time of '2026-10-05T11:43:46.6317961Z' while content on disk has modification time of '2026-10-05T11:44:33.624Z'
Number of updated asset objects reloaded before import = 0Number of asset objects unloaded after import = 0

========================================================================
Received Import Request.
  Time since last request: 0.000044 seconds.
  path: Assets/Scripts/Weapons/WeaponData.cs
  artifactKey: Guid(2d9720b74ca933e4da48927938fdb464) Importer(815301076,1909f56bfc062723c751e8b465ee728b)
Start importing Assets/Scripts/Weapons/WeaponData.cs using Guid(2d9720b74ca933e4da48927938fdb464) Importer(815301076,1909f56bfc062723c751e8b465ee728b) (PreviewImporter) -> (artifact id: '00000000000000000000000000000000') in 0.0005606 seconds
Import Error Code:(4)
Message: Build asset version error: assets/scripts/weapons/weapondata.cs in SourceAssetDB has modification time of '2026-10-05T11:43:46.6317961Z' while content on disk has modification time of '2026-10-05T11:44:33.624Z'
  ERROR: Build asset version error: assets/scripts/weapons/weapondata.cs in SourceAssetDB has modification time of '2026-10-05T11:43:46.6317961Z' while content on disk has modification time of '2026-10-05T11:44:33.624Z'
Number of updated asset objects reloaded before import = 0Number of asset objects unloaded after import = 0

========================================================================
Received Import Request.
  Time since last request: 0.000020 seconds.
  path: Assets/Scripts/Weapons/WeaponData.cs
  artifactKey: Guid(2d9720b74ca933e4da48927938fdb464) Importer(815301076,1909f56bfc062723c751e8b465ee728b)
Start importing Assets/Scripts/Weapons/WeaponData.cs using Guid(2d9720b74ca933e4da48927938fdb464) Importer(815301076,1909f56bfc062723c751e8b465ee728b) (PreviewImporter) -> (artifact id: '00000000000000000000000000000000') in 0.001405 seconds
Import Error Code:(4)
Message: Build asset version error: assets/scripts/weapons/weapondata.cs in SourceAssetDB has modification time of '2026-10-05T11:43:46.6317961Z' while content on disk has modification time of '2026-10-05T11:44:33.624Z'
  ERROR: Build asset version error: assets/scripts/weapons/weapondata.cs in SourceAssetDB has modification time of '2026-10-05T11:43:46.6317961Z' while content on disk has modification time of '2026-10-05T11:44:33.624Z'
Number of updated asset objects reloaded before import = 0Number of asset objects unloaded after import = 0

========================================================================
Received Import Request.
  Time since last request: 0.000083 seconds.
  path: Assets/Scripts/Weapons/WeaponData.cs
  artifactKey: Guid(2d9720b74ca933e4da48927938fdb464) Importer(815301076,1909f56bfc062723c751e8b465ee728b)
Start importing Assets/Scripts/Weapons/WeaponData.cs using Guid(2d9720b74ca933e4da48927938fdb464) Importer(815301076,1909f56bfc062723c751e8b465ee728b) (PreviewImporter) -> (artifact id: '00000000000000000000000000000000') in 0.0007641 seconds
Import Error Code:(4)
Message: Build asset version error: assets/scripts/weapons/weapondata.cs in SourceAssetDB has modification time of '2026-10-05T11:43:46.6317961Z' while content on disk has modification time of '2026-10-05T11:44:33.624Z'
  ERROR: Build asset version error: assets/scripts/weapons/weapondata.cs in SourceAssetDB has modification time of '2026-10-05T11:43:46.6317961Z' while content on disk has modification time of '2026-10-05T11:44:33.624Z'
Number of updated asset objects reloaded before import = 0Number of asset objects unloaded after import = 0

========================================================================
Received Import Request.
  Time since last request: 0.000022 seconds.
  path: Assets/Scripts/Weapons/WeaponData.cs
  artifactKey: Guid(2d9720b74ca933e4da48927938fdb464) Importer(815301076,1909f56bfc062723c751e8b465ee728b)
Start importing Assets/Scripts/Weapons/WeaponData.cs using Guid(2d9720b74ca933e4da48927938fdb464) Importer(815301076,1909f56bfc062723c751e8b465ee728b) (PreviewImporter) -> (artifact id: '00000000000000000000000000000000') in 0.001108 seconds
Import Error Code:(4)
Message: Build asset version error: assets/scripts/weapons/weapondata.cs in SourceAssetDB has modification time of '2026-10-05T11:43:46.6317961Z' while content on disk has modification time of '2026-10-05T11:44:33.624Z'
  ERROR: Build asset version error: assets/scripts/weapons/weapondata.cs in SourceAssetDB has modification time of '2026-10-05T11:43:46.6317961Z' while content on disk has modification time of '2026-10-05T11:44:33.624Z'
Number of updated asset objects reloaded before import = 0Number of asset objects unloaded after import = 0

========================================================================
Received Import Request.
  Time since last request: 0.000020 seconds.
  path: Assets/Scripts/Weapons/WeaponData.cs
  artifactKey: Guid(2d9720b74ca933e4da48927938fdb464) Importer(815301076,1909f56bfc062723c751e8b465ee728b)
Start importing Assets/Scripts/Weapons/WeaponData.cs using Guid(2d9720b74ca933e4da48927938fdb464) Importer(815301076,1909f56bfc062723c751e8b465ee728b) (PreviewImporter) -> (artifact id: '00000000000000000000000000000000') in 0.001213 seconds
Import Error Code:(4)
Message: Build asset version error: assets/scripts/weapons/weapondata.cs in SourceAssetDB has modification time of '2026-10-05T11:43:46.6317961Z' while content on disk has modification time of '2026-10-05T11:44:33.624Z'
  ERROR: Build asset version error: assets/scripts/weapons/weapondata.cs in SourceAssetDB has modification time of '2026-10-05T11:43:46.6317961Z' while content on disk has modification time of '2026-10-05T11:44:33.624Z'
Number of updated asset objects reloaded before import = 0Number of asset objects unloaded after import = 0

========================================================================
Received Import Request.
  Time since last request: 0.000018 seconds.
  path: Assets/Scripts/Weapons/WeaponData.cs
  artifactKey: Guid(2d9720b74ca933e4da48927938fdb464) Importer(815301076,1909f56bfc062723c751e8b465ee728b)
Start importing Assets/Scripts/Weapons/WeaponData.cs using Guid(2d9720b74ca933e4da48927938fdb464) Importer(815301076,1909f56bfc062723c751e8b465ee728b) (PreviewImporter) -> (artifact id: '00000000000000000000000000000000') in 0.0011531 seconds
Import Error Code:(4)
Message: Build asset version error: assets/scripts/weapons/weapondata.cs in SourceAssetDB has modification time of '2026-10-05T11:43:46.6317961Z' while content on disk has modification time of '2026-10-05T11:44:33.624Z'
  ERROR: Build asset version error: assets/scripts/weapons/weapondata.cs in SourceAssetDB has modification time of '2026-10-05T11:43:46.6317961Z' while content on disk has modification time of '2026-10-05T11:44:33.624Z'
Number of updated asset objects reloaded before import = 0Number of asset objects unloaded after import = 0

========================================================================
Received Import Request.
  Time since last request: 0.000030 seconds.
  path: Assets/Scripts/Weapons/WeaponData.cs
  artifactKey: Guid(2d9720b74ca933e4da48927938fdb464) Importer(815301076,1909f56bfc062723c751e8b465ee728b)
Start importing Assets/Scripts/Weapons/WeaponData.cs using Guid(2d9720b74ca933e4da48927938fdb464) Importer(815301076,1909f56bfc062723c751e8b465ee728b) (PreviewImporter) -> (artifact id: '00000000000000000000000000000000') in 0.0008074 seconds
Import Error Code:(4)
Message: Build asset version error: assets/scripts/weapons/weapondata.cs in SourceAssetDB has modification time of '2026-10-05T11:43:46.6317961Z' while content on disk has modification time of '2026-10-05T11:44:33.624Z'
  ERROR: Build asset version error: assets/scripts/weapons/weapondata.cs in SourceAssetDB has modification time of '2026-10-05T11:43:46.6317961Z' while content on disk has modification time of '2026-10-05T11:44:33.624Z'
Number of updated asset objects reloaded before import = 0Number of asset objects unloaded after import = 0

========================================================================
Received Import Request.
  Time since last request: 0.000037 seconds.
  path: Assets/Scripts/Weapons/WeaponData.cs
  artifactKey: Guid(2d9720b74ca933e4da48927938fdb464) Importer(815301076,1909f56bfc062723c751e8b465ee728b)
Start importing Assets/Scripts/Weapons/WeaponData.cs using Guid(2d9720b74ca933e4da48927938fdb464) Importer(815301076,1909f56bfc062723c751e8b465ee728b) (PreviewImporter) -> (artifact id: '00000000000000000000000000000000') in 0.0012683 seconds
Import Error Code:(4)
Message: Build asset version error: assets/scripts/weapons/weapondata.cs in SourceAssetDB has modification time of '2026-10-05T11:43:46.6317961Z' while content on disk has modification time of '2026-10-05T11:44:33.624Z'
  ERROR: Build asset version error: assets/scripts/weapons/weapondata.cs in SourceAssetDB has modification time of '2026-10-05T11:43:46.6317961Z' while content on disk has modification time of '2026-10-05T11:44:33.624Z'
Number of updated asset objects reloaded before import = 0Number of asset objects unloaded after import = 0

========================================================================
Received Import Request.
  Time since last request: 0.000021 seconds.
  path: Assets/Scripts/Weapons/WeaponData.cs
  artifactKey: Guid(2d9720b74ca933e4da48927938fdb464) Importer(815301076,1909f56bfc062723c751e8b465ee728b)
Start importing Assets/Scripts/Weapons/WeaponData.cs using Guid(2d9720b74ca933e4da48927938fdb464) Importer(815301076,1909f56bfc062723c751e8b465ee728b) (PreviewImporter) -> (artifact id: '00000000000000000000000000000000') in 0.0006856 seconds
Import Error Code:(4)
Message: Build asset version error: assets/scripts/weapons/weapondata.cs in SourceAssetDB has modification time of '2026-10-05T11:43:46.6317961Z' while content on disk has modification time of '2026-10-05T11:44:33.624Z'
  ERROR: Build asset version error: assets/scripts/weapons/weapondata.cs in SourceAssetDB has modification time of '2026-10-05T11:43:46.6317961Z' while content on disk has modification time of '2026-10-05T11:44:33.624Z'
Number of updated asset objects reloaded before import = 0Number of asset objects unloaded after import = 0

========================================================================
Received Import Request.
  Time since last request: 0.000023 seconds.
  path: Assets/Scripts/Weapons/WeaponData.cs
  artifactKey: Guid(2d9720b74ca933e4da48927938fdb464) Importer(815301076,1909f56bfc062723c751e8b465ee728b)
Start importing Assets/Scripts/Weapons/WeaponData.cs using Guid(2d9720b74ca933e4da48927938fdb464) Importer(815301076,1909f56bfc062723c751e8b465ee728b) (PreviewImporter) -> (artifact id: '00000000000000000000000000000000') in 0.0007065 seconds
Import Error Code:(4)
Message: Build asset version error: assets/scripts/weapons/weapondata.cs in SourceAssetDB has modification time of '2026-10-05T11:43:46.6317961Z' while content on disk has modification time of '2026-10-05T11:44:33.624Z'
  ERROR: Build asset version error: assets/scripts/weapons/weapondata.cs in SourceAssetDB has modification time of '2026-10-05T11:43:46.6317961Z' while content on disk has modification time of '2026-10-05T11:44:33.624Z'
Number of updated asset objects reloaded before import = 0Number of asset objects unloaded after import = 0

========================================================================
Received Import Request.
  Time since last request: 0.000032 seconds.
  path: Assets/Scripts/Weapons/WeaponData.cs
  artifactKey: Guid(2d9720b74ca933e4da48927938fdb464) Importer(815301076,1909f56bfc062723c751e8b465ee728b)
Start importing Assets/Scripts/Weapons/WeaponData.cs using Guid(2d9720b74ca933e4da48927938fdb464) Importer(815301076,1909f56bfc062723c751e8b465ee728b) (PreviewImporter) -> (artifact id: '00000000000000000000000000000000') in 0.0007277 seconds
Import Error Code:(4)
Message: Build asset version error: assets/scripts/weapons/weapondata.cs in SourceAssetDB has modification time of '2026-10-05T11:43:46.6317961Z' while content on disk has modification time of '2026-10-05T11:44:33.624Z'
  ERROR: Build asset version error: assets/scripts/weapons/weapondata.cs in SourceAssetDB has modification time of '2026-10-05T11:43:46.6317961Z' while content on disk has modification time of '2026-10-05T11:44:33.624Z'
Number of updated asset objects reloaded before import = 0Number of asset objects unloaded after import = 0

========================================================================
Received Import Request.
  Time since last request: 0.000047 seconds.
  path: Assets/Scripts/Weapons/WeaponData.cs
  artifactKey: Guid(2d9720b74ca933e4da48927938fdb464) Importer(815301076,1909f56bfc062723c751e8b465ee728b)
Start importing Assets/Scripts/Weapons/WeaponData.cs using Guid(2d9720b74ca933e4da48927938fdb464) Importer(815301076,1909f56bfc062723c751e8b465ee728b) (PreviewImporter) -> (artifact id: '00000000000000000000000000000000') in 0.0011637 seconds
Import Error Code:(4)
Message: Build asset version error: assets/scripts/weapons/weapondata.cs in SourceAssetDB has modification time of '2026-10-05T11:43:46.6317961Z' while content on disk has modification time of '2026-10-05T11:44:33.624Z'
  ERROR: Build asset version error: assets/scripts/weapons/weapondata.cs in SourceAssetDB has modification time of '2026-10-05T11:43:46.6317961Z' while content on disk has modification time of '2026-10-05T11:44:33.624Z'
Number of updated asset objects reloaded before import = 0Number of asset objects unloaded after import = 0

========================================================================
Received Import Request.
  Time since last request: 0.000055 seconds.
  path: Assets/Scripts/Weapons/WeaponData.cs
  artifactKey: Guid(2d9720b74ca933e4da48927938fdb464) Importer(815301076,1909f56bfc062723c751e8b465ee728b)
Start importing Assets/Scripts/Weapons/WeaponData.cs using Guid(2d9720b74ca933e4da48927938fdb464) Importer(815301076,1909f56bfc062723c751e8b465ee728b) (PreviewImporter) -> (artifact id: '00000000000000000000000000000000') in 0.0007084 seconds
Import Error Code:(4)
Message: Build asset version error: assets/scripts/weapons/weapondata.cs in SourceAssetDB has modification time of '2026-10-05T11:43:46.6317961Z' while content on disk has modification time of '2026-10-05T11:44:33.624Z'
  ERROR: Build asset version error: assets/scripts/weapons/weapondata.cs in SourceAssetDB has modification time of '2026-10-05T11:43:46.6317961Z' while content on disk has modification time of '2026-10-05T11:44:33.624Z'
Number of updated asset objects reloaded before import = 0Number of asset objects unloaded after import = 0

========================================================================
Received Import Request.
  Time since last request: 0.000019 seconds.
  path: Assets/Scripts/Weapons/WeaponData.cs
  artifactKey: Guid(2d9720b74ca933e4da48927938fdb464) Importer(815301076,1909f56bfc062723c751e8b465ee728b)
Start importing Assets/Scripts/Weapons/WeaponData.cs using Guid(2d9720b74ca933e4da48927938fdb464) Importer(815301076,1909f56bfc062723c751e8b465ee728b) (PreviewImporter) -> (artifact id: '00000000000000000000000000000000') in 0.0018519 seconds
Import Error Code:(4)
Message: Build asset version error: assets/scripts/weapons/weapondata.cs in SourceAssetDB has modification time of '2026-10-05T11:43:46.6317961Z' while content on disk has modification time of '2026-10-05T11:44:33.624Z'
  ERROR: Build asset version error: assets/scripts/weapons/weapondata.cs in SourceAssetDB has modification time of '2026-10-05T11:43:46.6317961Z' while content on disk has modification time of '2026-10-05T11:44:33.624Z'
Number of updated asset objects reloaded before import = 0Number of asset objects unloaded after import = 0

========================================================================
Received Import Request.
  Time since last request: 0.000020 seconds.
  path: Assets/Scripts/Weapons/WeaponData.cs
  artifactKey: Guid(2d9720b74ca933e4da48927938fdb464) Importer(815301076,1909f56bfc062723c751e8b465ee728b)
Start importing Assets/Scripts/Weapons/WeaponData.cs using Guid(2d9720b74ca933e4da48927938fdb464) Importer(815301076,1909f56bfc062723c751e8b465ee728b) (PreviewImporter) -> (artifact id: '00000000000000000000000000000000') in 0.0005156 seconds
Import Error Code:(4)
Message: Build asset version error: assets/scripts/weapons/weapondata.cs in SourceAssetDB has modification time of '2026-10-05T11:43:46.6317961Z' while content on disk has modification time of '2026-10-05T11:44:33.624Z'
  ERROR: Build asset version error: assets/scripts/weapons/weapondata.cs in SourceAssetDB has modification time of '2026-10-05T11:43:46.6317961Z' while content on disk has modification time of '2026-10-05T11:44:33.624Z'
Number of updated asset objects reloaded before import = 0Number of asset objects unloaded after import = 0

========================================================================
Received Import Request.
  Time since last request: 0.000023 seconds.
  path: Assets/Scripts/Weapons/WeaponData.cs
  artifactKey: Guid(2d9720b74ca933e4da48927938fdb464) Importer(815301076,1909f56bfc062723c751e8b465ee728b)
Start importing Assets/Scripts/Weapons/WeaponData.cs using Guid(2d9720b74ca933e4da48927938fdb464) Importer(815301076,1909f56bfc062723c751e8b465ee728b) (PreviewImporter) -> (artifact id: '00000000000000000000000000000000') in 0.0005459 seconds
Import Error Code:(4)
Message: Build asset version error: assets/scripts/weapons/weapondata.cs in SourceAssetDB has modification time of '2026-10-05T11:43:46.6317961Z' while content on disk has modification time of '2026-10-05T11:44:33.624Z'
  ERROR: Build asset version error: assets/scripts/weapons/weapondata.cs in SourceAssetDB has modification time of '2026-10-05T11:43:46.6317961Z' while content on disk has modification time of '2026-10-05T11:44:33.624Z'
Number of updated asset objects reloaded before import = 0Number of asset objects unloaded after import = 0

========================================================================
Received Import Request.
  Time since last request: 0.000025 seconds.
  path: Assets/Scripts/Weapons/WeaponData.cs
  artifactKey: Guid(2d9720b74ca933e4da48927938fdb464) Importer(815301076,1909f56bfc062723c751e8b465ee728b)
Start importing Assets/Scripts/Weapons/WeaponData.cs using Guid(2d9720b74ca933e4da48927938fdb464) Importer(815301076,1909f56bfc062723c751e8b465ee728b) (PreviewImporter) -> (artifact id: '00000000000000000000000000000000') in 0.0007344 seconds
Import Error Code:(4)
Message: Build asset version error: assets/scripts/weapons/weapondata.cs in SourceAssetDB has modification time of '2026-10-05T11:43:46.6317961Z' while content on disk has modification time of '2026-10-05T11:44:33.624Z'
  ERROR: Build asset version error: assets/scripts/weapons/weapondata.cs in SourceAssetDB has modification time of '2026-10-05T11:43:46.6317961Z' while content on disk has modification time of '2026-10-05T11:44:33.624Z'
Number of updated asset objects reloaded before import = 0Number of asset objects unloaded after import = 0

========================================================================
Received Import Request.
  Time since last request: 0.000049 seconds.
  path: Assets/Scripts/Weapons/WeaponData.cs
  artifactKey: Guid(2d9720b74ca933e4da48927938fdb464) Importer(815301076,1909f56bfc062723c751e8b465ee728b)
Start importing Assets/Scripts/Weapons/WeaponData.cs using Guid(2d9720b74ca933e4da48927938fdb464) Importer(815301076,1909f56bfc062723c751e8b465ee728b) (PreviewImporter) -> (artifact id: '00000000000000000000000000000000') in 0.0009078 seconds
Import Error Code:(4)
Message: Build asset version error: assets/scripts/weapons/weapondata.cs in SourceAssetDB has modification time of '2026-10-05T11:43:46.6317961Z' while content on disk has modification time of '2026-10-05T11:44:33.624Z'
  ERROR: Build asset version error: assets/scripts/weapons/weapondata.cs in SourceAssetDB has modification time of '2026-10-05T11:43:46.6317961Z' while content on disk has modification time of '2026-10-05T11:44:33.624Z'
Number of updated asset objects reloaded before import = 0Number of asset objects unloaded after import = 0

========================================================================
Received Import Request.
  Time since last request: 0.000021 seconds.
  path: Assets/Scripts/Weapons/WeaponData.cs
  artifactKey: Guid(2d9720b74ca933e4da48927938fdb464) Importer(815301076,1909f56bfc062723c751e8b465ee728b)
Start importing Assets/Scripts/Weapons/WeaponData.cs using Guid(2d9720b74ca933e4da48927938fdb464) Importer(815301076,1909f56bfc062723c751e8b465ee728b) (PreviewImporter) -> (artifact id: '00000000000000000000000000000000') in 0.0006494 seconds
Import Error Code:(4)
Message: Build asset version error: assets/scripts/weapons/weapondata.cs in SourceAssetDB has modification time of '2026-10-05T11:43:46.6317961Z' while content on disk has modification time of '2026-10-05T11:44:33.624Z'
  ERROR: Build asset version error: assets/scripts/weapons/weapondata.cs in SourceAssetDB has modification time of '2026-10-05T11:43:46.6317961Z' while content on disk has modification time of '2026-10-05T11:44:33.624Z'
Number of updated asset objects reloaded before import = 0Number of asset objects unloaded after import = 0

========================================================================
Received Import Request.
  Time since last request: 0.000018 seconds.
  path: Assets/Scripts/Weapons/WeaponData.cs
  artifactKey: Guid(2d9720b74ca933e4da48927938fdb464) Importer(815301076,1909f56bfc062723c751e8b465ee728b)
Start importing Assets/Scripts/Weapons/WeaponData.cs using Guid(2d9720b74ca933e4da48927938fdb464) Importer(815301076,1909f56bfc062723c751e8b465ee728b) (PreviewImporter) -> (artifact id: '00000000000000000000000000000000') in 0.0009844 seconds
Import Error Code:(4)
Message: Build asset version error: assets/scripts/weapons/weapondata.cs in SourceAssetDB has modification time of '2026-10-05T11:43:46.6317961Z' while content on disk has modification time of '2026-10-05T11:44:33.624Z'
  ERROR: Build asset version error: assets/scripts/weapons/weapondata.cs in SourceAssetDB has modification time of '2026-10-05T11:43:46.6317961Z' while content on disk has modification time of '2026-10-05T11:44:33.624Z'
Number of updated asset objects reloaded before import = 0Number of asset objects unloaded after import = 0

========================================================================
Received Import Request.
  Time since last request: 0.000037 seconds.
  path: Assets/Scripts/Weapons/WeaponData.cs
  artifactKey: Guid(2d9720b74ca933e4da48927938fdb464) Importer(815301076,1909f56bfc062723c751e8b465ee728b)
Start importing Assets/Scripts/Weapons/WeaponData.cs using Guid(2d9720b74ca933e4da48927938fdb464) Importer(815301076,1909f56bfc062723c751e8b465ee728b) (PreviewImporter) -> (artifact id: '00000000000000000000000000000000') in 0.0017843 seconds
Import Error Code:(4)
Message: Build asset version error: assets/scripts/weapons/weapondata.cs in SourceAssetDB has modification time of '2026-10-05T11:43:46.6317961Z' while content on disk has modification time of '2026-10-05T11:44:33.624Z'
  ERROR: Build asset version error: assets/scripts/weapons/weapondata.cs in SourceAssetDB has modification time of '2026-10-05T11:43:46.6317961Z' while content on disk has modification time of '2026-10-05T11:44:33.624Z'
Number of updated asset objects reloaded before import = 0Number of asset objects unloaded after import = 0

========================================================================
Received Import Request.
  Time since last request: 0.000025 seconds.
  path: Assets/Scripts/Weapons/WeaponData.cs
  artifactKey: Guid(2d9720b74ca933e4da48927938fdb464) Importer(815301076,1909f56bfc062723c751e8b465ee728b)
Start importing Assets/Scripts/Weapons/WeaponData.cs using Guid(2d9720b74ca933e4da48927938fdb464) Importer(815301076,1909f56bfc062723c751e8b465ee728b) (PreviewImporter) -> (artifact id: '00000000000000000000000000000000') in 0.0008973 seconds
Import Error Code:(4)
Message: Build asset version error: assets/scripts/weapons/weapondata.cs in SourceAssetDB has modification time of '2026-10-05T11:43:46.6317961Z' while content on disk has modification time of '2026-10-05T11:44:33.624Z'
  ERROR: Build asset version error: assets/scripts/weapons/weapondata.cs in SourceAssetDB has modification time of '2026-10-05T11:43:46.6317961Z' while content on disk has modification time of '2026-10-05T11:44:33.624Z'
Number of updated asset objects reloaded before import = 0Number of asset objects unloaded after import = 0

========================================================================
Received Import Request.
  Time since last request: 0.000074 seconds.
  path: Assets/Scripts/Weapons/WeaponData.cs
  artifactKey: Guid(2d9720b74ca933e4da48927938fdb464) Importer(815301076,1909f56bfc062723c751e8b465ee728b)
Start importing Assets/Scripts/Weapons/WeaponData.cs using Guid(2d9720b74ca933e4da48927938fdb464) Importer(815301076,1909f56bfc062723c751e8b465ee728b) (PreviewImporter) -> (artifact id: '00000000000000000000000000000000') in 0.0008715 seconds
Import Error Code:(4)
Message: Build asset version error: assets/scripts/weapons/weapondata.cs in SourceAssetDB has modification time of '2026-10-05T11:43:46.6317961Z' while content on disk has modification time of '2026-10-05T11:44:33.624Z'
  ERROR: Build asset version error: assets/scripts/weapons/weapondata.cs in SourceAssetDB has modification time of '2026-10-05T11:43:46.6317961Z' while content on disk has modification time of '2026-10-05T11:44:33.624Z'
Number of updated asset objects reloaded before import = 0Number of asset objects unloaded after import = 0

========================================================================
Received Import Request.
  Time since last request: 0.000022 seconds.
  path: Assets/Scripts/Weapons/WeaponData.cs
  artifactKey: Guid(2d9720b74ca933e4da48927938fdb464) Importer(815301076,1909f56bfc062723c751e8b465ee728b)
Start importing Assets/Scripts/Weapons/WeaponData.cs using Guid(2d9720b74ca933e4da48927938fdb464) Importer(815301076,1909f56bfc062723c751e8b465ee728b) (PreviewImporter) -> (artifact id: '00000000000000000000000000000000') in 0.0010792 seconds
Import Error Code:(4)
Message: Build asset version error: assets/scripts/weapons/weapondata.cs in SourceAssetDB has modification time of '2026-10-05T11:43:46.6317961Z' while content on disk has modification time of '2026-10-05T11:44:33.624Z'
  ERROR: Build asset version error: assets/scripts/weapons/weapondata.cs in SourceAssetDB has modification time of '2026-10-05T11:43:46.6317961Z' while content on disk has modification time of '2026-10-05T11:44:33.624Z'
Number of updated asset objects reloaded before import = 0Number of asset objects unloaded after import = 0

========================================================================
Received Import Request.
  Time since last request: 0.000036 seconds.
  path: Assets/Scripts/Weapons/WeaponData.cs
  artifactKey: Guid(2d9720b74ca933e4da48927938fdb464) Importer(815301076,1909f56bfc062723c751e8b465ee728b)
Start importing Assets/Scripts/Weapons/WeaponData.cs using Guid(2d9720b74ca933e4da48927938fdb464) Importer(815301076,1909f56bfc062723c751e8b465ee728b) (PreviewImporter) -> (artifact id: '00000000000000000000000000000000') in 0.0008216 seconds
Import Error Code:(4)
Message: Build asset version error: assets/scripts/weapons/weapondata.cs in SourceAssetDB has modification time of '2026-10-05T11:43:46.6317961Z' while content on disk has modification time of '2026-10-05T11:44:33.624Z'
  ERROR: Build asset version error: assets/scripts/weapons/weapondata.cs in SourceAssetDB has modification time of '2026-10-05T11:43:46.6317961Z' while content on disk has modification time of '2026-10-05T11:44:33.624Z'
Number of updated asset objects reloaded before import = 0Number of asset objects unloaded after import = 0

========================================================================
Received Import Request.
  Time since last request: 0.000021 seconds.
  path: Assets/Scripts/Weapons/WeaponData.cs
  artifactKey: Guid(2d9720b74ca933e4da48927938fdb464) Importer(815301076,1909f56bfc062723c751e8b465ee728b)
Start importing Assets/Scripts/Weapons/WeaponData.cs using Guid(2d9720b74ca933e4da48927938fdb464) Importer(815301076,1909f56bfc062723c751e8b465ee728b) (PreviewImporter) -> (artifact id: '00000000000000000000000000000000') in 0.001161 seconds
Import Error Code:(4)
Message: Build asset version error: assets/scripts/weapons/weapondata.cs in SourceAssetDB has modification time of '2026-10-05T11:43:46.6317961Z' while content on disk has modification time of '2026-10-05T11:44:33.624Z'
  ERROR: Build asset version error: assets/scripts/weapons/weapondata.cs in SourceAssetDB has modification time of '2026-10-05T11:43:46.6317961Z' while content on disk has modification time of '2026-10-05T11:44:33.624Z'
Number of updated asset objects reloaded before import = 0Number of asset objects unloaded after import = 0

========================================================================
Received Import Request.
  Time since last request: 0.000022 seconds.
  path: Assets/Scripts/Weapons/WeaponData.cs
  artifactKey: Guid(2d9720b74ca933e4da48927938fdb464) Importer(815301076,1909f56bfc062723c751e8b465ee728b)
Start importing Assets/Scripts/Weapons/WeaponData.cs using Guid(2d9720b74ca933e4da48927938fdb464) Importer(815301076,1909f56bfc062723c751e8b465ee728b) (PreviewImporter) -> (artifact id: '00000000000000000000000000000000') in 0.0008008 seconds
Import Error Code:(4)
Message: Build asset version error: assets/scripts/weapons/weapondata.cs in SourceAssetDB has modification time of '2026-10-05T11:43:46.6317961Z' while content on disk has modification time of '2026-10-05T11:44:33.624Z'
  ERROR: Build asset version error: assets/scripts/weapons/weapondata.cs in SourceAssetDB has modification time of '2026-10-05T11:43:46.6317961Z' while content on disk has modification time of '2026-10-05T11:44:33.624Z'
Number of updated asset objects reloaded before import = 0Number of asset objects unloaded after import = 0

========================================================================
Received Import Request.
  Time since last request: 0.000029 seconds.
  path: Assets/Scripts/Weapons/WeaponData.cs
  artifactKey: Guid(2d9720b74ca933e4da48927938fdb464) Importer(815301076,1909f56bfc062723c751e8b465ee728b)
Start importing Assets/Scripts/Weapons/WeaponData.cs using Guid(2d9720b74ca933e4da48927938fdb464) Importer(815301076,1909f56bfc062723c751e8b465ee728b) (PreviewImporter) -> (artifact id: '00000000000000000000000000000000') in 0.0008598 seconds
Import Error Code:(4)
Message: Build asset version error: assets/scripts/weapons/weapondata.cs in SourceAssetDB has modification time of '2026-10-05T11:43:46.6317961Z' while content on disk has modification time of '2026-10-05T11:44:33.624Z'
  ERROR: Build asset version error: assets/scripts/weapons/weapondata.cs in SourceAssetDB has modification time of '2026-10-05T11:43:46.6317961Z' while content on disk has modification time of '2026-10-05T11:44:33.624Z'
Number of updated asset objects reloaded before import = 0Number of asset objects unloaded after import = 0

========================================================================
Received Import Request.
  Time since last request: 0.000022 seconds.
  path: Assets/Scripts/Weapons/WeaponData.cs
  artifactKey: Guid(2d9720b74ca933e4da48927938fdb464) Importer(815301076,1909f56bfc062723c751e8b465ee728b)
Start importing Assets/Scripts/Weapons/WeaponData.cs using Guid(2d9720b74ca933e4da48927938fdb464) Importer(815301076,1909f56bfc062723c751e8b465ee728b) (PreviewImporter) -> (artifact id: '00000000000000000000000000000000') in 0.0010762 seconds
Import Error Code:(4)
Message: Build asset version error: assets/scripts/weapons/weapondata.cs in SourceAssetDB has modification time of '2026-10-05T11:43:46.6317961Z' while content on disk has modification time of '2026-10-05T11:44:33.624Z'
  ERROR: Build asset version error: assets/scripts/weapons/weapondata.cs in SourceAssetDB has modification time of '2026-10-05T11:43:46.6317961Z' while content on disk has modification time of '2026-10-05T11:44:33.624Z'
Number of updated asset objects reloaded before import = 0Number of asset objects unloaded after import = 0

========================================================================
Received Import Request.
  Time since last request: 0.000027 seconds.
  path: Assets/Scripts/Weapons/WeaponData.cs
  artifactKey: Guid(2d9720b74ca933e4da48927938fdb464) Importer(815301076,1909f56bfc062723c751e8b465ee728b)
Start importing Assets/Scripts/Weapons/WeaponData.cs using Guid(2d9720b74ca933e4da48927938fdb464) Importer(815301076,1909f56bfc062723c751e8b465ee728b) (PreviewImporter) -> (artifact id: '00000000000000000000000000000000') in 0.0007635 seconds
Import Error Code:(4)
Message: Build asset version error: assets/scripts/weapons/weapondata.cs in SourceAssetDB has modification time of '2026-10-05T11:43:46.6317961Z' while content on disk has modification time of '2026-10-05T11:44:33.624Z'
  ERROR: Build asset version error: assets/scripts/weapons/weapondata.cs in SourceAssetDB has modification time of '2026-10-05T11:43:46.6317961Z' while content on disk has modification time of '2026-10-05T11:44:33.624Z'
Number of updated asset objects reloaded before import = 0Number of asset objects unloaded after import = 0

========================================================================
Received Import Request.
  Time since last request: 0.000023 seconds.
  path: Assets/Scripts/Weapons/WeaponData.cs
  artifactKey: Guid(2d9720b74ca933e4da48927938fdb464) Importer(815301076,1909f56bfc062723c751e8b465ee728b)
Start importing Assets/Scripts/Weapons/WeaponData.cs using Guid(2d9720b74ca933e4da48927938fdb464) Importer(815301076,1909f56bfc062723c751e8b465ee728b) (PreviewImporter) -> (artifact id: '00000000000000000000000000000000') in 0.0006991 seconds
Import Error Code:(4)
Message: Build asset version error: assets/scripts/weapons/weapondata.cs in SourceAssetDB has modification time of '2026-10-05T11:43:46.6317961Z' while content on disk has modification time of '2026-10-05T11:44:33.624Z'
  ERROR: Build asset version error: assets/scripts/weapons/weapondata.cs in SourceAssetDB has modification time of '2026-10-05T11:43:46.6317961Z' while content on disk has modification time of '2026-10-05T11:44:33.624Z'
Number of updated asset objects reloaded before import = 0Number of asset objects unloaded after import = 0

========================================================================
Received Import Request.
  Time since last request: 0.000027 seconds.
  path: Assets/Scripts/Weapons/WeaponData.cs
  artifactKey: Guid(2d9720b74ca933e4da48927938fdb464) Importer(815301076,1909f56bfc062723c751e8b465ee728b)
Start importing Assets/Scripts/Weapons/WeaponData.cs using Guid(2d9720b74ca933e4da48927938fdb464) Importer(815301076,1909f56bfc062723c751e8b465ee728b) (PreviewImporter) -> (artifact id: '00000000000000000000000000000000') in 0.0005336 seconds
Import Error Code:(4)
Message: Build asset version error: assets/scripts/weapons/weapondata.cs in SourceAssetDB has modification time of '2026-10-05T11:43:46.6317961Z' while content on disk has modification time of '2026-10-05T11:44:33.624Z'
  ERROR: Build asset version error: assets/scripts/weapons/weapondata.cs in SourceAssetDB has modification time of '2026-10-05T11:43:46.6317961Z' while content on disk has modification time of '2026-10-05T11:44:33.624Z'
Number of updated asset objects reloaded before import = 0Number of asset objects unloaded after import = 0

========================================================================
Received Import Request.
  Time since last request: 0.000030 seconds.
  path: Assets/Scripts/Weapons/WeaponData.cs
  artifactKey: Guid(2d9720b74ca933e4da48927938fdb464) Importer(815301076,1909f56bfc062723c751e8b465ee728b)
Start importing Assets/Scripts/Weapons/WeaponData.cs using Guid(2d9720b74ca933e4da48927938fdb464) Importer(815301076,1909f56bfc062723c751e8b465ee728b) (PreviewImporter) -> (artifact id: '00000000000000000000000000000000') in 0.0006777 seconds
Import Error Code:(4)
Message: Build asset version error: assets/scripts/weapons/weapondata.cs in SourceAssetDB has modification time of '2026-10-05T11:43:46.6317961Z' while content on disk has modification time of '2026-10-05T11:44:33.624Z'
  ERROR: Build asset version error: assets/scripts/weapons/weapondata.cs in SourceAssetDB has modification time of '2026-10-05T11:43:46.6317961Z' while content on disk has modification time of '2026-10-05T11:44:33.624Z'
Number of updated asset objects reloaded before import = 0Number of asset objects unloaded after import = 0

========================================================================
Received Import Request.
  Time since last request: 0.000053 seconds.
  path: Assets/Scripts/Weapons/WeaponData.cs
  artifactKey: Guid(2d9720b74ca933e4da48927938fdb464) Importer(815301076,1909f56bfc062723c751e8b465ee728b)
Start importing Assets/Scripts/Weapons/WeaponData.cs using Guid(2d9720b74ca933e4da48927938fdb464) Importer(815301076,1909f56bfc062723c751e8b465ee728b) (PreviewImporter) -> (artifact id: '00000000000000000000000000000000') in 0.0009532 seconds
Import Error Code:(4)
Message: Build asset version error: assets/scripts/weapons/weapondata.cs in SourceAssetDB has modification time of '2026-10-05T11:43:46.6317961Z' while content on disk has modification time of '2026-10-05T11:44:33.624Z'
  ERROR: Build asset version error: assets/scripts/weapons/weapondata.cs in SourceAssetDB has modification time of '2026-10-05T11:43:46.6317961Z' while content on disk has modification time of '2026-10-05T11:44:33.624Z'
Number of updated asset objects reloaded before import = 0Number of asset objects unloaded after import = 0

========================================================================
Received Import Request.
  Time since last request: 0.000025 seconds.
  path: Assets/Scripts/Weapons/WeaponData.cs
  artifactKey: Guid(2d9720b74ca933e4da48927938fdb464) Importer(815301076,1909f56bfc062723c751e8b465ee728b)
Start importing Assets/Scripts/Weapons/WeaponData.cs using Guid(2d9720b74ca933e4da48927938fdb464) Importer(815301076,1909f56bfc062723c751e8b465ee728b) (PreviewImporter) -> (artifact id: '00000000000000000000000000000000') in 0.0006763 seconds
Import Error Code:(4)
Message: Build asset version error: assets/scripts/weapons/weapondata.cs in SourceAssetDB has modification time of '2026-10-05T11:43:46.6317961Z' while content on disk has modification time of '2026-10-05T11:44:33.624Z'
  ERROR: Build asset version error: assets/scripts/weapons/weapondata.cs in SourceAssetDB has modification time of '2026-10-05T11:43:46.6317961Z' while content on disk has modification time of '2026-10-05T11:44:33.624Z'
Number of updated asset objects reloaded before import = 0Number of asset objects unloaded after import = 0

========================================================================
Received Import Request.
  Time since last request: 0.000020 seconds.
  path: Assets/Scripts/Weapons/WeaponData.cs
  artifactKey: Guid(2d9720b74ca933e4da48927938fdb464) Importer(815301076,1909f56bfc062723c751e8b465ee728b)
Start importing Assets/Scripts/Weapons/WeaponData.cs using Guid(2d9720b74ca933e4da48927938fdb464) Importer(815301076,1909f56bfc062723c751e8b465ee728b) (PreviewImporter) -> (artifact id: '00000000000000000000000000000000') in 0.0005293 seconds
Import Error Code:(4)
Message: Build asset version error: assets/scripts/weapons/weapondata.cs in SourceAssetDB has modification time of '2026-10-05T11:43:46.6317961Z' while content on disk has modification time of '2026-10-05T11:44:33.624Z'
  ERROR: Build asset version error: assets/scripts/weapons/weapondata.cs in SourceAssetDB has modification time of '2026-10-05T11:43:46.6317961Z' while content on disk has modification time of '2026-10-05T11:44:33.624Z'
Number of updated asset objects reloaded before import = 0Number of asset objects unloaded after import = 0

========================================================================
Received Import Request.
  Time since last request: 0.000021 seconds.
  path: Assets/Scripts/Weapons/WeaponData.cs
  artifactKey: Guid(2d9720b74ca933e4da48927938fdb464) Importer(815301076,1909f56bfc062723c751e8b465ee728b)
Start importing Assets/Scripts/Weapons/WeaponData.cs using Guid(2d9720b74ca933e4da48927938fdb464) Importer(815301076,1909f56bfc062723c751e8b465ee728b) (PreviewImporter) -> (artifact id: '00000000000000000000000000000000') in 0.0009081 seconds
Import Error Code:(4)
Message: Build asset version error: assets/scripts/weapons/weapondata.cs in SourceAssetDB has modification time of '2026-10-05T11:43:46.6317961Z' while content on disk has modification time of '2026-10-05T11:44:33.624Z'
  ERROR: Build asset version error: assets/scripts/weapons/weapondata.cs in SourceAssetDB has modification time of '2026-10-05T11:43:46.6317961Z' while content on disk has modification time of '2026-10-05T11:44:33.624Z'
Number of updated asset objects reloaded before import = 0Number of asset objects unloaded after import = 0

========================================================================
Received Import Request.
  Time since last request: 0.000020 seconds.
  path: Assets/Scripts/Weapons/WeaponData.cs
  artifactKey: Guid(2d9720b74ca933e4da48927938fdb464) Importer(815301076,1909f56bfc062723c751e8b465ee728b)
Start importing Assets/Scripts/Weapons/WeaponData.cs using Guid(2d9720b74ca933e4da48927938fdb464) Importer(815301076,1909f56bfc062723c751e8b465ee728b) (PreviewImporter) -> (artifact id: '00000000000000000000000000000000') in 0.000702 seconds
Import Error Code:(4)
Message: Build asset version error: assets/scripts/weapons/weapondata.cs in SourceAssetDB has modification time of '2026-10-05T11:43:46.6317961Z' while content on disk has modification time of '2026-10-05T11:44:33.624Z'
  ERROR: Build asset version error: assets/scripts/weapons/weapondata.cs in SourceAssetDB has modification time of '2026-10-05T11:43:46.6317961Z' while content on disk has modification time of '2026-10-05T11:44:33.624Z'
Number of updated asset objects reloaded before import = 0Number of asset objects unloaded after import = 0

========================================================================
Received Import Request.
  Time since last request: 0.000030 seconds.
  path: Assets/Scripts/Weapons/WeaponData.cs
  artifactKey: Guid(2d9720b74ca933e4da48927938fdb464) Importer(815301076,1909f56bfc062723c751e8b465ee728b)
Start importing Assets/Scripts/Weapons/WeaponData.cs using Guid(2d9720b74ca933e4da48927938fdb464) Importer(815301076,1909f56bfc062723c751e8b465ee728b) (PreviewImporter) -> (artifact id: '00000000000000000000000000000000') in 0.0009181 seconds
Import Error Code:(4)
Message: Build asset version error: assets/scripts/weapons/weapondata.cs in SourceAssetDB has modification time of '2026-10-05T11:43:46.6317961Z' while content on disk has modification time of '2026-10-05T11:44:33.624Z'
  ERROR: Build asset version error: assets/scripts/weapons/weapondata.cs in SourceAssetDB has modification time of '2026-10-05T11:43:46.6317961Z' while content on disk has modification time of '2026-10-05T11:44:33.624Z'
Number of updated asset objects reloaded before import = 0Number of asset objects unloaded after import = 0

========================================================================
Received Import Request.
  Time since last request: 0.000017 seconds.
  path: Assets/Scripts/Weapons/WeaponData.cs
  artifactKey: Guid(2d9720b74ca933e4da48927938fdb464) Importer(815301076,1909f56bfc062723c751e8b465ee728b)
Start importing Assets/Scripts/Weapons/WeaponData.cs using Guid(2d9720b74ca933e4da48927938fdb464) Importer(815301076,1909f56bfc062723c751e8b465ee728b) (PreviewImporter) -> (artifact id: '00000000000000000000000000000000') in 0.0011592 seconds
Import Error Code:(4)
Message: Build asset version error: assets/scripts/weapons/weapondata.cs in SourceAssetDB has modification time of '2026-10-05T11:43:46.6317961Z' while content on disk has modification time of '2026-10-05T11:44:33.624Z'
  ERROR: Build asset version error: assets/scripts/weapons/weapondata.cs in SourceAssetDB has modification time of '2026-10-05T11:43:46.6317961Z' while content on disk has modification time of '2026-10-05T11:44:33.624Z'
Number of updated asset objects reloaded before import = 0Number of asset objects unloaded after import = 0

========================================================================
Received Import Request.
  Time since last request: 0.000020 seconds.
  path: Assets/Scripts/Weapons/WeaponData.cs
  artifactKey: Guid(2d9720b74ca933e4da48927938fdb464) Importer(815301076,1909f56bfc062723c751e8b465ee728b)
Start importing Assets/Scripts/Weapons/WeaponData.cs using Guid(2d9720b74ca933e4da48927938fdb464) Importer(815301076,1909f56bfc062723c751e8b465ee728b) (PreviewImporter) -> (artifact id: '00000000000000000000000000000000') in 0.0008638 seconds
Import Error Code:(4)
Message: Build asset version error: assets/scripts/weapons/weapondata.cs in SourceAssetDB has modification time of '2026-10-05T11:43:46.6317961Z' while content on disk has modification time of '2026-10-05T11:44:33.624Z'
  ERROR: Build asset version error: assets/scripts/weapons/weapondata.cs in SourceAssetDB has modification time of '2026-10-05T11:43:46.6317961Z' while content on disk has modification time of '2026-10-05T11:44:33.624Z'
Number of updated asset objects reloaded before import = 0Number of asset objects unloaded after import = 0

========================================================================
Received Import Request.
  Time since last request: 0.000018 seconds.
  path: Assets/Scripts/Weapons/WeaponData.cs
  artifactKey: Guid(2d9720b74ca933e4da48927938fdb464) Importer(815301076,1909f56bfc062723c751e8b465ee728b)
Start importing Assets/Scripts/Weapons/WeaponData.cs using Guid(2d9720b74ca933e4da48927938fdb464) Importer(815301076,1909f56bfc062723c751e8b465ee728b) (PreviewImporter) -> (artifact id: '00000000000000000000000000000000') in 0.0010885 seconds
Import Error Code:(4)
Message: Build asset version error: assets/scripts/weapons/weapondata.cs in SourceAssetDB has modification time of '2026-10-05T11:43:46.6317961Z' while content on disk has modification time of '2026-10-05T11:44:33.624Z'
  ERROR: Build asset version error: assets/scripts/weapons/weapondata.cs in SourceAssetDB has modification time of '2026-10-05T11:43:46.6317961Z' while content on disk has modification time of '2026-10-05T11:44:33.624Z'
Number of updated asset objects reloaded before import = 0Number of asset objects unloaded after import = 0

========================================================================
Received Import Request.
  Time since last request: 0.000023 seconds.
  path: Assets/Scripts/Weapons/WeaponData.cs
  artifactKey: Guid(2d9720b74ca933e4da48927938fdb464) Importer(815301076,1909f56bfc062723c751e8b465ee728b)
Start importing Assets/Scripts/Weapons/WeaponData.cs using Guid(2d9720b74ca933e4da48927938fdb464) Importer(815301076,1909f56bfc062723c751e8b465ee728b) (PreviewImporter) -> (artifact id: '00000000000000000000000000000000') in 0.0007065 seconds
Import Error Code:(4)
Message: Build asset version error: assets/scripts/weapons/weapondata.cs in SourceAssetDB has modification time of '2026-10-05T11:43:46.6317961Z' while content on disk has modification time of '2026-10-05T11:44:33.624Z'
  ERROR: Build asset version error: assets/scripts/weapons/weapondata.cs in SourceAssetDB has modification time of '2026-10-05T11:43:46.6317961Z' while content on disk has modification time of '2026-10-05T11:44:33.624Z'
Number of updated asset objects reloaded before import = 0Number of asset objects unloaded after import = 0

========================================================================
Received Import Request.
  Time since last request: 0.000072 seconds.
  path: Assets/Scripts/Weapons/WeaponData.cs
  artifactKey: Guid(2d9720b74ca933e4da48927938fdb464) Importer(815301076,1909f56bfc062723c751e8b465ee728b)
Start importing Assets/Scripts/Weapons/WeaponData.cs using Guid(2d9720b74ca933e4da48927938fdb464) Importer(815301076,1909f56bfc062723c751e8b465ee728b) (PreviewImporter) -> (artifact id: '00000000000000000000000000000000') in 0.0040565 seconds
Import Error Code:(4)
Message: Build asset version error: assets/scripts/weapons/weapondata.cs in SourceAssetDB has modification time of '2026-10-05T11:43:46.6317961Z' while content on disk has modification time of '2026-10-05T11:44:33.624Z'
  ERROR: Build asset version error: assets/scripts/weapons/weapondata.cs in SourceAssetDB has modification time of '2026-10-05T11:43:46.6317961Z' while content on disk has modification time of '2026-10-05T11:44:33.624Z'
Number of updated asset objects reloaded before import = 0Number of asset objects unloaded after import = 0

========================================================================
Received Import Request.
  Time since last request: 0.000022 seconds.
  path: Assets/Scripts/Weapons/WeaponData.cs
  artifactKey: Guid(2d9720b74ca933e4da48927938fdb464) Importer(815301076,1909f56bfc062723c751e8b465ee728b)
Start importing Assets/Scripts/Weapons/WeaponData.cs using Guid(2d9720b74ca933e4da48927938fdb464) Importer(815301076,1909f56bfc062723c751e8b465ee728b) (PreviewImporter) -> (artifact id: '00000000000000000000000000000000') in 0.0006839 seconds
Import Error Code:(4)
Message: Build asset version error: assets/scripts/weapons/weapondata.cs in SourceAssetDB has modification time of '2026-10-05T11:43:46.6317961Z' while content on disk has modification time of '2026-10-05T11:44:33.624Z'
  ERROR: Build asset version error: assets/scripts/weapons/weapondata.cs in SourceAssetDB has modification time of '2026-10-05T11:43:46.6317961Z' while content on disk has modification time of '2026-10-05T11:44:33.624Z'
Number of updated asset objects reloaded before import = 0Number of asset objects unloaded after import = 0

========================================================================
Received Import Request.
  Time since last request: 0.000019 seconds.
  path: Assets/Scripts/Weapons/WeaponData.cs
  artifactKey: Guid(2d9720b74ca933e4da48927938fdb464) Importer(815301076,1909f56bfc062723c751e8b465ee728b)
Start importing Assets/Scripts/Weapons/WeaponData.cs using Guid(2d9720b74ca933e4da48927938fdb464) Importer(815301076,1909f56bfc062723c751e8b465ee728b) (PreviewImporter) -> (artifact id: '00000000000000000000000000000000') in 0.0005945 seconds
Import Error Code:(4)
Message: Build asset version error: assets/scripts/weapons/weapondata.cs in SourceAssetDB has modification time of '2026-10-05T11:43:46.6317961Z' while content on disk has modification time of '2026-10-05T11:44:33.624Z'
  ERROR: Build asset version error: assets/scripts/weapons/weapondata.cs in SourceAssetDB has modification time of '2026-10-05T11:43:46.6317961Z' while content on disk has modification time of '2026-10-05T11:44:33.624Z'
Number of updated asset objects reloaded before import = 0Number of asset objects unloaded after import = 0

========================================================================
Received Import Request.
  Time since last request: 0.000025 seconds.
  path: Assets/Scripts/Weapons/WeaponData.cs
  artifactKey: Guid(2d9720b74ca933e4da48927938fdb464) Importer(815301076,1909f56bfc062723c751e8b465ee728b)
Start importing Assets/Scripts/Weapons/WeaponData.cs using Guid(2d9720b74ca933e4da48927938fdb464) Importer(815301076,1909f56bfc062723c751e8b465ee728b) (PreviewImporter) -> (artifact id: '00000000000000000000000000000000') in 0.0008024 seconds
Import Error Code:(4)
Message: Build asset version error: assets/scripts/weapons/weapondata.cs in SourceAssetDB has modification time of '2026-10-05T11:43:46.6317961Z' while content on disk has modification time of '2026-10-05T11:44:33.624Z'
  ERROR: Build asset version error: assets/scripts/weapons/weapondata.cs in SourceAssetDB has modification time of '2026-10-05T11:43:46.6317961Z' while content on disk has modification time of '2026-10-05T11:44:33.624Z'
Number of updated asset objects reloaded before import = 0Number of asset objects unloaded after import = 0

========================================================================
Received Import Request.
  Time since last request: 0.000022 seconds.
  path: Assets/Scripts/Weapons/WeaponData.cs
  artifactKey: Guid(2d9720b74ca933e4da48927938fdb464) Importer(815301076,1909f56bfc062723c751e8b465ee728b)
Start importing Assets/Scripts/Weapons/WeaponData.cs using Guid(2d9720b74ca933e4da48927938fdb464) Importer(815301076,1909f56bfc062723c751e8b465ee728b) (PreviewImporter) -> (artifact id: '00000000000000000000000000000000') in 0.0007636 seconds
Import Error Code:(4)
Message: Build asset version error: assets/scripts/weapons/weapondata.cs in SourceAssetDB has modification time of '2026-10-05T11:43:46.6317961Z' while content on disk has modification time of '2026-10-05T11:44:33.624Z'
  ERROR: Build asset version error: assets/scripts/weapons/weapondata.cs in SourceAssetDB has modification time of '2026-10-05T11:43:46.6317961Z' while content on disk has modification time of '2026-10-05T11:44:33.624Z'
Number of updated asset objects reloaded before import = 0Number of asset objects unloaded after import = 0

========================================================================
Received Import Request.
  Time since last request: 0.000057 seconds.
  path: Assets/Scripts/Weapons/WeaponData.cs
  artifactKey: Guid(2d9720b74ca933e4da48927938fdb464) Importer(815301076,1909f56bfc062723c751e8b465ee728b)
Start importing Assets/Scripts/Weapons/WeaponData.cs using Guid(2d9720b74ca933e4da48927938fdb464) Importer(815301076,1909f56bfc062723c751e8b465ee728b) (PreviewImporter) -> (artifact id: '00000000000000000000000000000000') in 0.001994 seconds
Import Error Code:(4)
Message: Build asset version error: assets/scripts/weapons/weapondata.cs in SourceAssetDB has modification time of '2026-10-05T11:43:46.6317961Z' while content on disk has modification time of '2026-10-05T11:44:33.624Z'
  ERROR: Build asset version error: assets/scripts/weapons/weapondata.cs in SourceAssetDB has modification time of '2026-10-05T11:43:46.6317961Z' while content on disk has modification time of '2026-10-05T11:44:33.624Z'
Number of updated asset objects reloaded before import = 0Number of asset objects unloaded after import = 0

========================================================================
Received Import Request.
  Time since last request: 0.000029 seconds.
  path: Assets/Scripts/Weapons/WeaponData.cs
  artifactKey: Guid(2d9720b74ca933e4da48927938fdb464) Importer(815301076,1909f56bfc062723c751e8b465ee728b)
Start importing Assets/Scripts/Weapons/WeaponData.cs using Guid(2d9720b74ca933e4da48927938fdb464) Importer(815301076,1909f56bfc062723c751e8b465ee728b) (PreviewImporter) -> (artifact id: '00000000000000000000000000000000') in 0.0011088 seconds
Import Error Code:(4)
Message: Build asset version error: assets/scripts/weapons/weapondata.cs in SourceAssetDB has modification time of '2026-10-05T11:43:46.6317961Z' while content on disk has modification time of '2026-10-05T11:44:33.624Z'
  ERROR: Build asset version error: assets/scripts/weapons/weapondata.cs in SourceAssetDB has modification time of '2026-10-05T11:43:46.6317961Z' while content on disk has modification time of '2026-10-05T11:44:33.624Z'
Number of updated asset objects reloaded before import = 0Number of asset objects unloaded after import = 0

========================================================================
Received Import Request.
  Time since last request: 0.000018 seconds.
  path: Assets/Scripts/Weapons/WeaponData.cs
  artifactKey: Guid(2d9720b74ca933e4da48927938fdb464) Importer(815301076,1909f56bfc062723c751e8b465ee728b)
Start importing Assets/Scripts/Weapons/WeaponData.cs using Guid(2d9720b74ca933e4da48927938fdb464) Importer(815301076,1909f56bfc062723c751e8b465ee728b) (PreviewImporter) -> (artifact id: '00000000000000000000000000000000') in 0.0007414 seconds
Import Error Code:(4)
Message: Build asset version error: assets/scripts/weapons/weapondata.cs in SourceAssetDB has modification time of '2026-10-05T11:43:46.6317961Z' while content on disk has modification time of '2026-10-05T11:44:33.624Z'
  ERROR: Build asset version error: assets/scripts/weapons/weapondata.cs in SourceAssetDB has modification time of '2026-10-05T11:43:46.6317961Z' while content on disk has modification time of '2026-10-05T11:44:33.624Z'
Number of updated asset objects reloaded before import = 0Number of asset objects unloaded after import = 0

========================================================================
Received Import Request.
  Time since last request: 0.000020 seconds.
  path: Assets/Scripts/Weapons/WeaponData.cs
  artifactKey: Guid(2d9720b74ca933e4da48927938fdb464) Importer(815301076,1909f56bfc062723c751e8b465ee728b)
Start importing Assets/Scripts/Weapons/WeaponData.cs using Guid(2d9720b74ca933e4da48927938fdb464) Importer(815301076,1909f56bfc062723c751e8b465ee728b) (PreviewImporter) -> (artifact id: '00000000000000000000000000000000') in 0.0026697 seconds
Import Error Code:(4)
Message: Build asset version error: assets/scripts/weapons/weapondata.cs in SourceAssetDB has modification time of '2026-10-05T11:43:46.6317961Z' while content on disk has modification time of '2026-10-05T11:44:33.624Z'
  ERROR: Build asset version error: assets/scripts/weapons/weapondata.cs in SourceAssetDB has modification time of '2026-10-05T11:43:46.6317961Z' while content on disk has modification time of '2026-10-05T11:44:33.624Z'
Number of updated asset objects reloaded before import = 0Number of asset objects unloaded after import = 0

========================================================================
Received Import Request.
  Time since last request: 0.000020 seconds.
  path: Assets/Scripts/Weapons/WeaponData.cs
  artifactKey: Guid(2d9720b74ca933e4da48927938fdb464) Importer(815301076,1909f56bfc062723c751e8b465ee728b)
Start importing Assets/Scripts/Weapons/WeaponData.cs using Guid(2d9720b74ca933e4da48927938fdb464) Importer(815301076,1909f56bfc062723c751e8b465ee728b) (PreviewImporter) -> (artifact id: '00000000000000000000000000000000') in 0.0009264 seconds
Import Error Code:(4)
Message: Build asset version error: assets/scripts/weapons/weapondata.cs in SourceAssetDB has modification time of '2026-10-05T11:43:46.6317961Z' while content on disk has modification time of '2026-10-05T11:44:33.624Z'
  ERROR: Build asset version error: assets/scripts/weapons/weapondata.cs in SourceAssetDB has modification time of '2026-10-05T11:43:46.6317961Z' while content on disk has modification time of '2026-10-05T11:44:33.624Z'
Number of updated asset objects reloaded before import = 0Number of asset objects unloaded after import = 0

========================================================================
Received Import Request.
  Time since last request: 0.000028 seconds.
  path: Assets/Scripts/Weapons/WeaponData.cs
  artifactKey: Guid(2d9720b74ca933e4da48927938fdb464) Importer(815301076,1909f56bfc062723c751e8b465ee728b)
Start importing Assets/Scripts/Weapons/WeaponData.cs using Guid(2d9720b74ca933e4da48927938fdb464) Importer(815301076,1909f56bfc062723c751e8b465ee728b) (PreviewImporter) -> (artifact id: '00000000000000000000000000000000') in 0.0009319 seconds
Import Error Code:(4)
Message: Build asset version error: assets/scripts/weapons/weapondata.cs in SourceAssetDB has modification time of '2026-10-05T11:43:46.6317961Z' while content on disk has modification time of '2026-10-05T11:44:33.624Z'
  ERROR: Build asset version error: assets/scripts/weapons/weapondata.cs in SourceAssetDB has modification time of '2026-10-05T11:43:46.6317961Z' while content on disk has modification time of '2026-10-05T11:44:33.624Z'
Number of updated asset objects reloaded before import = 0Number of asset objects unloaded after import = 0

========================================================================
Received Import Request.
  Time since last request: 0.000021 seconds.
  path: Assets/Scripts/Weapons/WeaponData.cs
  artifactKey: Guid(2d9720b74ca933e4da48927938fdb464) Importer(815301076,1909f56bfc062723c751e8b465ee728b)
Start importing Assets/Scripts/Weapons/WeaponData.cs using Guid(2d9720b74ca933e4da48927938fdb464) Importer(815301076,1909f56bfc062723c751e8b465ee728b) (PreviewImporter) -> (artifact id: '00000000000000000000000000000000') in 0.0008797 seconds
Import Error Code:(4)
Message: Build asset version error: assets/scripts/weapons/weapondata.cs in SourceAssetDB has modification time of '2026-10-05T11:43:46.6317961Z' while content on disk has modification time of '2026-10-05T11:44:33.624Z'
  ERROR: Build asset version error: assets/scripts/weapons/weapondata.cs in SourceAssetDB has modification time of '2026-10-05T11:43:46.6317961Z' while content on disk has modification time of '2026-10-05T11:44:33.624Z'
Number of updated asset objects reloaded before import = 0Number of asset objects unloaded after import = 0

========================================================================
Received Import Request.
  Time since last request: 0.000030 seconds.
  path: Assets/Scripts/Weapons/WeaponData.cs
  artifactKey: Guid(2d9720b74ca933e4da48927938fdb464) Importer(815301076,1909f56bfc062723c751e8b465ee728b)
Start importing Assets/Scripts/Weapons/WeaponData.cs using Guid(2d9720b74ca933e4da48927938fdb464) Importer(815301076,1909f56bfc062723c751e8b465ee728b) (PreviewImporter) -> (artifact id: '00000000000000000000000000000000') in 0.0007238 seconds
Import Error Code:(4)
Message: Build asset version error: assets/scripts/weapons/weapondata.cs in SourceAssetDB has modification time of '2026-10-05T11:43:46.6317961Z' while content on disk has modification time of '2026-10-05T11:44:33.624Z'
  ERROR: Build asset version error: assets/scripts/weapons/weapondata.cs in SourceAssetDB has modification time of '2026-10-05T11:43:46.6317961Z' while content on disk has modification time of '2026-10-05T11:44:33.624Z'
Number of updated asset objects reloaded before import = 0Number of asset objects unloaded after import = 0

========================================================================
Received Import Request.
  Time since last request: 0.000023 seconds.
  path: Assets/Scripts/Weapons/WeaponData.cs
  artifactKey: Guid(2d9720b74ca933e4da48927938fdb464) Importer(815301076,1909f56bfc062723c751e8b465ee728b)
Start importing Assets/Scripts/Weapons/WeaponData.cs using Guid(2d9720b74ca933e4da48927938fdb464) Importer(815301076,1909f56bfc062723c751e8b465ee728b) (PreviewImporter) -> (artifact id: '00000000000000000000000000000000') in 0.0006985 seconds
Import Error Code:(4)
Message: Build asset version error: assets/scripts/weapons/weapondata.cs in SourceAssetDB has modification time of '2026-10-05T11:43:46.6317961Z' while content on disk has modification time of '2026-10-05T11:44:33.624Z'
  ERROR: Build asset version error: assets/scripts/weapons/weapondata.cs in SourceAssetDB has modification time of '2026-10-05T11:43:46.6317961Z' while content on disk has modification time of '2026-10-05T11:44:33.624Z'
Number of updated asset objects reloaded before import = 0Number of asset objects unloaded after import = 0

========================================================================
Received Import Request.
  Time since last request: 0.000118 seconds.
  path: Assets/Scripts/Weapons/WeaponData.cs
  artifactKey: Guid(2d9720b74ca933e4da48927938fdb464) Importer(815301076,1909f56bfc062723c751e8b465ee728b)
Start importing Assets/Scripts/Weapons/WeaponData.cs using Guid(2d9720b74ca933e4da48927938fdb464) Importer(815301076,1909f56bfc062723c751e8b465ee728b) (PreviewImporter) -> (artifact id: '00000000000000000000000000000000') in 0.0011586 seconds
Import Error Code:(4)
Message: Build asset version error: assets/scripts/weapons/weapondata.cs in SourceAssetDB has modification time of '2026-10-05T11:43:46.6317961Z' while content on disk has modification time of '2026-10-05T11:44:33.624Z'
  ERROR: Build asset version error: assets/scripts/weapons/weapondata.cs in SourceAssetDB has modification time of '2026-10-05T11:43:46.6317961Z' while content on disk has modification time of '2026-10-05T11:44:33.624Z'
Number of updated asset objects reloaded before import = 0Number of asset objects unloaded after import = 0

========================================================================
Received Import Request.
  Time since last request: 0.000023 seconds.
  path: Assets/Scripts/Weapons/WeaponData.cs
  artifactKey: Guid(2d9720b74ca933e4da48927938fdb464) Importer(815301076,1909f56bfc062723c751e8b465ee728b)
Start importing Assets/Scripts/Weapons/WeaponData.cs using Guid(2d9720b74ca933e4da48927938fdb464) Importer(815301076,1909f56bfc062723c751e8b465ee728b) (PreviewImporter) -> (artifact id: '00000000000000000000000000000000') in 0.0006946 seconds
Import Error Code:(4)
Message: Build asset version error: assets/scripts/weapons/weapondata.cs in SourceAssetDB has modification time of '2026-10-05T11:43:46.6317961Z' while content on disk has modification time of '2026-10-05T11:44:33.624Z'
  ERROR: Build asset version error: assets/scripts/weapons/weapondata.cs in SourceAssetDB has modification time of '2026-10-05T11:43:46.6317961Z' while content on disk has modification time of '2026-10-05T11:44:33.624Z'
Number of updated asset objects reloaded before import = 0Number of asset objects unloaded after import = 0

========================================================================
Received Import Request.
  Time since last request: 0.000030 seconds.
  path: Assets/Scripts/Weapons/WeaponData.cs
  artifactKey: Guid(2d9720b74ca933e4da48927938fdb464) Importer(815301076,1909f56bfc062723c751e8b465ee728b)
Start importing Assets/Scripts/Weapons/WeaponData.cs using Guid(2d9720b74ca933e4da48927938fdb464) Importer(815301076,1909f56bfc062723c751e8b465ee728b) (PreviewImporter) -> (artifact id: '00000000000000000000000000000000') in 0.0014697 seconds
Import Error Code:(4)
Message: Build asset version error: assets/scripts/weapons/weapondata.cs in SourceAssetDB has modification time of '2026-10-05T11:43:46.6317961Z' while content on disk has modification time of '2026-10-05T11:44:33.624Z'
  ERROR: Build asset version error: assets/scripts/weapons/weapondata.cs in SourceAssetDB has modification time of '2026-10-05T11:43:46.6317961Z' while content on disk has modification time of '2026-10-05T11:44:33.624Z'
Number of updated asset objects reloaded before import = 0Number of asset objects unloaded after import = 0

========================================================================
Received Import Request.
  Time since last request: 0.000026 seconds.
  path: Assets/Scripts/Weapons/WeaponData.cs
  artifactKey: Guid(2d9720b74ca933e4da48927938fdb464) Importer(815301076,1909f56bfc062723c751e8b465ee728b)
Start importing Assets/Scripts/Weapons/WeaponData.cs using Guid(2d9720b74ca933e4da48927938fdb464) Importer(815301076,1909f56bfc062723c751e8b465ee728b) (PreviewImporter) -> (artifact id: '00000000000000000000000000000000') in 0.001347 seconds
Import Error Code:(4)
Message: Build asset version error: assets/scripts/weapons/weapondata.cs in SourceAssetDB has modification time of '2026-10-05T11:43:46.6317961Z' while content on disk has modification time of '2026-10-05T11:44:33.624Z'
  ERROR: Build asset version error: assets/scripts/weapons/weapondata.cs in SourceAssetDB has modification time of '2026-10-05T11:43:46.6317961Z' while content on disk has modification time of '2026-10-05T11:44:33.624Z'
Number of updated asset objects reloaded before import = 0Number of asset objects unloaded after import = 0

========================================================================
Received Import Request.
  Time since last request: 0.000027 seconds.
  path: Assets/Scripts/Weapons/WeaponData.cs
  artifactKey: Guid(2d9720b74ca933e4da48927938fdb464) Importer(815301076,1909f56bfc062723c751e8b465ee728b)
Start importing Assets/Scripts/Weapons/WeaponData.cs using Guid(2d9720b74ca933e4da48927938fdb464) Importer(815301076,1909f56bfc062723c751e8b465ee728b) (PreviewImporter) -> (artifact id: '00000000000000000000000000000000') in 0.0010813 seconds
Import Error Code:(4)
Message: Build asset version error: assets/scripts/weapons/weapondata.cs in SourceAssetDB has modification time of '2026-10-05T11:43:46.6317961Z' while content on disk has modification time of '2026-10-05T11:44:33.624Z'
  ERROR: Build asset version error: assets/scripts/weapons/weapondata.cs in SourceAssetDB has modification time of '2026-10-05T11:43:46.6317961Z' while content on disk has modification time of '2026-10-05T11:44:33.624Z'
Number of updated asset objects reloaded before import = 0Number of asset objects unloaded after import = 0

========================================================================
Received Import Request.
  Time since last request: 0.000032 seconds.
  path: Assets/Scripts/Weapons/WeaponData.cs
  artifactKey: Guid(2d9720b74ca933e4da48927938fdb464) Importer(815301076,1909f56bfc062723c751e8b465ee728b)
Start importing Assets/Scripts/Weapons/WeaponData.cs using Guid(2d9720b74ca933e4da48927938fdb464) Importer(815301076,1909f56bfc062723c751e8b465ee728b) (PreviewImporter) -> (artifact id: '00000000000000000000000000000000') in 0.0005891 seconds
Import Error Code:(4)
Message: Build asset version error: assets/scripts/weapons/weapondata.cs in SourceAssetDB has modification time of '2026-10-05T11:43:46.6317961Z' while content on disk has modification time of '2026-10-05T11:44:33.624Z'
  ERROR: Build asset version error: assets/scripts/weapons/weapondata.cs in SourceAssetDB has modification time of '2026-10-05T11:43:46.6317961Z' while content on disk has modification time of '2026-10-05T11:44:33.624Z'
Number of updated asset objects reloaded before import = 0Number of asset objects unloaded after import = 0

========================================================================
Received Import Request.
  Time since last request: 0.000037 seconds.
  path: Assets/Scripts/Weapons/WeaponData.cs
  artifactKey: Guid(2d9720b74ca933e4da48927938fdb464) Importer(815301076,1909f56bfc062723c751e8b465ee728b)
Start importing Assets/Scripts/Weapons/WeaponData.cs using Guid(2d9720b74ca933e4da48927938fdb464) Importer(815301076,1909f56bfc062723c751e8b465ee728b) (PreviewImporter) -> (artifact id: '00000000000000000000000000000000') in 0.0008283 seconds
Import Error Code:(4)
Message: Build asset version error: assets/scripts/weapons/weapondata.cs in SourceAssetDB has modification time of '2026-10-05T11:43:46.6317961Z' while content on disk has modification time of '2026-10-05T11:44:33.624Z'
  ERROR: Build asset version error: assets/scripts/weapons/weapondata.cs in SourceAssetDB has modification time of '2026-10-05T11:43:46.6317961Z' while content on disk has modification time of '2026-10-05T11:44:33.624Z'
Number of updated asset objects reloaded before import = 0Number of asset objects unloaded after import = 0

========================================================================
Received Import Request.
  Time since last request: 0.000018 seconds.
  path: Assets/Scripts/Weapons/WeaponData.cs
  artifactKey: Guid(2d9720b74ca933e4da48927938fdb464) Importer(815301076,1909f56bfc062723c751e8b465ee728b)
Start importing Assets/Scripts/Weapons/WeaponData.cs using Guid(2d9720b74ca933e4da48927938fdb464) Importer(815301076,1909f56bfc062723c751e8b465ee728b) (PreviewImporter) -> (artifact id: '00000000000000000000000000000000') in 0.0006873 seconds
Import Error Code:(4)
Message: Build asset version error: assets/scripts/weapons/weapondata.cs in SourceAssetDB has modification time of '2026-10-05T11:43:46.6317961Z' while content on disk has modification time of '2026-10-05T11:44:33.624Z'
  ERROR: Build asset version error: assets/scripts/weapons/weapondata.cs in SourceAssetDB has modification time of '2026-10-05T11:43:46.6317961Z' while content on disk has modification time of '2026-10-05T11:44:33.624Z'
Number of updated asset objects reloaded before import = 0Number of asset objects unloaded after import = 0

========================================================================
Received Import Request.
  Time since last request: 0.000021 seconds.
  path: Assets/Scripts/Weapons/WeaponData.cs
  artifactKey: Guid(2d9720b74ca933e4da48927938fdb464) Importer(815301076,1909f56bfc062723c751e8b465ee728b)
Start importing Assets/Scripts/Weapons/WeaponData.cs using Guid(2d9720b74ca933e4da48927938fdb464) Importer(815301076,1909f56bfc062723c751e8b465ee728b) (PreviewImporter) -> (artifact id: '00000000000000000000000000000000') in 0.001285 seconds
Import Error Code:(4)
Message: Build asset version error: assets/scripts/weapons/weapondata.cs in SourceAssetDB has modification time of '2026-10-05T11:43:46.6317961Z' while content on disk has modification time of '2026-10-05T11:44:33.624Z'
  ERROR: Build asset version error: assets/scripts/weapons/weapondata.cs in SourceAssetDB has modification time of '2026-10-05T11:43:46.6317961Z' while content on disk has modification time of '2026-10-05T11:44:33.624Z'
Number of updated asset objects reloaded before import = 0Number of asset objects unloaded after import = 0

========================================================================
Received Import Request.
  Time since last request: 0.000024 seconds.
  path: Assets/Scripts/Weapons/WeaponData.cs
  artifactKey: Guid(2d9720b74ca933e4da48927938fdb464) Importer(815301076,1909f56bfc062723c751e8b465ee728b)
Start importing Assets/Scripts/Weapons/WeaponData.cs using Guid(2d9720b74ca933e4da48927938fdb464) Importer(815301076,1909f56bfc062723c751e8b465ee728b) (PreviewImporter) -> (artifact id: '00000000000000000000000000000000') in 0.0008395 seconds
Import Error Code:(4)
Message: Build asset version error: assets/scripts/weapons/weapondata.cs in SourceAssetDB has modification time of '2026-10-05T11:43:46.6317961Z' while content on disk has modification time of '2026-10-05T11:44:33.624Z'
  ERROR: Build asset version error: assets/scripts/weapons/weapondata.cs in SourceAssetDB has modification time of '2026-10-05T11:43:46.6317961Z' while content on disk has modification time of '2026-10-05T11:44:33.624Z'
Number of updated asset objects reloaded before import = 0Number of asset objects unloaded after import = 0

========================================================================
Received Import Request.
  Time since last request: 0.000033 seconds.
  path: Assets/Scripts/Weapons/WeaponData.cs
  artifactKey: Guid(2d9720b74ca933e4da48927938fdb464) Importer(815301076,1909f56bfc062723c751e8b465ee728b)
Start importing Assets/Scripts/Weapons/WeaponData.cs using Guid(2d9720b74ca933e4da48927938fdb464) Importer(815301076,1909f56bfc062723c751e8b465ee728b) (PreviewImporter) -> (artifact id: '00000000000000000000000000000000') in 0.0006831 seconds
Import Error Code:(4)
Message: Build asset version error: assets/scripts/weapons/weapondata.cs in SourceAssetDB has modification time of '2026-10-05T11:43:46.6317961Z' while content on disk has modification time of '2026-10-05T11:44:33.624Z'
  ERROR: Build asset version error: assets/scripts/weapons/weapondata.cs in SourceAssetDB has modification time of '2026-10-05T11:43:46.6317961Z' while content on disk has modification time of '2026-10-05T11:44:33.624Z'
Number of updated asset objects reloaded before import = 0Number of asset objects unloaded after import = 0

========================================================================
Received Import Request.
  Time since last request: 0.000021 seconds.
  path: Assets/Scripts/Weapons/WeaponData.cs
  artifactKey: Guid(2d9720b74ca933e4da48927938fdb464) Importer(815301076,1909f56bfc062723c751e8b465ee728b)
Start importing Assets/Scripts/Weapons/WeaponData.cs using Guid(2d9720b74ca933e4da48927938fdb464) Importer(815301076,1909f56bfc062723c751e8b465ee728b) (PreviewImporter) -> (artifact id: '00000000000000000000000000000000') in 0.0006817 seconds
Import Error Code:(4)
Message: Build asset version error: assets/scripts/weapons/weapondata.cs in SourceAssetDB has modification time of '2026-10-05T11:43:46.6317961Z' while content on disk has modification time of '2026-10-05T11:44:33.624Z'
  ERROR: Build asset version error: assets/scripts/weapons/weapondata.cs in SourceAssetDB has modification time of '2026-10-05T11:43:46.6317961Z' while content on disk has modification time of '2026-10-05T11:44:33.624Z'
Number of updated asset objects reloaded before import = 0Number of asset objects unloaded after import = 0

========================================================================
Received Import Request.
  Time since last request: 0.000057 seconds.
  path: Assets/Scripts/Weapons/WeaponData.cs
  artifactKey: Guid(2d9720b74ca933e4da48927938fdb464) Importer(815301076,1909f56bfc062723c751e8b465ee728b)
Start importing Assets/Scripts/Weapons/WeaponData.cs using Guid(2d9720b74ca933e4da48927938fdb464) Importer(815301076,1909f56bfc062723c751e8b465ee728b) (PreviewImporter) -> (artifact id: '00000000000000000000000000000000') in 0.0006563 seconds
Import Error Code:(4)
Message: Build asset version error: assets/scripts/weapons/weapondata.cs in SourceAssetDB has modification time of '2026-10-05T11:43:46.6317961Z' while content on disk has modification time of '2026-10-05T11:44:33.624Z'
  ERROR: Build asset version error: assets/scripts/weapons/weapondata.cs in SourceAssetDB has modification time of '2026-10-05T11:43:46.6317961Z' while content on disk has modification time of '2026-10-05T11:44:33.624Z'
Number of updated asset objects reloaded before import = 0Number of asset objects unloaded after import = 0

========================================================================
Received Import Request.
  Time since last request: 0.000019 seconds.
  path: Assets/Scripts/Weapons/WeaponData.cs
  artifactKey: Guid(2d9720b74ca933e4da48927938fdb464) Importer(815301076,1909f56bfc062723c751e8b465ee728b)
Start importing Assets/Scripts/Weapons/WeaponData.cs using Guid(2d9720b74ca933e4da48927938fdb464) Importer(815301076,1909f56bfc062723c751e8b465ee728b) (PreviewImporter) -> (artifact id: '00000000000000000000000000000000') in 0.0007168 seconds
Import Error Code:(4)
Message: Build asset version error: assets/scripts/weapons/weapondata.cs in SourceAssetDB has modification time of '2026-10-05T11:43:46.6317961Z' while content on disk has modification time of '2026-10-05T11:44:33.624Z'
  ERROR: Build asset version error: assets/scripts/weapons/weapondata.cs in SourceAssetDB has modification time of '2026-10-05T11:43:46.6317961Z' while content on disk has modification time of '2026-10-05T11:44:33.624Z'
Number of updated asset objects reloaded before import = 0Number of asset objects unloaded after import = 0

========================================================================
Received Import Request.
  Time since last request: 0.000032 seconds.
  path: Assets/Scripts/Weapons/WeaponData.cs
  artifactKey: Guid(2d9720b74ca933e4da48927938fdb464) Importer(815301076,1909f56bfc062723c751e8b465ee728b)
Start importing Assets/Scripts/Weapons/WeaponData.cs using Guid(2d9720b74ca933e4da48927938fdb464) Importer(815301076,1909f56bfc062723c751e8b465ee728b) (PreviewImporter) -> (artifact id: '00000000000000000000000000000000') in 0.000929 seconds
Import Error Code:(4)
Message: Build asset version error: assets/scripts/weapons/weapondata.cs in SourceAssetDB has modification time of '2026-10-05T11:43:46.6317961Z' while content on disk has modification time of '2026-10-05T11:44:33.624Z'
  ERROR: Build asset version error: assets/scripts/weapons/weapondata.cs in SourceAssetDB has modification time of '2026-10-05T11:43:46.6317961Z' while content on disk has modification time of '2026-10-05T11:44:33.624Z'
Number of updated asset objects reloaded before import = 0Number of asset objects unloaded after import = 0

========================================================================
Received Import Request.
  Time since last request: 0.000027 seconds.
  path: Assets/Scripts/Weapons/WeaponData.cs
  artifactKey: Guid(2d9720b74ca933e4da48927938fdb464) Importer(815301076,1909f56bfc062723c751e8b465ee728b)
Start importing Assets/Scripts/Weapons/WeaponData.cs using Guid(2d9720b74ca933e4da48927938fdb464) Importer(815301076,1909f56bfc062723c751e8b465ee728b) (PreviewImporter) -> (artifact id: '00000000000000000000000000000000') in 0.0007559 seconds
Import Error Code:(4)
Message: Build asset version error: assets/scripts/weapons/weapondata.cs in SourceAssetDB has modification time of '2026-10-05T11:43:46.6317961Z' while content on disk has modification time of '2026-10-05T11:44:33.624Z'
  ERROR: Build asset version error: assets/scripts/weapons/weapondata.cs in SourceAssetDB has modification time of '2026-10-05T11:43:46.6317961Z' while content on disk has modification time of '2026-10-05T11:44:33.624Z'
Number of updated asset objects reloaded before import = 0Number of asset objects unloaded after import = 0

========================================================================
Received Import Request.
  Time since last request: 0.000031 seconds.
  path: Assets/Scripts/Weapons/WeaponData.cs
  artifactKey: Guid(2d9720b74ca933e4da48927938fdb464) Importer(815301076,1909f56bfc062723c751e8b465ee728b)
Start importing Assets/Scripts/Weapons/WeaponData.cs using Guid(2d9720b74ca933e4da48927938fdb464) Importer(815301076,1909f56bfc062723c751e8b465ee728b) (PreviewImporter) -> (artifact id: '00000000000000000000000000000000') in 0.0012188 seconds
Import Error Code:(4)
Message: Build asset version error: assets/scripts/weapons/weapondata.cs in SourceAssetDB has modification time of '2026-10-05T11:43:46.6317961Z' while content on disk has modification time of '2026-10-05T11:44:33.624Z'
  ERROR: Build asset version error: assets/scripts/weapons/weapondata.cs in SourceAssetDB has modification time of '2026-10-05T11:43:46.6317961Z' while content on disk has modification time of '2026-10-05T11:44:33.624Z'
Number of updated asset objects reloaded before import = 0Number of asset objects unloaded after import = 0

========================================================================
Received Import Request.
  Time since last request: 0.000025 seconds.
  path: Assets/Scripts/Weapons/WeaponData.cs
  artifactKey: Guid(2d9720b74ca933e4da48927938fdb464) Importer(815301076,1909f56bfc062723c751e8b465ee728b)
Start importing Assets/Scripts/Weapons/WeaponData.cs using Guid(2d9720b74ca933e4da48927938fdb464) Importer(815301076,1909f56bfc062723c751e8b465ee728b) (PreviewImporter) -> (artifact id: '00000000000000000000000000000000') in 0.0014137 seconds
Import Error Code:(4)
Message: Build asset version error: assets/scripts/weapons/weapondata.cs in SourceAssetDB has modification time of '2026-10-05T11:43:46.6317961Z' while content on disk has modification time of '2026-10-05T11:44:33.624Z'
  ERROR: Build asset version error: assets/scripts/weapons/weapondata.cs in SourceAssetDB has modification time of '2026-10-05T11:43:46.6317961Z' while content on disk has modification time of '2026-10-05T11:44:33.624Z'
Number of updated asset objects reloaded before import = 0Number of asset objects unloaded after import = 0

========================================================================
Received Import Request.
  Time since last request: 0.000020 seconds.
  path: Assets/Scripts/Weapons/WeaponData.cs
  artifactKey: Guid(2d9720b74ca933e4da48927938fdb464) Importer(815301076,1909f56bfc062723c751e8b465ee728b)
Start importing Assets/Scripts/Weapons/WeaponData.cs using Guid(2d9720b74ca933e4da48927938fdb464) Importer(815301076,1909f56bfc062723c751e8b465ee728b) (PreviewImporter) -> (artifact id: '00000000000000000000000000000000') in 0.0007759 seconds
Import Error Code:(4)
Message: Build asset version error: assets/scripts/weapons/weapondata.cs in SourceAssetDB has modification time of '2026-10-05T11:43:46.6317961Z' while content on disk has modification time of '2026-10-05T11:44:33.624Z'
  ERROR: Build asset version error: assets/scripts/weapons/weapondata.cs in SourceAssetDB has modification time of '2026-10-05T11:43:46.6317961Z' while content on disk has modification time of '2026-10-05T11:44:33.624Z'
Number of updated asset objects reloaded before import = 0Number of asset objects unloaded after import = 0

========================================================================
Received Import Request.
  Time since last request: 0.000021 seconds.
  path: Assets/Scripts/Weapons/WeaponData.cs
  artifactKey: Guid(2d9720b74ca933e4da48927938fdb464) Importer(815301076,1909f56bfc062723c751e8b465ee728b)
Start importing Assets/Scripts/Weapons/WeaponData.cs using Guid(2d9720b74ca933e4da48927938fdb464) Importer(815301076,1909f56bfc062723c751e8b465ee728b) (PreviewImporter) -> (artifact id: '00000000000000000000000000000000') in 0.0007263 seconds
Import Error Code:(4)
Message: Build asset version error: assets/scripts/weapons/weapondata.cs in SourceAssetDB has modification time of '2026-10-05T11:43:46.6317961Z' while content on disk has modification time of '2026-10-05T11:44:33.624Z'
  ERROR: Build asset version error: assets/scripts/weapons/weapondata.cs in SourceAssetDB has modification time of '2026-10-05T11:43:46.6317961Z' while content on disk has modification time of '2026-10-05T11:44:33.624Z'
Number of updated asset objects reloaded before import = 0Number of asset objects unloaded after import = 0

========================================================================
Received Import Request.
  Time since last request: 0.000065 seconds.
  path: Assets/Scripts/Weapons/WeaponData.cs
  artifactKey: Guid(2d9720b74ca933e4da48927938fdb464) Importer(815301076,1909f56bfc062723c751e8b465ee728b)
Start importing Assets/Scripts/Weapons/WeaponData.cs using Guid(2d9720b74ca933e4da48927938fdb464) Importer(815301076,1909f56bfc062723c751e8b465ee728b) (PreviewImporter) -> (artifact id: '00000000000000000000000000000000') in 0.0009064 seconds
Import Error Code:(4)
Message: Build asset version error: assets/scripts/weapons/weapondata.cs in SourceAssetDB has modification time of '2026-10-05T11:43:46.6317961Z' while content on disk has modification time of '2026-10-05T11:44:33.624Z'
  ERROR: Build asset version error: assets/scripts/weapons/weapondata.cs in SourceAssetDB has modification time of '2026-10-05T11:43:46.6317961Z' while content on disk has modification time of '2026-10-05T11:44:33.624Z'
Number of updated asset objects reloaded before import = 0Number of asset objects unloaded after import = 0

========================================================================
Received Import Request.
  Time since last request: 0.000042 seconds.
  path: Assets/Scripts/Weapons/WeaponData.cs
  artifactKey: Guid(2d9720b74ca933e4da48927938fdb464) Importer(815301076,1909f56bfc062723c751e8b465ee728b)
Start importing Assets/Scripts/Weapons/WeaponData.cs using Guid(2d9720b74ca933e4da48927938fdb464) Importer(815301076,1909f56bfc062723c751e8b465ee728b) (PreviewImporter) -> (artifact id: '00000000000000000000000000000000') in 0.0010656 seconds
Import Error Code:(4)
Message: Build asset version error: assets/scripts/weapons/weapondata.cs in SourceAssetDB has modification time of '2026-10-05T11:43:46.6317961Z' while content on disk has modification time of '2026-10-05T11:44:33.624Z'
  ERROR: Build asset version error: assets/scripts/weapons/weapondata.cs in SourceAssetDB has modification time of '2026-10-05T11:43:46.6317961Z' while content on disk has modification time of '2026-10-05T11:44:33.624Z'
Number of updated asset objects reloaded before import = 0Number of asset objects unloaded after import = 0

========================================================================
Received Import Request.
  Time since last request: 0.000031 seconds.
  path: Assets/Scripts/Weapons/WeaponData.cs
  artifactKey: Guid(2d9720b74ca933e4da48927938fdb464) Importer(815301076,1909f56bfc062723c751e8b465ee728b)
Start importing Assets/Scripts/Weapons/WeaponData.cs using Guid(2d9720b74ca933e4da48927938fdb464) Importer(815301076,1909f56bfc062723c751e8b465ee728b) (PreviewImporter) -> (artifact id: '00000000000000000000000000000000') in 0.0008277 seconds
Import Error Code:(4)
Message: Build asset version error: assets/scripts/weapons/weapondata.cs in SourceAssetDB has modification time of '2026-10-05T11:43:46.6317961Z' while content on disk has modification time of '2026-10-05T11:44:33.624Z'
  ERROR: Build asset version error: assets/scripts/weapons/weapondata.cs in SourceAssetDB has modification time of '2026-10-05T11:43:46.6317961Z' while content on disk has modification time of '2026-10-05T11:44:33.624Z'
Number of updated asset objects reloaded before import = 0Number of asset objects unloaded after import = 0

========================================================================
Received Import Request.
  Time since last request: 0.000022 seconds.
  path: Assets/Scripts/Weapons/WeaponData.cs
  artifactKey: Guid(2d9720b74ca933e4da48927938fdb464) Importer(815301076,1909f56bfc062723c751e8b465ee728b)
Start importing Assets/Scripts/Weapons/WeaponData.cs using Guid(2d9720b74ca933e4da48927938fdb464) Importer(815301076,1909f56bfc062723c751e8b465ee728b) (PreviewImporter) -> (artifact id: '00000000000000000000000000000000') in 0.0008436 seconds
Import Error Code:(4)
Message: Build asset version error: assets/scripts/weapons/weapondata.cs in SourceAssetDB has modification time of '2026-10-05T11:43:46.6317961Z' while content on disk has modification time of '2026-10-05T11:44:33.624Z'
  ERROR: Build asset version error: assets/scripts/weapons/weapondata.cs in SourceAssetDB has modification time of '2026-10-05T11:43:46.6317961Z' while content on disk has modification time of '2026-10-05T11:44:33.624Z'
Number of updated asset objects reloaded before import = 0Number of asset objects unloaded after import = 0

========================================================================
Received Import Request.
  Time since last request: 0.000018 seconds.
  path: Assets/Scripts/Weapons/WeaponData.cs
  artifactKey: Guid(2d9720b74ca933e4da48927938fdb464) Importer(815301076,1909f56bfc062723c751e8b465ee728b)
Start importing Assets/Scripts/Weapons/WeaponData.cs using Guid(2d9720b74ca933e4da48927938fdb464) Importer(815301076,1909f56bfc062723c751e8b465ee728b) (PreviewImporter) -> (artifact id: '00000000000000000000000000000000') in 0.0006613 seconds
Import Error Code:(4)
Message: Build asset version error: assets/scripts/weapons/weapondata.cs in SourceAssetDB has modification time of '2026-10-05T11:43:46.6317961Z' while content on disk has modification time of '2026-10-05T11:44:33.624Z'
  ERROR: Build asset version error: assets/scripts/weapons/weapondata.cs in SourceAssetDB has modification time of '2026-10-05T11:43:46.6317961Z' while content on disk has modification time of '2026-10-05T11:44:33.624Z'
Number of updated asset objects reloaded before import = 0Number of asset objects unloaded after import = 0

========================================================================
Received Import Request.
  Time since last request: 0.000061 seconds.
  path: Assets/Scripts/Weapons/WeaponData.cs
  artifactKey: Guid(2d9720b74ca933e4da48927938fdb464) Importer(815301076,1909f56bfc062723c751e8b465ee728b)
Start importing Assets/Scripts/Weapons/WeaponData.cs using Guid(2d9720b74ca933e4da48927938fdb464) Importer(815301076,1909f56bfc062723c751e8b465ee728b) (PreviewImporter) -> (artifact id: '00000000000000000000000000000000') in 0.0007498 seconds
Import Error Code:(4)
Message: Build asset version error: assets/scripts/weapons/weapondata.cs in SourceAssetDB has modification time of '2026-10-05T11:43:46.6317961Z' while content on disk has modification time of '2026-10-05T11:44:33.624Z'
  ERROR: Build asset version error: assets/scripts/weapons/weapondata.cs in SourceAssetDB has modification time of '2026-10-05T11:43:46.6317961Z' while content on disk has modification time of '2026-10-05T11:44:33.624Z'
Number of updated asset objects reloaded before import = 0Number of asset objects unloaded after import = 0

========================================================================
Received Import Request.
  Time since last request: 0.000042 seconds.
  path: Assets/Scripts/Weapons/WeaponData.cs
  artifactKey: Guid(2d9720b74ca933e4da48927938fdb464) Importer(815301076,1909f56bfc062723c751e8b465ee728b)
Start importing Assets/Scripts/Weapons/WeaponData.cs using Guid(2d9720b74ca933e4da48927938fdb464) Importer(815301076,1909f56bfc062723c751e8b465ee728b) (PreviewImporter) -> (artifact id: '00000000000000000000000000000000') in 0.0008152 seconds
Import Error Code:(4)
Message: Build asset version error: assets/scripts/weapons/weapondata.cs in SourceAssetDB has modification time of '2026-10-05T11:43:46.6317961Z' while content on disk has modification time of '2026-10-05T11:44:33.624Z'
  ERROR: Build asset version error: assets/scripts/weapons/weapondata.cs in SourceAssetDB has modification time of '2026-10-05T11:43:46.6317961Z' while content on disk has modification time of '2026-10-05T11:44:33.624Z'
Number of updated asset objects reloaded before import = 0Number of asset objects unloaded after import = 0

========================================================================
Received Import Request.
  Time since last request: 0.000051 seconds.
  path: Assets/Scripts/Weapons/WeaponData.cs
  artifactKey: Guid(2d9720b74ca933e4da48927938fdb464) Importer(815301076,1909f56bfc062723c751e8b465ee728b)
Start importing Assets/Scripts/Weapons/WeaponData.cs using Guid(2d9720b74ca933e4da48927938fdb464) Importer(815301076,1909f56bfc062723c751e8b465ee728b) (PreviewImporter) -> (artifact id: '00000000000000000000000000000000') in 0.0008487 seconds
Import Error Code:(4)
Message: Build asset version error: assets/scripts/weapons/weapondata.cs in SourceAssetDB has modification time of '2026-10-05T11:43:46.6317961Z' while content on disk has modification time of '2026-10-05T11:44:33.624Z'
  ERROR: Build asset version error: assets/scripts/weapons/weapondata.cs in SourceAssetDB has modification time of '2026-10-05T11:43:46.6317961Z' while content on disk has modification time of '2026-10-05T11:44:33.624Z'
Number of updated asset objects reloaded before import = 0Number of asset objects unloaded after import = 0

========================================================================
Received Import Request.
  Time since last request: 0.000049 seconds.
  path: Assets/Scripts/Weapons/WeaponData.cs
  artifactKey: Guid(2d9720b74ca933e4da48927938fdb464) Importer(815301076,1909f56bfc062723c751e8b465ee728b)
Start importing Assets/Scripts/Weapons/WeaponData.cs using Guid(2d9720b74ca933e4da48927938fdb464) Importer(815301076,1909f56bfc062723c751e8b465ee728b) (PreviewImporter) -> (artifact id: '00000000000000000000000000000000') in 0.0007743 seconds
Import Error Code:(4)
Message: Build asset version error: assets/scripts/weapons/weapondata.cs in SourceAssetDB has modification time of '2026-10-05T11:43:46.6317961Z' while content on disk has modification time of '2026-10-05T11:44:33.624Z'
  ERROR: Build asset version error: assets/scripts/weapons/weapondata.cs in SourceAssetDB has modification time of '2026-10-05T11:43:46.6317961Z' while content on disk has modification time of '2026-10-05T11:44:33.624Z'
Number of updated asset objects reloaded before import = 0Number of asset objects unloaded after import = 0

========================================================================
Received Import Request.
  Time since last request: 0.000048 seconds.
  path: Assets/Scripts/Weapons/WeaponData.cs
  artifactKey: Guid(2d9720b74ca933e4da48927938fdb464) Importer(815301076,1909f56bfc062723c751e8b465ee728b)
Start importing Assets/Scripts/Weapons/WeaponData.cs using Guid(2d9720b74ca933e4da48927938fdb464) Importer(815301076,1909f56bfc062723c751e8b465ee728b) (PreviewImporter) -> (artifact id: '00000000000000000000000000000000') in 0.0007538 seconds
Import Error Code:(4)
Message: Build asset version error: assets/scripts/weapons/weapondata.cs in SourceAssetDB has modification time of '2026-10-05T11:43:46.6317961Z' while content on disk has modification time of '2026-10-05T11:44:33.624Z'
  ERROR: Build asset version error: assets/scripts/weapons/weapondata.cs in SourceAssetDB has modification time of '2026-10-05T11:43:46.6317961Z' while content on disk has modification time of '2026-10-05T11:44:33.624Z'
Number of updated asset objects reloaded before import = 0Number of asset objects unloaded after import = 0

========================================================================
Received Import Request.
  Time since last request: 0.000028 seconds.
  path: Assets/Scripts/Weapons/WeaponData.cs
  artifactKey: Guid(2d9720b74ca933e4da48927938fdb464) Importer(815301076,1909f56bfc062723c751e8b465ee728b)
Start importing Assets/Scripts/Weapons/WeaponData.cs using Guid(2d9720b74ca933e4da48927938fdb464) Importer(815301076,1909f56bfc062723c751e8b465ee728b) (PreviewImporter) -> (artifact id: '00000000000000000000000000000000') in 0.0008327 seconds
Import Error Code:(4)
Message: Build asset version error: assets/scripts/weapons/weapondata.cs in SourceAssetDB has modification time of '2026-10-05T11:43:46.6317961Z' while content on disk has modification time of '2026-10-05T11:44:33.624Z'
  ERROR: Build asset version error: assets/scripts/weapons/weapondata.cs in SourceAssetDB has modification time of '2026-10-05T11:43:46.6317961Z' while content on disk has modification time of '2026-10-05T11:44:33.624Z'
Number of updated asset objects reloaded before import = 0Number of asset objects unloaded after import = 0

========================================================================
Received Import Request.
  Time since last request: 0.000069 seconds.
  path: Assets/Scripts/Weapons/WeaponData.cs
  artifactKey: Guid(2d9720b74ca933e4da48927938fdb464) Importer(815301076,1909f56bfc062723c751e8b465ee728b)
Start importing Assets/Scripts/Weapons/WeaponData.cs using Guid(2d9720b74ca933e4da48927938fdb464) Importer(815301076,1909f56bfc062723c751e8b465ee728b) (PreviewImporter) -> (artifact id: '00000000000000000000000000000000') in 0.0064349 seconds
Import Error Code:(4)
Message: Build asset version error: assets/scripts/weapons/weapondata.cs in SourceAssetDB has modification time of '2026-10-05T11:43:46.6317961Z' while content on disk has modification time of '2026-10-05T11:44:33.624Z'
  ERROR: Build asset version error: assets/scripts/weapons/weapondata.cs in SourceAssetDB has modification time of '2026-10-05T11:43:46.6317961Z' while content on disk has modification time of '2026-10-05T11:44:33.624Z'
Number of updated asset objects reloaded before import = 0Number of asset objects unloaded after import = 0

========================================================================
Received Import Request.
  Time since last request: 0.000034 seconds.
  path: Assets/Scripts/Weapons/WeaponData.cs
  artifactKey: Guid(2d9720b74ca933e4da48927938fdb464) Importer(815301076,1909f56bfc062723c751e8b465ee728b)
Start importing Assets/Scripts/Weapons/WeaponData.cs using Guid(2d9720b74ca933e4da48927938fdb464) Importer(815301076,1909f56bfc062723c751e8b465ee728b) (PreviewImporter) -> (artifact id: '00000000000000000000000000000000') in 0.000649 seconds
Import Error Code:(4)
Message: Build asset version error: assets/scripts/weapons/weapondata.cs in SourceAssetDB has modification time of '2026-10-05T11:43:46.6317961Z' while content on disk has modification time of '2026-10-05T11:44:33.624Z'
  ERROR: Build asset version error: assets/scripts/weapons/weapondata.cs in SourceAssetDB has modification time of '2026-10-05T11:43:46.6317961Z' while content on disk has modification time of '2026-10-05T11:44:33.624Z'
Number of updated asset objects reloaded before import = 0Number of asset objects unloaded after import = 0

========================================================================
Received Import Request.
  Time since last request: 0.000018 seconds.
  path: Assets/Scripts/Weapons/WeaponData.cs
  artifactKey: Guid(2d9720b74ca933e4da48927938fdb464) Importer(815301076,1909f56bfc062723c751e8b465ee728b)
Start importing Assets/Scripts/Weapons/WeaponData.cs using Guid(2d9720b74ca933e4da48927938fdb464) Importer(815301076,1909f56bfc062723c751e8b465ee728b) (PreviewImporter) -> (artifact id: '00000000000000000000000000000000') in 0.0006637 seconds
Import Error Code:(4)
Message: Build asset version error: assets/scripts/weapons/weapondata.cs in SourceAssetDB has modification time of '2026-10-05T11:43:46.6317961Z' while content on disk has modification time of '2026-10-05T11:44:33.624Z'
  ERROR: Build asset version error: assets/scripts/weapons/weapondata.cs in SourceAssetDB has modification time of '2026-10-05T11:43:46.6317961Z' while content on disk has modification time of '2026-10-05T11:44:33.624Z'
Number of updated asset objects reloaded before import = 0Number of asset objects unloaded after import = 0

========================================================================
Received Import Request.
  Time since last request: 0.000041 seconds.
  path: Assets/Scripts/Weapons/WeaponData.cs
  artifactKey: Guid(2d9720b74ca933e4da48927938fdb464) Importer(815301076,1909f56bfc062723c751e8b465ee728b)
Start importing Assets/Scripts/Weapons/WeaponData.cs using Guid(2d9720b74ca933e4da48927938fdb464) Importer(815301076,1909f56bfc062723c751e8b465ee728b) (PreviewImporter) -> (artifact id: '00000000000000000000000000000000') in 0.0007462 seconds
Import Error Code:(4)
Message: Build asset version error: assets/scripts/weapons/weapondata.cs in SourceAssetDB has modification time of '2026-10-05T11:43:46.6317961Z' while content on disk has modification time of '2026-10-05T11:44:33.624Z'
  ERROR: Build asset version error: assets/scripts/weapons/weapondata.cs in SourceAssetDB has modification time of '2026-10-05T11:43:46.6317961Z' while content on disk has modification time of '2026-10-05T11:44:33.624Z'
Number of updated asset objects reloaded before import = 0Number of asset objects unloaded after import = 0

========================================================================
Received Import Request.
  Time since last request: 0.000041 seconds.
  path: Assets/Scripts/Weapons/WeaponData.cs
  artifactKey: Guid(2d9720b74ca933e4da48927938fdb464) Importer(815301076,1909f56bfc062723c751e8b465ee728b)
Start importing Assets/Scripts/Weapons/WeaponData.cs using Guid(2d9720b74ca933e4da48927938fdb464) Importer(815301076,1909f56bfc062723c751e8b465ee728b) (PreviewImporter) -> (artifact id: '00000000000000000000000000000000') in 0.0005659 seconds
Import Error Code:(4)
Message: Build asset version error: assets/scripts/weapons/weapondata.cs in SourceAssetDB has modification time of '2026-10-05T11:43:46.6317961Z' while content on disk has modification time of '2026-10-05T11:44:33.624Z'
  ERROR: Build asset version error: assets/scripts/weapons/weapondata.cs in SourceAssetDB has modification time of '2026-10-05T11:43:46.6317961Z' while content on disk has modification time of '2026-10-05T11:44:33.624Z'
Number of updated asset objects reloaded before import = 0Number of asset objects unloaded after import = 0

========================================================================
Received Import Request.
  Time since last request: 0.000032 seconds.
  path: Assets/Scripts/Weapons/WeaponData.cs
  artifactKey: Guid(2d9720b74ca933e4da48927938fdb464) Importer(815301076,1909f56bfc062723c751e8b465ee728b)
Start importing Assets/Scripts/Weapons/WeaponData.cs using Guid(2d9720b74ca933e4da48927938fdb464) Importer(815301076,1909f56bfc062723c751e8b465ee728b) (PreviewImporter) -> (artifact id: '00000000000000000000000000000000') in 0.0006144 seconds
Import Error Code:(4)
Message: Build asset version error: assets/scripts/weapons/weapondata.cs in SourceAssetDB has modification time of '2026-10-05T11:43:46.6317961Z' while content on disk has modification time of '2026-10-05T11:44:33.624Z'
  ERROR: Build asset version error: assets/scripts/weapons/weapondata.cs in SourceAssetDB has modification time of '2026-10-05T11:43:46.6317961Z' while content on disk has modification time of '2026-10-05T11:44:33.624Z'
Number of updated asset objects reloaded before import = 0Number of asset objects unloaded after import = 0

========================================================================
Received Import Request.
  Time since last request: 0.000028 seconds.
  path: Assets/Scripts/Weapons/WeaponData.cs
  artifactKey: Guid(2d9720b74ca933e4da48927938fdb464) Importer(815301076,1909f56bfc062723c751e8b465ee728b)
Start importing Assets/Scripts/Weapons/WeaponData.cs using Guid(2d9720b74ca933e4da48927938fdb464) Importer(815301076,1909f56bfc062723c751e8b465ee728b) (PreviewImporter) -> (artifact id: '00000000000000000000000000000000') in 0.000814 seconds
Import Error Code:(4)
Message: Build asset version error: assets/scripts/weapons/weapondata.cs in SourceAssetDB has modification time of '2026-10-05T11:43:46.6317961Z' while content on disk has modification time of '2026-10-05T11:44:33.624Z'
  ERROR: Build asset version error: assets/scripts/weapons/weapondata.cs in SourceAssetDB has modification time of '2026-10-05T11:43:46.6317961Z' while content on disk has modification time of '2026-10-05T11:44:33.624Z'
Number of updated asset objects reloaded before import = 0Number of asset objects unloaded after import = 0

========================================================================
Received Import Request.
  Time since last request: 0.000024 seconds.
  path: Assets/Scripts/Weapons/WeaponData.cs
  artifactKey: Guid(2d9720b74ca933e4da48927938fdb464) Importer(815301076,1909f56bfc062723c751e8b465ee728b)
Start importing Assets/Scripts/Weapons/WeaponData.cs using Guid(2d9720b74ca933e4da48927938fdb464) Importer(815301076,1909f56bfc062723c751e8b465ee728b) (PreviewImporter) -> (artifact id: '00000000000000000000000000000000') in 0.0006503 seconds
Import Error Code:(4)
Message: Build asset version error: assets/scripts/weapons/weapondata.cs in SourceAssetDB has modification time of '2026-10-05T11:43:46.6317961Z' while content on disk has modification time of '2026-10-05T11:44:33.624Z'
  ERROR: Build asset version error: assets/scripts/weapons/weapondata.cs in SourceAssetDB has modification time of '2026-10-05T11:43:46.6317961Z' while content on disk has modification time of '2026-10-05T11:44:33.624Z'
Number of updated asset objects reloaded before import = 0Number of asset objects unloaded after import = 0

========================================================================
Received Import Request.
  Time since last request: 0.000022 seconds.
  path: Assets/Scripts/Weapons/WeaponData.cs
  artifactKey: Guid(2d9720b74ca933e4da48927938fdb464) Importer(815301076,1909f56bfc062723c751e8b465ee728b)
Start importing Assets/Scripts/Weapons/WeaponData.cs using Guid(2d9720b74ca933e4da48927938fdb464) Importer(815301076,1909f56bfc062723c751e8b465ee728b) (PreviewImporter) -> (artifact id: '00000000000000000000000000000000') in 0.0005847 seconds
Import Error Code:(4)
Message: Build asset version error: assets/scripts/weapons/weapondata.cs in SourceAssetDB has modification time of '2026-10-05T11:43:46.6317961Z' while content on disk has modification time of '2026-10-05T11:44:33.624Z'
  ERROR: Build asset version error: assets/scripts/weapons/weapondata.cs in SourceAssetDB has modification time of '2026-10-05T11:43:46.6317961Z' while content on disk has modification time of '2026-10-05T11:44:33.624Z'
Number of updated asset objects reloaded before import = 0Number of asset objects unloaded after import = 0

========================================================================
Received Import Request.
  Time since last request: 0.000026 seconds.
  path: Assets/Scripts/Weapons/WeaponData.cs
  artifactKey: Guid(2d9720b74ca933e4da48927938fdb464) Importer(815301076,1909f56bfc062723c751e8b465ee728b)
Start importing Assets/Scripts/Weapons/WeaponData.cs using Guid(2d9720b74ca933e4da48927938fdb464) Importer(815301076,1909f56bfc062723c751e8b465ee728b) (PreviewImporter) -> (artifact id: '00000000000000000000000000000000') in 0.0009248 seconds
Import Error Code:(4)
Message: Build asset version error: assets/scripts/weapons/weapondata.cs in SourceAssetDB has modification time of '2026-10-05T11:43:46.6317961Z' while content on disk has modification time of '2026-10-05T11:44:33.624Z'
  ERROR: Build asset version error: assets/scripts/weapons/weapondata.cs in SourceAssetDB has modification time of '2026-10-05T11:43:46.6317961Z' while content on disk has modification time of '2026-10-05T11:44:33.624Z'
Number of updated asset objects reloaded before import = 0Number of asset objects unloaded after import = 0

========================================================================
Received Import Request.
  Time since last request: 0.000030 seconds.
  path: Assets/Scripts/Weapons/WeaponData.cs
  artifactKey: Guid(2d9720b74ca933e4da48927938fdb464) Importer(815301076,1909f56bfc062723c751e8b465ee728b)
Start importing Assets/Scripts/Weapons/WeaponData.cs using Guid(2d9720b74ca933e4da48927938fdb464) Importer(815301076,1909f56bfc062723c751e8b465ee728b) (PreviewImporter) -> (artifact id: '00000000000000000000000000000000') in 0.0006303 seconds
Import Error Code:(4)
Message: Build asset version error: assets/scripts/weapons/weapondata.cs in SourceAssetDB has modification time of '2026-10-05T11:43:46.6317961Z' while content on disk has modification time of '2026-10-05T11:44:33.624Z'
  ERROR: Build asset version error: assets/scripts/weapons/weapondata.cs in SourceAssetDB has modification time of '2026-10-05T11:43:46.6317961Z' while content on disk has modification time of '2026-10-05T11:44:33.624Z'
Number of updated asset objects reloaded before import = 0Number of asset objects unloaded after import = 0

========================================================================
Received Import Request.
  Time since last request: 0.000020 seconds.
  path: Assets/Scripts/Weapons/WeaponData.cs
  artifactKey: Guid(2d9720b74ca933e4da48927938fdb464) Importer(815301076,1909f56bfc062723c751e8b465ee728b)
Start importing Assets/Scripts/Weapons/WeaponData.cs using Guid(2d9720b74ca933e4da48927938fdb464) Importer(815301076,1909f56bfc062723c751e8b465ee728b) (PreviewImporter) -> (artifact id: '00000000000000000000000000000000') in 0.0006668 seconds
Import Error Code:(4)
Message: Build asset version error: assets/scripts/weapons/weapondata.cs in SourceAssetDB has modification time of '2026-10-05T11:43:46.6317961Z' while content on disk has modification time of '2026-10-05T11:44:33.624Z'
  ERROR: Build asset version error: assets/scripts/weapons/weapondata.cs in SourceAssetDB has modification time of '2026-10-05T11:43:46.6317961Z' while content on disk has modification time of '2026-10-05T11:44:33.624Z'
Number of updated asset objects reloaded before import = 0Number of asset objects unloaded after import = 0

========================================================================
Received Import Request.
  Time since last request: 0.000021 seconds.
  path: Assets/Scripts/Weapons/WeaponData.cs
  artifactKey: Guid(2d9720b74ca933e4da48927938fdb464) Importer(815301076,1909f56bfc062723c751e8b465ee728b)
Start importing Assets/Scripts/Weapons/WeaponData.cs using Guid(2d9720b74ca933e4da48927938fdb464) Importer(815301076,1909f56bfc062723c751e8b465ee728b) (PreviewImporter) -> (artifact id: '00000000000000000000000000000000') in 0.0007026 seconds
Import Error Code:(4)
Message: Build asset version error: assets/scripts/weapons/weapondata.cs in SourceAssetDB has modification time of '2026-10-05T11:43:46.6317961Z' while content on disk has modification time of '2026-10-05T11:44:33.624Z'
  ERROR: Build asset version error: assets/scripts/weapons/weapondata.cs in SourceAssetDB has modification time of '2026-10-05T11:43:46.6317961Z' while content on disk has modification time of '2026-10-05T11:44:33.624Z'
Number of updated asset objects reloaded before import = 0Number of asset objects unloaded after import = 0

========================================================================
Received Import Request.
  Time since last request: 0.000025 seconds.
  path: Assets/Scripts/Weapons/WeaponData.cs
  artifactKey: Guid(2d9720b74ca933e4da48927938fdb464) Importer(815301076,1909f56bfc062723c751e8b465ee728b)
Start importing Assets/Scripts/Weapons/WeaponData.cs using Guid(2d9720b74ca933e4da48927938fdb464) Importer(815301076,1909f56bfc062723c751e8b465ee728b) (PreviewImporter) -> (artifact id: '00000000000000000000000000000000') in 0.0007332 seconds
Import Error Code:(4)
Message: Build asset version error: assets/scripts/weapons/weapondata.cs in SourceAssetDB has modification time of '2026-10-05T11:43:46.6317961Z' while content on disk has modification time of '2026-10-05T11:44:33.624Z'
  ERROR: Build asset version error: assets/scripts/weapons/weapondata.cs in SourceAssetDB has modification time of '2026-10-05T11:43:46.6317961Z' while content on disk has modification time of '2026-10-05T11:44:33.624Z'
Number of updated asset objects reloaded before import = 0Number of asset objects unloaded after import = 0

========================================================================
Received Import Request.
  Time since last request: 0.000051 seconds.
  path: Assets/Scripts/Weapons/WeaponData.cs
  artifactKey: Guid(2d9720b74ca933e4da48927938fdb464) Importer(815301076,1909f56bfc062723c751e8b465ee728b)
Start importing Assets/Scripts/Weapons/WeaponData.cs using Guid(2d9720b74ca933e4da48927938fdb464) Importer(815301076,1909f56bfc062723c751e8b465ee728b) (PreviewImporter) -> (artifact id: '00000000000000000000000000000000') in 0.000625 seconds
Import Error Code:(4)
Message: Build asset version error: assets/scripts/weapons/weapondata.cs in SourceAssetDB has modification time of '2026-10-05T11:43:46.6317961Z' while content on disk has modification time of '2026-10-05T11:44:33.624Z'
  ERROR: Build asset version error: assets/scripts/weapons/weapondata.cs in SourceAssetDB has modification time of '2026-10-05T11:43:46.6317961Z' while content on disk has modification time of '2026-10-05T11:44:33.624Z'
Number of updated asset objects reloaded before import = 0Number of asset objects unloaded after import = 0

========================================================================
Received Import Request.
  Time since last request: 0.000029 seconds.
  path: Assets/Scripts/Weapons/WeaponData.cs
  artifactKey: Guid(2d9720b74ca933e4da48927938fdb464) Importer(815301076,1909f56bfc062723c751e8b465ee728b)
Start importing Assets/Scripts/Weapons/WeaponData.cs using Guid(2d9720b74ca933e4da48927938fdb464) Importer(815301076,1909f56bfc062723c751e8b465ee728b) (PreviewImporter) -> (artifact id: '00000000000000000000000000000000') in 0.0009132 seconds
Import Error Code:(4)
Message: Build asset version error: assets/scripts/weapons/weapondata.cs in SourceAssetDB has modification time of '2026-10-05T11:43:46.6317961Z' while content on disk has modification time of '2026-10-05T11:44:33.624Z'
  ERROR: Build asset version error: assets/scripts/weapons/weapondata.cs in SourceAssetDB has modification time of '2026-10-05T11:43:46.6317961Z' while content on disk has modification time of '2026-10-05T11:44:33.624Z'
Number of updated asset objects reloaded before import = 0Number of asset objects unloaded after import = 0

========================================================================
Received Import Request.
  Time since last request: 0.000057 seconds.
  path: Assets/Scripts/Weapons/WeaponData.cs
  artifactKey: Guid(2d9720b74ca933e4da48927938fdb464) Importer(815301076,1909f56bfc062723c751e8b465ee728b)
Start importing Assets/Scripts/Weapons/WeaponData.cs using Guid(2d9720b74ca933e4da48927938fdb464) Importer(815301076,1909f56bfc062723c751e8b465ee728b) (PreviewImporter) -> (artifact id: '00000000000000000000000000000000') in 0.0008897 seconds
Import Error Code:(4)
Message: Build asset version error: assets/scripts/weapons/weapondata.cs in SourceAssetDB has modification time of '2026-10-05T11:43:46.6317961Z' while content on disk has modification time of '2026-10-05T11:44:33.624Z'
  ERROR: Build asset version error: assets/scripts/weapons/weapondata.cs in SourceAssetDB has modification time of '2026-10-05T11:43:46.6317961Z' while content on disk has modification time of '2026-10-05T11:44:33.624Z'
Number of updated asset objects reloaded before import = 0Number of asset objects unloaded after import = 0

========================================================================
Received Import Request.
  Time since last request: 0.000086 seconds.
  path: Assets/Scripts/Weapons/WeaponData.cs
  artifactKey: Guid(2d9720b74ca933e4da48927938fdb464) Importer(815301076,1909f56bfc062723c751e8b465ee728b)
Start importing Assets/Scripts/Weapons/WeaponData.cs using Guid(2d9720b74ca933e4da48927938fdb464) Importer(815301076,1909f56bfc062723c751e8b465ee728b) (PreviewImporter) -> (artifact id: '00000000000000000000000000000000') in 0.0010322 seconds
Import Error Code:(4)
Message: Build asset version error: assets/scripts/weapons/weapondata.cs in SourceAssetDB has modification time of '2026-10-05T11:43:46.6317961Z' while content on disk has modification time of '2026-10-05T11:44:33.624Z'
  ERROR: Build asset version error: assets/scripts/weapons/weapondata.cs in SourceAssetDB has modification time of '2026-10-05T11:43:46.6317961Z' while content on disk has modification time of '2026-10-05T11:44:33.624Z'
Number of updated asset objects reloaded before import = 0Number of asset objects unloaded after import = 0

========================================================================
Received Import Request.
  Time since last request: 0.000047 seconds.
  path: Assets/Scripts/Weapons/WeaponData.cs
  artifactKey: Guid(2d9720b74ca933e4da48927938fdb464) Importer(815301076,1909f56bfc062723c751e8b465ee728b)
Start importing Assets/Scripts/Weapons/WeaponData.cs using Guid(2d9720b74ca933e4da48927938fdb464) Importer(815301076,1909f56bfc062723c751e8b465ee728b) (PreviewImporter) -> (artifact id: '00000000000000000000000000000000') in 0.0009829 seconds
Import Error Code:(4)
Message: Build asset version error: assets/scripts/weapons/weapondata.cs in SourceAssetDB has modification time of '2026-10-05T11:43:46.6317961Z' while content on disk has modification time of '2026-10-05T11:44:33.624Z'
  ERROR: Build asset version error: assets/scripts/weapons/weapondata.cs in SourceAssetDB has modification time of '2026-10-05T11:43:46.6317961Z' while content on disk has modification time of '2026-10-05T11:44:33.624Z'
Number of updated asset objects reloaded before import = 0Number of asset objects unloaded after import = 0

========================================================================
Received Import Request.
  Time since last request: 0.000090 seconds.
  path: Assets/Scripts/Weapons/WeaponData.cs
  artifactKey: Guid(2d9720b74ca933e4da48927938fdb464) Importer(815301076,1909f56bfc062723c751e8b465ee728b)
Start importing Assets/Scripts/Weapons/WeaponData.cs using Guid(2d9720b74ca933e4da48927938fdb464) Importer(815301076,1909f56bfc062723c751e8b465ee728b) (PreviewImporter) -> (artifact id: '00000000000000000000000000000000') in 0.0011437 seconds
Import Error Code:(4)
Message: Build asset version error: assets/scripts/weapons/weapondata.cs in SourceAssetDB has modification time of '2026-10-05T11:43:46.6317961Z' while content on disk has modification time of '2026-10-05T11:44:33.624Z'
  ERROR: Build asset version error: assets/scripts/weapons/weapondata.cs in SourceAssetDB has modification time of '2026-10-05T11:43:46.6317961Z' while content on disk has modification time of '2026-10-05T11:44:33.624Z'
Number of updated asset objects reloaded before import = 0Number of asset objects unloaded after import = 0

========================================================================
Received Import Request.
  Time since last request: 0.000019 seconds.
  path: Assets/Scripts/Weapons/WeaponData.cs
  artifactKey: Guid(2d9720b74ca933e4da48927938fdb464) Importer(815301076,1909f56bfc062723c751e8b465ee728b)
Start importing Assets/Scripts/Weapons/WeaponData.cs using Guid(2d9720b74ca933e4da48927938fdb464) Importer(815301076,1909f56bfc062723c751e8b465ee728b) (PreviewImporter) -> (artifact id: '00000000000000000000000000000000') in 0.0027628 seconds
Import Error Code:(4)
Message: Build asset version error: assets/scripts/weapons/weapondata.cs in SourceAssetDB has modification time of '2026-10-05T11:43:46.6317961Z' while content on disk has modification time of '2026-10-05T11:44:33.624Z'
  ERROR: Build asset version error: assets/scripts/weapons/weapondata.cs in SourceAssetDB has modification time of '2026-10-05T11:43:46.6317961Z' while content on disk has modification time of '2026-10-05T11:44:33.624Z'
Number of updated asset objects reloaded before import = 0Number of asset objects unloaded after import = 0

========================================================================
Received Import Request.
  Time since last request: 0.000024 seconds.
  path: Assets/Scripts/Weapons/WeaponData.cs
  artifactKey: Guid(2d9720b74ca933e4da48927938fdb464) Importer(815301076,1909f56bfc062723c751e8b465ee728b)
Start importing Assets/Scripts/Weapons/WeaponData.cs using Guid(2d9720b74ca933e4da48927938fdb464) Importer(815301076,1909f56bfc062723c751e8b465ee728b) (PreviewImporter) -> (artifact id: '00000000000000000000000000000000') in 0.0006124 seconds
Import Error Code:(4)
Message: Build asset version error: assets/scripts/weapons/weapondata.cs in SourceAssetDB has modification time of '2026-10-05T11:43:46.6317961Z' while content on disk has modification time of '2026-10-05T11:44:33.624Z'
  ERROR: Build asset version error: assets/scripts/weapons/weapondata.cs in SourceAssetDB has modification time of '2026-10-05T11:43:46.6317961Z' while content on disk has modification time of '2026-10-05T11:44:33.624Z'
Number of updated asset objects reloaded before import = 0Number of asset objects unloaded after import = 0

========================================================================
Received Import Request.
  Time since last request: 0.000063 seconds.
  path: Assets/Scripts/Weapons/WeaponData.cs
  artifactKey: Guid(2d9720b74ca933e4da48927938fdb464) Importer(815301076,1909f56bfc062723c751e8b465ee728b)
Start importing Assets/Scripts/Weapons/WeaponData.cs using Guid(2d9720b74ca933e4da48927938fdb464) Importer(815301076,1909f56bfc062723c751e8b465ee728b) (PreviewImporter) -> (artifact id: '00000000000000000000000000000000') in 0.0012597 seconds
Import Error Code:(4)
Message: Build asset version error: assets/scripts/weapons/weapondata.cs in SourceAssetDB has modification time of '2026-10-05T11:43:46.6317961Z' while content on disk has modification time of '2026-10-05T11:44:33.624Z'
  ERROR: Build asset version error: assets/scripts/weapons/weapondata.cs in SourceAssetDB has modification time of '2026-10-05T11:43:46.6317961Z' while content on disk has modification time of '2026-10-05T11:44:33.624Z'
Number of updated asset objects reloaded before import = 0Number of asset objects unloaded after import = 0

========================================================================
Received Import Request.
  Time since last request: 0.000020 seconds.
  path: Assets/Scripts/Weapons/WeaponData.cs
  artifactKey: Guid(2d9720b74ca933e4da48927938fdb464) Importer(815301076,1909f56bfc062723c751e8b465ee728b)
Start importing Assets/Scripts/Weapons/WeaponData.cs using Guid(2d9720b74ca933e4da48927938fdb464) Importer(815301076,1909f56bfc062723c751e8b465ee728b) (PreviewImporter) -> (artifact id: '00000000000000000000000000000000') in 0.0011317 seconds
Import Error Code:(4)
Message: Build asset version error: assets/scripts/weapons/weapondata.cs in SourceAssetDB has modification time of '2026-10-05T11:43:46.6317961Z' while content on disk has modification time of '2026-10-05T11:44:33.624Z'
  ERROR: Build asset version error: assets/scripts/weapons/weapondata.cs in SourceAssetDB has modification time of '2026-10-05T11:43:46.6317961Z' while content on disk has modification time of '2026-10-05T11:44:33.624Z'
Number of updated asset objects reloaded before import = 0Number of asset objects unloaded after import = 0

========================================================================
Received Import Request.
  Time since last request: 0.000021 seconds.
  path: Assets/Scripts/Weapons/WeaponData.cs
  artifactKey: Guid(2d9720b74ca933e4da48927938fdb464) Importer(815301076,1909f56bfc062723c751e8b465ee728b)
Start importing Assets/Scripts/Weapons/WeaponData.cs using Guid(2d9720b74ca933e4da48927938fdb464) Importer(815301076,1909f56bfc062723c751e8b465ee728b) (PreviewImporter) -> (artifact id: '00000000000000000000000000000000') in 0.0008654 seconds
Import Error Code:(4)
Message: Build asset version error: assets/scripts/weapons/weapondata.cs in SourceAssetDB has modification time of '2026-10-05T11:43:46.6317961Z' while content on disk has modification time of '2026-10-05T11:44:33.624Z'
  ERROR: Build asset version error: assets/scripts/weapons/weapondata.cs in SourceAssetDB has modification time of '2026-10-05T11:43:46.6317961Z' while content on disk has modification time of '2026-10-05T11:44:33.624Z'
Number of updated asset objects reloaded before import = 0Number of asset objects unloaded after import = 0

========================================================================
Received Import Request.
  Time since last request: 0.000020 seconds.
  path: Assets/Scripts/Weapons/WeaponData.cs
  artifactKey: Guid(2d9720b74ca933e4da48927938fdb464) Importer(815301076,1909f56bfc062723c751e8b465ee728b)
Start importing Assets/Scripts/Weapons/WeaponData.cs using Guid(2d9720b74ca933e4da48927938fdb464) Importer(815301076,1909f56bfc062723c751e8b465ee728b) (PreviewImporter) -> (artifact id: '00000000000000000000000000000000') in 0.0026009 seconds
Import Error Code:(4)
Message: Build asset version error: assets/scripts/weapons/weapondata.cs in SourceAssetDB has modification time of '2026-10-05T11:43:46.6317961Z' while content on disk has modification time of '2026-10-05T11:44:33.624Z'
  ERROR: Build asset version error: assets/scripts/weapons/weapondata.cs in SourceAssetDB has modification time of '2026-10-05T11:43:46.6317961Z' while content on disk has modification time of '2026-10-05T11:44:33.624Z'
Number of updated asset objects reloaded before import = 0Number of asset objects unloaded after import = 0

========================================================================
Received Import Request.
  Time since last request: 0.000034 seconds.
  path: Assets/Scripts/Weapons/WeaponData.cs
  artifactKey: Guid(2d9720b74ca933e4da48927938fdb464) Importer(815301076,1909f56bfc062723c751e8b465ee728b)
Start importing Assets/Scripts/Weapons/WeaponData.cs using Guid(2d9720b74ca933e4da48927938fdb464) Importer(815301076,1909f56bfc062723c751e8b465ee728b) (PreviewImporter) -> (artifact id: '00000000000000000000000000000000') in 0.0009929 seconds
Import Error Code:(4)
Message: Build asset version error: assets/scripts/weapons/weapondata.cs in SourceAssetDB has modification time of '2026-10-05T11:43:46.6317961Z' while content on disk has modification time of '2026-10-05T11:44:33.624Z'
  ERROR: Build asset version error: assets/scripts/weapons/weapondata.cs in SourceAssetDB has modification time of '2026-10-05T11:43:46.6317961Z' while content on disk has modification time of '2026-10-05T11:44:33.624Z'
Number of updated asset objects reloaded before import = 0Number of asset objects unloaded after import = 0

========================================================================
Received Import Request.
  Time since last request: 0.000024 seconds.
  path: Assets/Scripts/Weapons/WeaponData.cs
  artifactKey: Guid(2d9720b74ca933e4da48927938fdb464) Importer(815301076,1909f56bfc062723c751e8b465ee728b)
Start importing Assets/Scripts/Weapons/WeaponData.cs using Guid(2d9720b74ca933e4da48927938fdb464) Importer(815301076,1909f56bfc062723c751e8b465ee728b) (PreviewImporter) -> (artifact id: '00000000000000000000000000000000') in 0.0007107 seconds
Import Error Code:(4)
Message: Build asset version error: assets/scripts/weapons/weapondata.cs in SourceAssetDB has modification time of '2026-10-05T11:43:46.6317961Z' while content on disk has modification time of '2026-10-05T11:44:33.624Z'
  ERROR: Build asset version error: assets/scripts/weapons/weapondata.cs in SourceAssetDB has modification time of '2026-10-05T11:43:46.6317961Z' while content on disk has modification time of '2026-10-05T11:44:33.624Z'
Number of updated asset objects reloaded before import = 0Number of asset objects unloaded after import = 0

========================================================================
Received Import Request.
  Time since last request: 0.000069 seconds.
  path: Assets/Scripts/Weapons/WeaponData.cs
  artifactKey: Guid(2d9720b74ca933e4da48927938fdb464) Importer(815301076,1909f56bfc062723c751e8b465ee728b)
Start importing Assets/Scripts/Weapons/WeaponData.cs using Guid(2d9720b74ca933e4da48927938fdb464) Importer(815301076,1909f56bfc062723c751e8b465ee728b) (PreviewImporter) -> (artifact id: '00000000000000000000000000000000') in 0.0150628 seconds
Import Error Code:(4)
Message: Build asset version error: assets/scripts/weapons/weapondata.cs in SourceAssetDB has modification time of '2026-10-05T11:43:46.6317961Z' while content on disk has modification time of '2026-10-05T11:44:33.624Z'
  ERROR: Build asset version error: assets/scripts/weapons/weapondata.cs in SourceAssetDB has modification time of '2026-10-05T11:43:46.6317961Z' while content on disk has modification time of '2026-10-05T11:44:33.624Z'
Number of updated asset objects reloaded before import = 0Number of asset objects unloaded after import = 0

========================================================================
Received Import Request.
  Time since last request: 0.000029 seconds.
  path: Assets/Scripts/Weapons/WeaponData.cs
  artifactKey: Guid(2d9720b74ca933e4da48927938fdb464) Importer(815301076,1909f56bfc062723c751e8b465ee728b)
Start importing Assets/Scripts/Weapons/WeaponData.cs using Guid(2d9720b74ca933e4da48927938fdb464) Importer(815301076,1909f56bfc062723c751e8b465ee728b) (PreviewImporter) -> (artifact id: '00000000000000000000000000000000') in 0.0029462 seconds
Import Error Code:(4)
Message: Build asset version error: assets/scripts/weapons/weapondata.cs in SourceAssetDB has modification time of '2026-10-05T11:43:46.6317961Z' while content on disk has modification time of '2026-10-05T11:44:33.624Z'
  ERROR: Build asset version error: assets/scripts/weapons/weapondata.cs in SourceAssetDB has modification time of '2026-10-05T11:43:46.6317961Z' while content on disk has modification time of '2026-10-05T11:44:33.624Z'
Number of updated asset objects reloaded before import = 0Number of asset objects unloaded after import = 0

========================================================================
Received Import Request.
  Time since last request: 0.000017 seconds.
  path: Assets/Scripts/Weapons/WeaponData.cs
  artifactKey: Guid(2d9720b74ca933e4da48927938fdb464) Importer(815301076,1909f56bfc062723c751e8b465ee728b)
Start importing Assets/Scripts/Weapons/WeaponData.cs using Guid(2d9720b74ca933e4da48927938fdb464) Importer(815301076,1909f56bfc062723c751e8b465ee728b) (PreviewImporter) -> (artifact id: '00000000000000000000000000000000') in 0.0006354 seconds
Import Error Code:(4)
Message: Build asset version error: assets/scripts/weapons/weapondata.cs in SourceAssetDB has modification time of '2026-10-05T11:43:46.6317961Z' while content on disk has modification time of '2026-10-05T11:44:33.624Z'
  ERROR: Build asset version error: assets/scripts/weapons/weapondata.cs in SourceAssetDB has modification time of '2026-10-05T11:43:46.6317961Z' while content on disk has modification time of '2026-10-05T11:44:33.624Z'
Number of updated asset objects reloaded before import = 0Number of asset objects unloaded after import = 0

========================================================================
Received Import Request.
  Time since last request: 0.000034 seconds.
  path: Assets/Scripts/Weapons/WeaponData.cs
  artifactKey: Guid(2d9720b74ca933e4da48927938fdb464) Importer(815301076,1909f56bfc062723c751e8b465ee728b)
Start importing Assets/Scripts/Weapons/WeaponData.cs using Guid(2d9720b74ca933e4da48927938fdb464) Importer(815301076,1909f56bfc062723c751e8b465ee728b) (PreviewImporter) -> (artifact id: '00000000000000000000000000000000') in 0.0006183 seconds
Import Error Code:(4)
Message: Build asset version error: assets/scripts/weapons/weapondata.cs in SourceAssetDB has modification time of '2026-10-05T11:43:46.6317961Z' while content on disk has modification time of '2026-10-05T11:44:33.624Z'
  ERROR: Build asset version error: assets/scripts/weapons/weapondata.cs in SourceAssetDB has modification time of '2026-10-05T11:43:46.6317961Z' while content on disk has modification time of '2026-10-05T11:44:33.624Z'
Number of updated asset objects reloaded before import = 0Number of asset objects unloaded after import = 0

========================================================================
Received Import Request.
  Time since last request: 0.000035 seconds.
  path: Assets/Scripts/Weapons/WeaponData.cs
  artifactKey: Guid(2d9720b74ca933e4da48927938fdb464) Importer(815301076,1909f56bfc062723c751e8b465ee728b)
Start importing Assets/Scripts/Weapons/WeaponData.cs using Guid(2d9720b74ca933e4da48927938fdb464) Importer(815301076,1909f56bfc062723c751e8b465ee728b) (PreviewImporter) -> (artifact id: '00000000000000000000000000000000') in 0.0006631 seconds
Import Error Code:(4)
Message: Build asset version error: assets/scripts/weapons/weapondata.cs in SourceAssetDB has modification time of '2026-10-05T11:43:46.6317961Z' while content on disk has modification time of '2026-10-05T11:44:33.624Z'
  ERROR: Build asset version error: assets/scripts/weapons/weapondata.cs in SourceAssetDB has modification time of '2026-10-05T11:43:46.6317961Z' while content on disk has modification time of '2026-10-05T11:44:33.624Z'
Number of updated asset objects reloaded before import = 0Number of asset objects unloaded after import = 0

========================================================================
Received Import Request.
  Time since last request: 0.000028 seconds.
  path: Assets/Scripts/Weapons/WeaponData.cs
  artifactKey: Guid(2d9720b74ca933e4da48927938fdb464) Importer(815301076,1909f56bfc062723c751e8b465ee728b)
Start importing Assets/Scripts/Weapons/WeaponData.cs using Guid(2d9720b74ca933e4da48927938fdb464) Importer(815301076,1909f56bfc062723c751e8b465ee728b) (PreviewImporter) -> (artifact id: '00000000000000000000000000000000') in 0.001528 seconds
Import Error Code:(4)
Message: Build asset version error: assets/scripts/weapons/weapondata.cs in SourceAssetDB has modification time of '2026-10-05T11:43:46.6317961Z' while content on disk has modification time of '2026-10-05T11:44:33.624Z'
  ERROR: Build asset version error: assets/scripts/weapons/weapondata.cs in SourceAssetDB has modification time of '2026-10-05T11:43:46.6317961Z' while content on disk has modification time of '2026-10-05T11:44:33.624Z'
Number of updated asset objects reloaded before import = 0Number of asset objects unloaded after import = 0

========================================================================
Received Import Request.
  Time since last request: 0.000019 seconds.
  path: Assets/Scripts/Weapons/WeaponData.cs
  artifactKey: Guid(2d9720b74ca933e4da48927938fdb464) Importer(815301076,1909f56bfc062723c751e8b465ee728b)
Start importing Assets/Scripts/Weapons/WeaponData.cs using Guid(2d9720b74ca933e4da48927938fdb464) Importer(815301076,1909f56bfc062723c751e8b465ee728b) (PreviewImporter) -> (artifact id: '00000000000000000000000000000000') in 0.0006934 seconds
Import Error Code:(4)
Message: Build asset version error: assets/scripts/weapons/weapondata.cs in SourceAssetDB has modification time of '2026-10-05T11:43:46.6317961Z' while content on disk has modification time of '2026-10-05T11:44:33.624Z'
  ERROR: Build asset version error: assets/scripts/weapons/weapondata.cs in SourceAssetDB has modification time of '2026-10-05T11:43:46.6317961Z' while content on disk has modification time of '2026-10-05T11:44:33.624Z'
Number of updated asset objects reloaded before import = 0Number of asset objects unloaded after import = 0

========================================================================
Received Import Request.
  Time since last request: 0.000023 seconds.
  path: Assets/Scripts/Weapons/WeaponData.cs
  artifactKey: Guid(2d9720b74ca933e4da48927938fdb464) Importer(815301076,1909f56bfc062723c751e8b465ee728b)
Start importing Assets/Scripts/Weapons/WeaponData.cs using Guid(2d9720b74ca933e4da48927938fdb464) Importer(815301076,1909f56bfc062723c751e8b465ee728b) (PreviewImporter) -> (artifact id: '00000000000000000000000000000000') in 0.0007959 seconds
Import Error Code:(4)
Message: Build asset version error: assets/scripts/weapons/weapondata.cs in SourceAssetDB has modification time of '2026-10-05T11:43:46.6317961Z' while content on disk has modification time of '2026-10-05T11:44:33.624Z'
  ERROR: Build asset version error: assets/scripts/weapons/weapondata.cs in SourceAssetDB has modification time of '2026-10-05T11:43:46.6317961Z' while content on disk has modification time of '2026-10-05T11:44:33.624Z'
Number of updated asset objects reloaded before import = 0Number of asset objects unloaded after import = 0

========================================================================
Received Import Request.
  Time since last request: 0.000035 seconds.
  path: Assets/Scripts/Weapons/WeaponData.cs
  artifactKey: Guid(2d9720b74ca933e4da48927938fdb464) Importer(815301076,1909f56bfc062723c751e8b465ee728b)
Start importing Assets/Scripts/Weapons/WeaponData.cs using Guid(2d9720b74ca933e4da48927938fdb464) Importer(815301076,1909f56bfc062723c751e8b465ee728b) (PreviewImporter) -> (artifact id: '00000000000000000000000000000000') in 0.0006794 seconds
Import Error Code:(4)
Message: Build asset version error: assets/scripts/weapons/weapondata.cs in SourceAssetDB has modification time of '2026-10-05T11:43:46.6317961Z' while content on disk has modification time of '2026-10-05T11:44:33.624Z'
  ERROR: Build asset version error: assets/scripts/weapons/weapondata.cs in SourceAssetDB has modification time of '2026-10-05T11:43:46.6317961Z' while content on disk has modification time of '2026-10-05T11:44:33.624Z'
Number of updated asset objects reloaded before import = 0Number of asset objects unloaded after import = 0

========================================================================
Received Import Request.
  Time since last request: 0.000019 seconds.
  path: Assets/Scripts/Weapons/WeaponData.cs
  artifactKey: Guid(2d9720b74ca933e4da48927938fdb464) Importer(815301076,1909f56bfc062723c751e8b465ee728b)
Start importing Assets/Scripts/Weapons/WeaponData.cs using Guid(2d9720b74ca933e4da48927938fdb464) Importer(815301076,1909f56bfc062723c751e8b465ee728b) (PreviewImporter) -> (artifact id: '00000000000000000000000000000000') in 0.0021214 seconds
Import Error Code:(4)
Message: Build asset version error: assets/scripts/weapons/weapondata.cs in SourceAssetDB has modification time of '2026-10-05T11:43:46.6317961Z' while content on disk has modification time of '2026-10-05T11:44:33.624Z'
  ERROR: Build asset version error: assets/scripts/weapons/weapondata.cs in SourceAssetDB has modification time of '2026-10-05T11:43:46.6317961Z' while content on disk has modification time of '2026-10-05T11:44:33.624Z'
Number of updated asset objects reloaded before import = 0Number of asset objects unloaded after import = 0

========================================================================
Received Import Request.
  Time since last request: 0.000018 seconds.
  path: Assets/Scripts/Weapons/WeaponData.cs
  artifactKey: Guid(2d9720b74ca933e4da48927938fdb464) Importer(815301076,1909f56bfc062723c751e8b465ee728b)
Start importing Assets/Scripts/Weapons/WeaponData.cs using Guid(2d9720b74ca933e4da48927938fdb464) Importer(815301076,1909f56bfc062723c751e8b465ee728b) (PreviewImporter) -> (artifact id: '00000000000000000000000000000000') in 0.0007753 seconds
Import Error Code:(4)
Message: Build asset version error: assets/scripts/weapons/weapondata.cs in SourceAssetDB has modification time of '2026-10-05T11:43:46.6317961Z' while content on disk has modification time of '2026-10-05T11:44:33.624Z'
  ERROR: Build asset version error: assets/scripts/weapons/weapondata.cs in SourceAssetDB has modification time of '2026-10-05T11:43:46.6317961Z' while content on disk has modification time of '2026-10-05T11:44:33.624Z'
Number of updated asset objects reloaded before import = 0Number of asset objects unloaded after import = 0

========================================================================
Received Import Request.
  Time since last request: 0.000025 seconds.
  path: Assets/Scripts/Weapons/WeaponData.cs
  artifactKey: Guid(2d9720b74ca933e4da48927938fdb464) Importer(815301076,1909f56bfc062723c751e8b465ee728b)
Start importing Assets/Scripts/Weapons/WeaponData.cs using Guid(2d9720b74ca933e4da48927938fdb464) Importer(815301076,1909f56bfc062723c751e8b465ee728b) (PreviewImporter) -> (artifact id: '00000000000000000000000000000000') in 0.0012204 seconds
Import Error Code:(4)
Message: Build asset version error: assets/scripts/weapons/weapondata.cs in SourceAssetDB has modification time of '2026-10-05T11:43:46.6317961Z' while content on disk has modification time of '2026-10-05T11:44:33.624Z'
  ERROR: Build asset version error: assets/scripts/weapons/weapondata.cs in SourceAssetDB has modification time of '2026-10-05T11:43:46.6317961Z' while content on disk has modification time of '2026-10-05T11:44:33.624Z'
Number of updated asset objects reloaded before import = 0Number of asset objects unloaded after import = 0

========================================================================
Received Import Request.
  Time since last request: 0.000048 seconds.
  path: Assets/Scripts/Weapons/WeaponData.cs
  artifactKey: Guid(2d9720b74ca933e4da48927938fdb464) Importer(815301076,1909f56bfc062723c751e8b465ee728b)
Start importing Assets/Scripts/Weapons/WeaponData.cs using Guid(2d9720b74ca933e4da48927938fdb464) Importer(815301076,1909f56bfc062723c751e8b465ee728b) (PreviewImporter) -> (artifact id: '00000000000000000000000000000000') in 0.000726 seconds
Import Error Code:(4)
Message: Build asset version error: assets/scripts/weapons/weapondata.cs in SourceAssetDB has modification time of '2026-10-05T11:43:46.6317961Z' while content on disk has modification time of '2026-10-05T11:44:33.624Z'
  ERROR: Build asset version error: assets/scripts/weapons/weapondata.cs in SourceAssetDB has modification time of '2026-10-05T11:43:46.6317961Z' while content on disk has modification time of '2026-10-05T11:44:33.624Z'
Number of updated asset objects reloaded before import = 0Number of asset objects unloaded after import = 0

========================================================================
Received Import Request.
  Time since last request: 0.000020 seconds.
  path: Assets/Scripts/Weapons/WeaponData.cs
  artifactKey: Guid(2d9720b74ca933e4da48927938fdb464) Importer(815301076,1909f56bfc062723c751e8b465ee728b)
Start importing Assets/Scripts/Weapons/WeaponData.cs using Guid(2d9720b74ca933e4da48927938fdb464) Importer(815301076,1909f56bfc062723c751e8b465ee728b) (PreviewImporter) -> (artifact id: '00000000000000000000000000000000') in 0.0006259 seconds
Import Error Code:(4)
Message: Build asset version error: assets/scripts/weapons/weapondata.cs in SourceAssetDB has modification time of '2026-10-05T11:43:46.6317961Z' while content on disk has modification time of '2026-10-05T11:44:33.624Z'
  ERROR: Build asset version error: assets/scripts/weapons/weapondata.cs in SourceAssetDB has modification time of '2026-10-05T11:43:46.6317961Z' while content on disk has modification time of '2026-10-05T11:44:33.624Z'
Number of updated asset objects reloaded before import = 0Number of asset objects unloaded after import = 0

========================================================================
Received Import Request.
  Time since last request: 0.000060 seconds.
  path: Assets/Scripts/Weapons/WeaponData.cs
  artifactKey: Guid(2d9720b74ca933e4da48927938fdb464) Importer(815301076,1909f56bfc062723c751e8b465ee728b)
Start importing Assets/Scripts/Weapons/WeaponData.cs using Guid(2d9720b74ca933e4da48927938fdb464) Importer(815301076,1909f56bfc062723c751e8b465ee728b) (PreviewImporter) -> (artifact id: '00000000000000000000000000000000') in 0.0005992 seconds
Import Error Code:(4)
Message: Build asset version error: assets/scripts/weapons/weapondata.cs in SourceAssetDB has modification time of '2026-10-05T11:43:46.6317961Z' while content on disk has modification time of '2026-10-05T11:44:33.624Z'
  ERROR: Build asset version error: assets/scripts/weapons/weapondata.cs in SourceAssetDB has modification time of '2026-10-05T11:43:46.6317961Z' while content on disk has modification time of '2026-10-05T11:44:33.624Z'
Number of updated asset objects reloaded before import = 0Number of asset objects unloaded after import = 0

========================================================================
Received Import Request.
  Time since last request: 0.000029 seconds.
  path: Assets/Scripts/Weapons/WeaponData.cs
  artifactKey: Guid(2d9720b74ca933e4da48927938fdb464) Importer(815301076,1909f56bfc062723c751e8b465ee728b)
Start importing Assets/Scripts/Weapons/WeaponData.cs using Guid(2d9720b74ca933e4da48927938fdb464) Importer(815301076,1909f56bfc062723c751e8b465ee728b) (PreviewImporter) -> (artifact id: '00000000000000000000000000000000') in 0.0006781 seconds
Import Error Code:(4)
Message: Build asset version error: assets/scripts/weapons/weapondata.cs in SourceAssetDB has modification time of '2026-10-05T11:43:46.6317961Z' while content on disk has modification time of '2026-10-05T11:44:33.624Z'
  ERROR: Build asset version error: assets/scripts/weapons/weapondata.cs in SourceAssetDB has modification time of '2026-10-05T11:43:46.6317961Z' while content on disk has modification time of '2026-10-05T11:44:33.624Z'
Number of updated asset objects reloaded before import = 0Number of asset objects unloaded after import = 0

========================================================================
Received Import Request.
  Time since last request: 0.000030 seconds.
  path: Assets/Scripts/Weapons/WeaponData.cs
  artifactKey: Guid(2d9720b74ca933e4da48927938fdb464) Importer(815301076,1909f56bfc062723c751e8b465ee728b)
Start importing Assets/Scripts/Weapons/WeaponData.cs using Guid(2d9720b74ca933e4da48927938fdb464) Importer(815301076,1909f56bfc062723c751e8b465ee728b) (PreviewImporter) -> (artifact id: '00000000000000000000000000000000') in 0.0008063 seconds
Import Error Code:(4)
Message: Build asset version error: assets/scripts/weapons/weapondata.cs in SourceAssetDB has modification time of '2026-10-05T11:43:46.6317961Z' while content on disk has modification time of '2026-10-05T11:44:33.624Z'
  ERROR: Build asset version error: assets/scripts/weapons/weapondata.cs in SourceAssetDB has modification time of '2026-10-05T11:43:46.6317961Z' while content on disk has modification time of '2026-10-05T11:44:33.624Z'
Number of updated asset objects reloaded before import = 0Number of asset objects unloaded after import = 0

========================================================================
Received Import Request.
  Time since last request: 0.000024 seconds.
  path: Assets/Scripts/Weapons/WeaponData.cs
  artifactKey: Guid(2d9720b74ca933e4da48927938fdb464) Importer(815301076,1909f56bfc062723c751e8b465ee728b)
Start importing Assets/Scripts/Weapons/WeaponData.cs using Guid(2d9720b74ca933e4da48927938fdb464) Importer(815301076,1909f56bfc062723c751e8b465ee728b) (PreviewImporter) -> (artifact id: '00000000000000000000000000000000') in 0.0018173 seconds
Import Error Code:(4)
Message: Build asset version error: assets/scripts/weapons/weapondata.cs in SourceAssetDB has modification time of '2026-10-05T11:43:46.6317961Z' while content on disk has modification time of '2026-10-05T11:44:33.624Z'
  ERROR: Build asset version error: assets/scripts/weapons/weapondata.cs in SourceAssetDB has modification time of '2026-10-05T11:43:46.6317961Z' while content on disk has modification time of '2026-10-05T11:44:33.624Z'
Number of updated asset objects reloaded before import = 0Number of asset objects unloaded after import = 0

========================================================================
Received Import Request.
  Time since last request: 0.000045 seconds.
  path: Assets/Scripts/Weapons/WeaponData.cs
  artifactKey: Guid(2d9720b74ca933e4da48927938fdb464) Importer(815301076,1909f56bfc062723c751e8b465ee728b)
Start importing Assets/Scripts/Weapons/WeaponData.cs using Guid(2d9720b74ca933e4da48927938fdb464) Importer(815301076,1909f56bfc062723c751e8b465ee728b) (PreviewImporter) -> (artifact id: '00000000000000000000000000000000') in 0.0010183 seconds
Import Error Code:(4)
Message: Build asset version error: assets/scripts/weapons/weapondata.cs in SourceAssetDB has modification time of '2026-10-05T11:43:46.6317961Z' while content on disk has modification time of '2026-10-05T11:44:33.624Z'
  ERROR: Build asset version error: assets/scripts/weapons/weapondata.cs in SourceAssetDB has modification time of '2026-10-05T11:43:46.6317961Z' while content on disk has modification time of '2026-10-05T11:44:33.624Z'
Number of updated asset objects reloaded before import = 0Number of asset objects unloaded after import = 0

========================================================================
Received Import Request.
  Time since last request: 0.000028 seconds.
  path: Assets/Scripts/Weapons/WeaponData.cs
  artifactKey: Guid(2d9720b74ca933e4da48927938fdb464) Importer(815301076,1909f56bfc062723c751e8b465ee728b)
Start importing Assets/Scripts/Weapons/WeaponData.cs using Guid(2d9720b74ca933e4da48927938fdb464) Importer(815301076,1909f56bfc062723c751e8b465ee728b) (PreviewImporter) -> (artifact id: '00000000000000000000000000000000') in 0.0009347 seconds
Import Error Code:(4)
Message: Build asset version error: assets/scripts/weapons/weapondata.cs in SourceAssetDB has modification time of '2026-10-05T11:43:46.6317961Z' while content on disk has modification time of '2026-10-05T11:44:33.624Z'
  ERROR: Build asset version error: assets/scripts/weapons/weapondata.cs in SourceAssetDB has modification time of '2026-10-05T11:43:46.6317961Z' while content on disk has modification time of '2026-10-05T11:44:33.624Z'
Number of updated asset objects reloaded before import = 0Number of asset objects unloaded after import = 0

========================================================================
Received Import Request.
  Time since last request: 0.000045 seconds.
  path: Assets/Scripts/Weapons/WeaponData.cs
  artifactKey: Guid(2d9720b74ca933e4da48927938fdb464) Importer(815301076,1909f56bfc062723c751e8b465ee728b)
Start importing Assets/Scripts/Weapons/WeaponData.cs using Guid(2d9720b74ca933e4da48927938fdb464) Importer(815301076,1909f56bfc062723c751e8b465ee728b) (PreviewImporter) -> (artifact id: '00000000000000000000000000000000') in 0.0011276 seconds
Import Error Code:(4)
Message: Build asset version error: assets/scripts/weapons/weapondata.cs in SourceAssetDB has modification time of '2026-10-05T11:43:46.6317961Z' while content on disk has modification time of '2026-10-05T11:44:33.624Z'
  ERROR: Build asset version error: assets/scripts/weapons/weapondata.cs in SourceAssetDB has modification time of '2026-10-05T11:43:46.6317961Z' while content on disk has modification time of '2026-10-05T11:44:33.624Z'
Number of updated asset objects reloaded before import = 0Number of asset objects unloaded after import = 0

========================================================================
Received Import Request.
  Time since last request: 0.000057 seconds.
  path: Assets/Scripts/Weapons/WeaponData.cs
  artifactKey: Guid(2d9720b74ca933e4da48927938fdb464) Importer(815301076,1909f56bfc062723c751e8b465ee728b)
Start importing Assets/Scripts/Weapons/WeaponData.cs using Guid(2d9720b74ca933e4da48927938fdb464) Importer(815301076,1909f56bfc062723c751e8b465ee728b) (PreviewImporter) -> (artifact id: '00000000000000000000000000000000') in 0.0009087 seconds
Import Error Code:(4)
Message: Build asset version error: assets/scripts/weapons/weapondata.cs in SourceAssetDB has modification time of '2026-10-05T11:43:46.6317961Z' while content on disk has modification time of '2026-10-05T11:44:33.624Z'
  ERROR: Build asset version error: assets/scripts/weapons/weapondata.cs in SourceAssetDB has modification time of '2026-10-05T11:43:46.6317961Z' while content on disk has modification time of '2026-10-05T11:44:33.624Z'
Number of updated asset objects reloaded before import = 0Number of asset objects unloaded after import = 0

========================================================================
Received Import Request.
  Time since last request: 0.000022 seconds.
  path: Assets/Scripts/Weapons/WeaponData.cs
  artifactKey: Guid(2d9720b74ca933e4da48927938fdb464) Importer(815301076,1909f56bfc062723c751e8b465ee728b)
Start importing Assets/Scripts/Weapons/WeaponData.cs using Guid(2d9720b74ca933e4da48927938fdb464) Importer(815301076,1909f56bfc062723c751e8b465ee728b) (PreviewImporter) -> (artifact id: '00000000000000000000000000000000') in 0.0010247 seconds
Import Error Code:(4)
Message: Build asset version error: assets/scripts/weapons/weapondata.cs in SourceAssetDB has modification time of '2026-10-05T11:43:46.6317961Z' while content on disk has modification time of '2026-10-05T11:44:33.624Z'
  ERROR: Build asset version error: assets/scripts/weapons/weapondata.cs in SourceAssetDB has modification time of '2026-10-05T11:43:46.6317961Z' while content on disk has modification time of '2026-10-05T11:44:33.624Z'
Number of updated asset objects reloaded before import = 0Number of asset objects unloaded after import = 0

========================================================================
Received Import Request.
  Time since last request: 0.000024 seconds.
  path: Assets/Scripts/Weapons/WeaponData.cs
  artifactKey: Guid(2d9720b74ca933e4da48927938fdb464) Importer(815301076,1909f56bfc062723c751e8b465ee728b)
Start importing Assets/Scripts/Weapons/WeaponData.cs using Guid(2d9720b74ca933e4da48927938fdb464) Importer(815301076,1909f56bfc062723c751e8b465ee728b) (PreviewImporter) -> (artifact id: '00000000000000000000000000000000') in 0.0008004 seconds
Import Error Code:(4)
Message: Build asset version error: assets/scripts/weapons/weapondata.cs in SourceAssetDB has modification time of '2026-10-05T11:43:46.6317961Z' while content on disk has modification time of '2026-10-05T11:44:33.624Z'
  ERROR: Build asset version error: assets/scripts/weapons/weapondata.cs in SourceAssetDB has modification time of '2026-10-05T11:43:46.6317961Z' while content on disk has modification time of '2026-10-05T11:44:33.624Z'
Number of updated asset objects reloaded before import = 0Number of asset objects unloaded after import = 0

========================================================================
Received Import Request.
  Time since last request: 0.000022 seconds.
  path: Assets/Scripts/Weapons/WeaponData.cs
  artifactKey: Guid(2d9720b74ca933e4da48927938fdb464) Importer(815301076,1909f56bfc062723c751e8b465ee728b)
Start importing Assets/Scripts/Weapons/WeaponData.cs using Guid(2d9720b74ca933e4da48927938fdb464) Importer(815301076,1909f56bfc062723c751e8b465ee728b) (PreviewImporter) -> (artifact id: '00000000000000000000000000000000') in 0.0035935 seconds
Import Error Code:(4)
Message: Build asset version error: assets/scripts/weapons/weapondata.cs in SourceAssetDB has modification time of '2026-10-05T11:43:46.6317961Z' while content on disk has modification time of '2026-10-05T11:44:45.394954Z'
  ERROR: Build asset version error: assets/scripts/weapons/weapondata.cs in SourceAssetDB has modification time of '2026-10-05T11:43:46.6317961Z' while content on disk has modification time of '2026-10-05T11:44:45.394954Z'
Number of updated asset objects reloaded before import = 0Number of asset objects unloaded after import = 0

========================================================================
Received Import Request.
  Time since last request: 0.000038 seconds.
  path: Assets/Scripts/Weapons/WeaponData.cs
  artifactKey: Guid(2d9720b74ca933e4da48927938fdb464) Importer(815301076,1909f56bfc062723c751e8b465ee728b)
Start importing Assets/Scripts/Weapons/WeaponData.cs using Guid(2d9720b74ca933e4da48927938fdb464) Importer(815301076,1909f56bfc062723c751e8b465ee728b) (PreviewImporter) -> (artifact id: '00000000000000000000000000000000') in 0.0006908 seconds
Import Error Code:(4)
Message: Build asset version error: assets/scripts/weapons/weapondata.cs in SourceAssetDB has modification time of '2026-10-05T11:43:46.6317961Z' while content on disk has modification time of '2026-10-05T11:44:45.378Z'
  ERROR: Build asset version error: assets/scripts/weapons/weapondata.cs in SourceAssetDB has modification time of '2026-10-05T11:43:46.6317961Z' while content on disk has modification time of '2026-10-05T11:44:45.378Z'
Number of updated asset objects reloaded before import = 0Number of asset objects unloaded after import = 0

========================================================================
Received Import Request.
  Time since last request: 0.000028 seconds.
  path: Assets/Scripts/Weapons/WeaponData.cs
  artifactKey: Guid(2d9720b74ca933e4da48927938fdb464) Importer(815301076,1909f56bfc062723c751e8b465ee728b)
Start importing Assets/Scripts/Weapons/WeaponData.cs using Guid(2d9720b74ca933e4da48927938fdb464) Importer(815301076,1909f56bfc062723c751e8b465ee728b) (PreviewImporter) -> (artifact id: '00000000000000000000000000000000') in 0.0007086 seconds
Import Error Code:(4)
Message: Build asset version error: assets/scripts/weapons/weapondata.cs in SourceAssetDB has modification time of '2026-10-05T11:43:46.6317961Z' while content on disk has modification time of '2026-10-05T11:44:45.378Z'
  ERROR: Build asset version error: assets/scripts/weapons/weapondata.cs in SourceAssetDB has modification time of '2026-10-05T11:43:46.6317961Z' while content on disk has modification time of '2026-10-05T11:44:45.378Z'
Number of updated asset objects reloaded before import = 0Number of asset objects unloaded after import = 0

========================================================================
Received Import Request.
  Time since last request: 0.000024 seconds.
  path: Assets/Scripts/Weapons/WeaponData.cs
  artifactKey: Guid(2d9720b74ca933e4da48927938fdb464) Importer(815301076,1909f56bfc062723c751e8b465ee728b)
Start importing Assets/Scripts/Weapons/WeaponData.cs using Guid(2d9720b74ca933e4da48927938fdb464) Importer(815301076,1909f56bfc062723c751e8b465ee728b) (PreviewImporter) -> (artifact id: '00000000000000000000000000000000') in 0.0005253 seconds
Import Error Code:(4)
Message: Build asset version error: assets/scripts/weapons/weapondata.cs in SourceAssetDB has modification time of '2026-10-05T11:43:46.6317961Z' while content on disk has modification time of '2026-10-05T11:44:45.378Z'
  ERROR: Build asset version error: assets/scripts/weapons/weapondata.cs in SourceAssetDB has modification time of '2026-10-05T11:43:46.6317961Z' while content on disk has modification time of '2026-10-05T11:44:45.378Z'
Number of updated asset objects reloaded before import = 0Number of asset objects unloaded after import = 0

========================================================================
Received Import Request.
  Time since last request: 0.000023 seconds.
  path: Assets/Scripts/Weapons/WeaponData.cs
  artifactKey: Guid(2d9720b74ca933e4da48927938fdb464) Importer(815301076,1909f56bfc062723c751e8b465ee728b)
Start importing Assets/Scripts/Weapons/WeaponData.cs using Guid(2d9720b74ca933e4da48927938fdb464) Importer(815301076,1909f56bfc062723c751e8b465ee728b) (PreviewImporter) -> (artifact id: '00000000000000000000000000000000') in 0.0009197 seconds
Import Error Code:(4)
Message: Build asset version error: assets/scripts/weapons/weapondata.cs in SourceAssetDB has modification time of '2026-10-05T11:43:46.6317961Z' while content on disk has modification time of '2026-10-05T11:44:45.378Z'
  ERROR: Build asset version error: assets/scripts/weapons/weapondata.cs in SourceAssetDB has modification time of '2026-10-05T11:43:46.6317961Z' while content on disk has modification time of '2026-10-05T11:44:45.378Z'
Number of updated asset objects reloaded before import = 0Number of asset objects unloaded after import = 0

========================================================================
Received Import Request.
  Time since last request: 0.000032 seconds.
  path: Assets/Scripts/Weapons/WeaponData.cs
  artifactKey: Guid(2d9720b74ca933e4da48927938fdb464) Importer(815301076,1909f56bfc062723c751e8b465ee728b)
Start importing Assets/Scripts/Weapons/WeaponData.cs using Guid(2d9720b74ca933e4da48927938fdb464) Importer(815301076,1909f56bfc062723c751e8b465ee728b) (PreviewImporter) -> (artifact id: '00000000000000000000000000000000') in 0.0006191 seconds
Import Error Code:(4)
Message: Build asset version error: assets/scripts/weapons/weapondata.cs in SourceAssetDB has modification time of '2026-10-05T11:43:46.6317961Z' while content on disk has modification time of '2026-10-05T11:44:45.378Z'
  ERROR: Build asset version error: assets/scripts/weapons/weapondata.cs in SourceAssetDB has modification time of '2026-10-05T11:43:46.6317961Z' while content on disk has modification time of '2026-10-05T11:44:45.378Z'
Number of updated asset objects reloaded before import = 0Number of asset objects unloaded after import = 0

========================================================================
Received Import Request.
  Time since last request: 0.000047 seconds.
  path: Assets/Scripts/Weapons/WeaponData.cs
  artifactKey: Guid(2d9720b74ca933e4da48927938fdb464) Importer(815301076,1909f56bfc062723c751e8b465ee728b)
Start importing Assets/Scripts/Weapons/WeaponData.cs using Guid(2d9720b74ca933e4da48927938fdb464) Importer(815301076,1909f56bfc062723c751e8b465ee728b) (PreviewImporter) -> (artifact id: '00000000000000000000000000000000') in 0.0007592 seconds
Import Error Code:(4)
Message: Build asset version error: assets/scripts/weapons/weapondata.cs in SourceAssetDB has modification time of '2026-10-05T11:43:46.6317961Z' while content on disk has modification time of '2026-10-05T11:44:45.378Z'
  ERROR: Build asset version error: assets/scripts/weapons/weapondata.cs in SourceAssetDB has modification time of '2026-10-05T11:43:46.6317961Z' while content on disk has modification time of '2026-10-05T11:44:45.378Z'
Number of updated asset objects reloaded before import = 0Number of asset objects unloaded after import = 0

========================================================================
Received Import Request.
  Time since last request: 0.000023 seconds.
  path: Assets/Scripts/Weapons/WeaponData.cs
  artifactKey: Guid(2d9720b74ca933e4da48927938fdb464) Importer(815301076,1909f56bfc062723c751e8b465ee728b)
Start importing Assets/Scripts/Weapons/WeaponData.cs using Guid(2d9720b74ca933e4da48927938fdb464) Importer(815301076,1909f56bfc062723c751e8b465ee728b) (PreviewImporter) -> (artifact id: '00000000000000000000000000000000') in 0.0007188 seconds
Import Error Code:(4)
Message: Build asset version error: assets/scripts/weapons/weapondata.cs in SourceAssetDB has modification time of '2026-10-05T11:43:46.6317961Z' while content on disk has modification time of '2026-10-05T11:44:45.378Z'
  ERROR: Build asset version error: assets/scripts/weapons/weapondata.cs in SourceAssetDB has modification time of '2026-10-05T11:43:46.6317961Z' while content on disk has modification time of '2026-10-05T11:44:45.378Z'
Number of updated asset objects reloaded before import = 0Number of asset objects unloaded after import = 0

========================================================================
Received Import Request.
  Time since last request: 0.000020 seconds.
  path: Assets/Scripts/Weapons/WeaponData.cs
  artifactKey: Guid(2d9720b74ca933e4da48927938fdb464) Importer(815301076,1909f56bfc062723c751e8b465ee728b)
Start importing Assets/Scripts/Weapons/WeaponData.cs using Guid(2d9720b74ca933e4da48927938fdb464) Importer(815301076,1909f56bfc062723c751e8b465ee728b) (PreviewImporter) -> (artifact id: '00000000000000000000000000000000') in 0.0008838 seconds
Import Error Code:(4)
Message: Build asset version error: assets/scripts/weapons/weapondata.cs in SourceAssetDB has modification time of '2026-10-05T11:43:46.6317961Z' while content on disk has modification time of '2026-10-05T11:44:45.378Z'
  ERROR: Build asset version error: assets/scripts/weapons/weapondata.cs in SourceAssetDB has modification time of '2026-10-05T11:43:46.6317961Z' while content on disk has modification time of '2026-10-05T11:44:45.378Z'
Number of updated asset objects reloaded before import = 0Number of asset objects unloaded after import = 0

========================================================================
Received Import Request.
  Time since last request: 0.000028 seconds.
  path: Assets/Scripts/Weapons/WeaponData.cs
  artifactKey: Guid(2d9720b74ca933e4da48927938fdb464) Importer(815301076,1909f56bfc062723c751e8b465ee728b)
Start importing Assets/Scripts/Weapons/WeaponData.cs using Guid(2d9720b74ca933e4da48927938fdb464) Importer(815301076,1909f56bfc062723c751e8b465ee728b) (PreviewImporter) -> (artifact id: '00000000000000000000000000000000') in 0.0008168 seconds
Import Error Code:(4)
Message: Build asset version error: assets/scripts/weapons/weapondata.cs in SourceAssetDB has modification time of '2026-10-05T11:43:46.6317961Z' while content on disk has modification time of '2026-10-05T11:44:45.378Z'
  ERROR: Build asset version error: assets/scripts/weapons/weapondata.cs in SourceAssetDB has modification time of '2026-10-05T11:43:46.6317961Z' while content on disk has modification time of '2026-10-05T11:44:45.378Z'
Number of updated asset objects reloaded before import = 0Number of asset objects unloaded after import = 0

========================================================================
Received Import Request.
  Time since last request: 0.000020 seconds.
  path: Assets/Scripts/Weapons/WeaponData.cs
  artifactKey: Guid(2d9720b74ca933e4da48927938fdb464) Importer(815301076,1909f56bfc062723c751e8b465ee728b)
Start importing Assets/Scripts/Weapons/WeaponData.cs using Guid(2d9720b74ca933e4da48927938fdb464) Importer(815301076,1909f56bfc062723c751e8b465ee728b) (PreviewImporter) -> (artifact id: '00000000000000000000000000000000') in 0.0010552 seconds
Import Error Code:(4)
Message: Build asset version error: assets/scripts/weapons/weapondata.cs in SourceAssetDB has modification time of '2026-10-05T11:43:46.6317961Z' while content on disk has modification time of '2026-10-05T11:44:45.378Z'
  ERROR: Build asset version error: assets/scripts/weapons/weapondata.cs in SourceAssetDB has modification time of '2026-10-05T11:43:46.6317961Z' while content on disk has modification time of '2026-10-05T11:44:45.378Z'
Number of updated asset objects reloaded before import = 0Number of asset objects unloaded after import = 0

========================================================================
Received Import Request.
  Time since last request: 0.000044 seconds.
  path: Assets/Scripts/Weapons/WeaponData.cs
  artifactKey: Guid(2d9720b74ca933e4da48927938fdb464) Importer(815301076,1909f56bfc062723c751e8b465ee728b)
Start importing Assets/Scripts/Weapons/WeaponData.cs using Guid(2d9720b74ca933e4da48927938fdb464) Importer(815301076,1909f56bfc062723c751e8b465ee728b) (PreviewImporter) -> (artifact id: '00000000000000000000000000000000') in 0.0015894 seconds
Import Error Code:(4)
Message: Build asset version error: assets/scripts/weapons/weapondata.cs in SourceAssetDB has modification time of '2026-10-05T11:43:46.6317961Z' while content on disk has modification time of '2026-10-05T11:44:45.378Z'
  ERROR: Build asset version error: assets/scripts/weapons/weapondata.cs in SourceAssetDB has modification time of '2026-10-05T11:43:46.6317961Z' while content on disk has modification time of '2026-10-05T11:44:45.378Z'
Number of updated asset objects reloaded before import = 0Number of asset objects unloaded after import = 0

========================================================================
Received Import Request.
  Time since last request: 0.000024 seconds.
  path: Assets/Scripts/Weapons/WeaponData.cs
  artifactKey: Guid(2d9720b74ca933e4da48927938fdb464) Importer(815301076,1909f56bfc062723c751e8b465ee728b)
Start importing Assets/Scripts/Weapons/WeaponData.cs using Guid(2d9720b74ca933e4da48927938fdb464) Importer(815301076,1909f56bfc062723c751e8b465ee728b) (PreviewImporter) -> (artifact id: '00000000000000000000000000000000') in 0.000957 seconds
Import Error Code:(4)
Message: Build asset version error: assets/scripts/weapons/weapondata.cs in SourceAssetDB has modification time of '2026-10-05T11:43:46.6317961Z' while content on disk has modification time of '2026-10-05T11:44:45.378Z'
  ERROR: Build asset version error: assets/scripts/weapons/weapondata.cs in SourceAssetDB has modification time of '2026-10-05T11:43:46.6317961Z' while content on disk has modification time of '2026-10-05T11:44:45.378Z'
Number of updated asset objects reloaded before import = 0Number of asset objects unloaded after import = 0

========================================================================
Received Import Request.
  Time since last request: 0.000042 seconds.
  path: Assets/Scripts/Weapons/WeaponData.cs
  artifactKey: Guid(2d9720b74ca933e4da48927938fdb464) Importer(815301076,1909f56bfc062723c751e8b465ee728b)
Start importing Assets/Scripts/Weapons/WeaponData.cs using Guid(2d9720b74ca933e4da48927938fdb464) Importer(815301076,1909f56bfc062723c751e8b465ee728b) (PreviewImporter) -> (artifact id: '00000000000000000000000000000000') in 0.0011297 seconds
Import Error Code:(4)
Message: Build asset version error: assets/scripts/weapons/weapondata.cs in SourceAssetDB has modification time of '2026-10-05T11:43:46.6317961Z' while content on disk has modification time of '2026-10-05T11:44:45.378Z'
  ERROR: Build asset version error: assets/scripts/weapons/weapondata.cs in SourceAssetDB has modification time of '2026-10-05T11:43:46.6317961Z' while content on disk has modification time of '2026-10-05T11:44:45.378Z'
Number of updated asset objects reloaded before import = 0Number of asset objects unloaded after import = 0

========================================================================
Received Import Request.
  Time since last request: 0.000036 seconds.
  path: Assets/Scripts/Weapons/WeaponData.cs
  artifactKey: Guid(2d9720b74ca933e4da48927938fdb464) Importer(815301076,1909f56bfc062723c751e8b465ee728b)
Start importing Assets/Scripts/Weapons/WeaponData.cs using Guid(2d9720b74ca933e4da48927938fdb464) Importer(815301076,1909f56bfc062723c751e8b465ee728b) (PreviewImporter) -> (artifact id: '00000000000000000000000000000000') in 0.0007877 seconds
Import Error Code:(4)
Message: Build asset version error: assets/scripts/weapons/weapondata.cs in SourceAssetDB has modification time of '2026-10-05T11:43:46.6317961Z' while content on disk has modification time of '2026-10-05T11:44:45.378Z'
  ERROR: Build asset version error: assets/scripts/weapons/weapondata.cs in SourceAssetDB has modification time of '2026-10-05T11:43:46.6317961Z' while content on disk has modification time of '2026-10-05T11:44:45.378Z'
Number of updated asset objects reloaded before import = 0Number of asset objects unloaded after import = 0

========================================================================
Received Import Request.
  Time since last request: 0.000062 seconds.
  path: Assets/Scripts/Weapons/WeaponData.cs
  artifactKey: Guid(2d9720b74ca933e4da48927938fdb464) Importer(815301076,1909f56bfc062723c751e8b465ee728b)
Start importing Assets/Scripts/Weapons/WeaponData.cs using Guid(2d9720b74ca933e4da48927938fdb464) Importer(815301076,1909f56bfc062723c751e8b465ee728b) (PreviewImporter) -> (artifact id: '00000000000000000000000000000000') in 0.0008382 seconds
Import Error Code:(4)
Message: Build asset version error: assets/scripts/weapons/weapondata.cs in SourceAssetDB has modification time of '2026-10-05T11:43:46.6317961Z' while content on disk has modification time of '2026-10-05T11:44:45.378Z'
  ERROR: Build asset version error: assets/scripts/weapons/weapondata.cs in SourceAssetDB has modification time of '2026-10-05T11:43:46.6317961Z' while content on disk has modification time of '2026-10-05T11:44:45.378Z'
Number of updated asset objects reloaded before import = 0Number of asset objects unloaded after import = 0

========================================================================
Received Import Request.
  Time since last request: 0.000020 seconds.
  path: Assets/Scripts/Weapons/WeaponData.cs
  artifactKey: Guid(2d9720b74ca933e4da48927938fdb464) Importer(815301076,1909f56bfc062723c751e8b465ee728b)
Start importing Assets/Scripts/Weapons/WeaponData.cs using Guid(2d9720b74ca933e4da48927938fdb464) Importer(815301076,1909f56bfc062723c751e8b465ee728b) (PreviewImporter) -> (artifact id: '00000000000000000000000000000000') in 0.0011849 seconds
Import Error Code:(4)
Message: Build asset version error: assets/scripts/weapons/weapondata.cs in SourceAssetDB has modification time of '2026-10-05T11:43:46.6317961Z' while content on disk has modification time of '2026-10-05T11:44:45.378Z'
  ERROR: Build asset version error: assets/scripts/weapons/weapondata.cs in SourceAssetDB has modification time of '2026-10-05T11:43:46.6317961Z' while content on disk has modification time of '2026-10-05T11:44:45.378Z'
Number of updated asset objects reloaded before import = 0Number of asset objects unloaded after import = 0

========================================================================
Received Import Request.
  Time since last request: 0.000022 seconds.
  path: Assets/Scripts/Weapons/WeaponData.cs
  artifactKey: Guid(2d9720b74ca933e4da48927938fdb464) Importer(815301076,1909f56bfc062723c751e8b465ee728b)
Start importing Assets/Scripts/Weapons/WeaponData.cs using Guid(2d9720b74ca933e4da48927938fdb464) Importer(815301076,1909f56bfc062723c751e8b465ee728b) (PreviewImporter) -> (artifact id: '00000000000000000000000000000000') in 0.0006713 seconds
Import Error Code:(4)
Message: Build asset version error: assets/scripts/weapons/weapondata.cs in SourceAssetDB has modification time of '2026-10-05T11:43:46.6317961Z' while content on disk has modification time of '2026-10-05T11:44:45.378Z'
  ERROR: Build asset version error: assets/scripts/weapons/weapondata.cs in SourceAssetDB has modification time of '2026-10-05T11:43:46.6317961Z' while content on disk has modification time of '2026-10-05T11:44:45.378Z'
Number of updated asset objects reloaded before import = 0Number of asset objects unloaded after import = 0

========================================================================
Received Import Request.
  Time since last request: 0.000044 seconds.
  path: Assets/Scripts/Weapons/WeaponData.cs
  artifactKey: Guid(2d9720b74ca933e4da48927938fdb464) Importer(815301076,1909f56bfc062723c751e8b465ee728b)
Start importing Assets/Scripts/Weapons/WeaponData.cs using Guid(2d9720b74ca933e4da48927938fdb464) Importer(815301076,1909f56bfc062723c751e8b465ee728b) (PreviewImporter) -> (artifact id: '00000000000000000000000000000000') in 0.0008757 seconds
Import Error Code:(4)
Message: Build asset version error: assets/scripts/weapons/weapondata.cs in SourceAssetDB has modification time of '2026-10-05T11:43:46.6317961Z' while content on disk has modification time of '2026-10-05T11:44:45.378Z'
  ERROR: Build asset version error: assets/scripts/weapons/weapondata.cs in SourceAssetDB has modification time of '2026-10-05T11:43:46.6317961Z' while content on disk has modification time of '2026-10-05T11:44:45.378Z'
Number of updated asset objects reloaded before import = 0Number of asset objects unloaded after import = 0

========================================================================
Received Import Request.
  Time since last request: 0.000021 seconds.
  path: Assets/Scripts/Weapons/WeaponData.cs
  artifactKey: Guid(2d9720b74ca933e4da48927938fdb464) Importer(815301076,1909f56bfc062723c751e8b465ee728b)
Start importing Assets/Scripts/Weapons/WeaponData.cs using Guid(2d9720b74ca933e4da48927938fdb464) Importer(815301076,1909f56bfc062723c751e8b465ee728b) (PreviewImporter) -> (artifact id: '00000000000000000000000000000000') in 0.0010691 seconds
Import Error Code:(4)
Message: Build asset version error: assets/scripts/weapons/weapondata.cs in SourceAssetDB has modification time of '2026-10-05T11:43:46.6317961Z' while content on disk has modification time of '2026-10-05T11:44:45.378Z'
  ERROR: Build asset version error: assets/scripts/weapons/weapondata.cs in SourceAssetDB has modification time of '2026-10-05T11:43:46.6317961Z' while content on disk has modification time of '2026-10-05T11:44:45.378Z'
Number of updated asset objects reloaded before import = 0Number of asset objects unloaded after import = 0

========================================================================
Received Import Request.
  Time since last request: 0.000051 seconds.
  path: Assets/Scripts/Weapons/WeaponData.cs
  artifactKey: Guid(2d9720b74ca933e4da48927938fdb464) Importer(815301076,1909f56bfc062723c751e8b465ee728b)
Start importing Assets/Scripts/Weapons/WeaponData.cs using Guid(2d9720b74ca933e4da48927938fdb464) Importer(815301076,1909f56bfc062723c751e8b465ee728b) (PreviewImporter) -> (artifact id: '00000000000000000000000000000000') in 0.0022548 seconds
Import Error Code:(4)
Message: Build asset version error: assets/scripts/weapons/weapondata.cs in SourceAssetDB has modification time of '2026-10-05T11:43:46.6317961Z' while content on disk has modification time of '2026-10-05T11:44:45.378Z'
  ERROR: Build asset version error: assets/scripts/weapons/weapondata.cs in SourceAssetDB has modification time of '2026-10-05T11:43:46.6317961Z' while content on disk has modification time of '2026-10-05T11:44:45.378Z'
Number of updated asset objects reloaded before import = 0Number of asset objects unloaded after import = 0

========================================================================
Received Import Request.
  Time since last request: 0.000019 seconds.
  path: Assets/Scripts/Weapons/WeaponData.cs
  artifactKey: Guid(2d9720b74ca933e4da48927938fdb464) Importer(815301076,1909f56bfc062723c751e8b465ee728b)
Start importing Assets/Scripts/Weapons/WeaponData.cs using Guid(2d9720b74ca933e4da48927938fdb464) Importer(815301076,1909f56bfc062723c751e8b465ee728b) (PreviewImporter) -> (artifact id: '00000000000000000000000000000000') in 0.0006629 seconds
Import Error Code:(4)
Message: Build asset version error: assets/scripts/weapons/weapondata.cs in SourceAssetDB has modification time of '2026-10-05T11:43:46.6317961Z' while content on disk has modification time of '2026-10-05T11:44:45.378Z'
  ERROR: Build asset version error: assets/scripts/weapons/weapondata.cs in SourceAssetDB has modification time of '2026-10-05T11:43:46.6317961Z' while content on disk has modification time of '2026-10-05T11:44:45.378Z'
Number of updated asset objects reloaded before import = 0Number of asset objects unloaded after import = 0

========================================================================
Received Import Request.
  Time since last request: 0.000022 seconds.
  path: Assets/Scripts/Weapons/WeaponData.cs
  artifactKey: Guid(2d9720b74ca933e4da48927938fdb464) Importer(815301076,1909f56bfc062723c751e8b465ee728b)
Start importing Assets/Scripts/Weapons/WeaponData.cs using Guid(2d9720b74ca933e4da48927938fdb464) Importer(815301076,1909f56bfc062723c751e8b465ee728b) (PreviewImporter) -> (artifact id: '00000000000000000000000000000000') in 0.0008024 seconds
Import Error Code:(4)
Message: Build asset version error: assets/scripts/weapons/weapondata.cs in SourceAssetDB has modification time of '2026-10-05T11:43:46.6317961Z' while content on disk has modification time of '2026-10-05T11:44:45.378Z'
  ERROR: Build asset version error: assets/scripts/weapons/weapondata.cs in SourceAssetDB has modification time of '2026-10-05T11:43:46.6317961Z' while content on disk has modification time of '2026-10-05T11:44:45.378Z'
Number of updated asset objects reloaded before import = 0Number of asset objects unloaded after import = 0

========================================================================
Received Import Request.
  Time since last request: 0.000019 seconds.
  path: Assets/Scripts/Weapons/WeaponData.cs
  artifactKey: Guid(2d9720b74ca933e4da48927938fdb464) Importer(815301076,1909f56bfc062723c751e8b465ee728b)
Start importing Assets/Scripts/Weapons/WeaponData.cs using Guid(2d9720b74ca933e4da48927938fdb464) Importer(815301076,1909f56bfc062723c751e8b465ee728b) (PreviewImporter) -> (artifact id: '00000000000000000000000000000000') in 0.000823 seconds
Import Error Code:(4)
Message: Build asset version error: assets/scripts/weapons/weapondata.cs in SourceAssetDB has modification time of '2026-10-05T11:43:46.6317961Z' while content on disk has modification time of '2026-10-05T11:44:45.378Z'
  ERROR: Build asset version error: assets/scripts/weapons/weapondata.cs in SourceAssetDB has modification time of '2026-10-05T11:43:46.6317961Z' while content on disk has modification time of '2026-10-05T11:44:45.378Z'
Number of updated asset objects reloaded before import = 0Number of asset objects unloaded after import = 0

========================================================================
Received Import Request.
  Time since last request: 0.000021 seconds.
  path: Assets/Scripts/Weapons/WeaponData.cs
  artifactKey: Guid(2d9720b74ca933e4da48927938fdb464) Importer(815301076,1909f56bfc062723c751e8b465ee728b)
Start importing Assets/Scripts/Weapons/WeaponData.cs using Guid(2d9720b74ca933e4da48927938fdb464) Importer(815301076,1909f56bfc062723c751e8b465ee728b) (PreviewImporter) -> (artifact id: '00000000000000000000000000000000') in 0.0274897 seconds
Import Error Code:(4)
Message: Build asset version error: assets/scripts/weapons/weapondata.cs in SourceAssetDB has modification time of '2026-10-05T11:43:46.6317961Z' while content on disk has modification time of '2026-10-05T11:44:46.9535218Z'
  ERROR: Build asset version error: assets/scripts/weapons/weapondata.cs in SourceAssetDB has modification time of '2026-10-05T11:43:46.6317961Z' while content on disk has modification time of '2026-10-05T11:44:46.9535218Z'
Number of updated asset objects reloaded before import = 0Number of asset objects unloaded after import = 0

========================================================================
Received Import Request.
  Time since last request: 0.000029 seconds.
  path: Assets/Scripts/Weapons/WeaponData.cs
  artifactKey: Guid(2d9720b74ca933e4da48927938fdb464) Importer(815301076,1909f56bfc062723c751e8b465ee728b)
Start importing Assets/Scripts/Weapons/WeaponData.cs using Guid(2d9720b74ca933e4da48927938fdb464) Importer(815301076,1909f56bfc062723c751e8b465ee728b) (PreviewImporter) -> (artifact id: '00000000000000000000000000000000') in 0.0010611 seconds
Import Error Code:(4)
Message: Build asset version error: assets/scripts/weapons/weapondata.cs in SourceAssetDB has modification time of '2026-10-05T11:43:46.6317961Z' while content on disk has modification time of '2026-10-05T11:44:46.915Z'
  ERROR: Build asset version error: assets/scripts/weapons/weapondata.cs in SourceAssetDB has modification time of '2026-10-05T11:43:46.6317961Z' while content on disk has modification time of '2026-10-05T11:44:46.915Z'
Number of updated asset objects reloaded before import = 0Number of asset objects unloaded after import = 0

========================================================================
Received Import Request.
  Time since last request: 0.000030 seconds.
  path: Assets/Scripts/Weapons/WeaponData.cs
  artifactKey: Guid(2d9720b74ca933e4da48927938fdb464) Importer(815301076,1909f56bfc062723c751e8b465ee728b)
Start importing Assets/Scripts/Weapons/WeaponData.cs using Guid(2d9720b74ca933e4da48927938fdb464) Importer(815301076,1909f56bfc062723c751e8b465ee728b) (PreviewImporter) -> (artifact id: '00000000000000000000000000000000') in 0.0008185 seconds
Import Error Code:(4)
Message: Build asset version error: assets/scripts/weapons/weapondata.cs in SourceAssetDB has modification time of '2026-10-05T11:43:46.6317961Z' while content on disk has modification time of '2026-10-05T11:44:46.915Z'
  ERROR: Build asset version error: assets/scripts/weapons/weapondata.cs in SourceAssetDB has modification time of '2026-10-05T11:43:46.6317961Z' while content on disk has modification time of '2026-10-05T11:44:46.915Z'
Number of updated asset objects reloaded before import = 0Number of asset objects unloaded after import = 0

========================================================================
Received Import Request.
  Time since last request: 0.000022 seconds.
  path: Assets/Scripts/Weapons/WeaponData.cs
  artifactKey: Guid(2d9720b74ca933e4da48927938fdb464) Importer(815301076,1909f56bfc062723c751e8b465ee728b)
Start importing Assets/Scripts/Weapons/WeaponData.cs using Guid(2d9720b74ca933e4da48927938fdb464) Importer(815301076,1909f56bfc062723c751e8b465ee728b) (PreviewImporter) -> (artifact id: '00000000000000000000000000000000') in 0.0007314 seconds
Import Error Code:(4)
Message: Build asset version error: assets/scripts/weapons/weapondata.cs in SourceAssetDB has modification time of '2026-10-05T11:43:46.6317961Z' while content on disk has modification time of '2026-10-05T11:44:46.915Z'
  ERROR: Build asset version error: assets/scripts/weapons/weapondata.cs in SourceAssetDB has modification time of '2026-10-05T11:43:46.6317961Z' while content on disk has modification time of '2026-10-05T11:44:46.915Z'
Number of updated asset objects reloaded before import = 0Number of asset objects unloaded after import = 0

========================================================================
Received Import Request.
  Time since last request: 0.000022 seconds.
  path: Assets/Scripts/Weapons/WeaponData.cs
  artifactKey: Guid(2d9720b74ca933e4da48927938fdb464) Importer(815301076,1909f56bfc062723c751e8b465ee728b)
Start importing Assets/Scripts/Weapons/WeaponData.cs using Guid(2d9720b74ca933e4da48927938fdb464) Importer(815301076,1909f56bfc062723c751e8b465ee728b) (PreviewImporter) -> (artifact id: '00000000000000000000000000000000') in 0.0017953 seconds
Import Error Code:(4)
Message: Build asset version error: assets/scripts/weapons/weapondata.cs in SourceAssetDB has modification time of '2026-10-05T11:43:46.6317961Z' while content on disk has modification time of '2026-10-05T11:44:46.915Z'
  ERROR: Build asset version error: assets/scripts/weapons/weapondata.cs in SourceAssetDB has modification time of '2026-10-05T11:43:46.6317961Z' while content on disk has modification time of '2026-10-05T11:44:46.915Z'
Number of updated asset objects reloaded before import = 0Number of asset objects unloaded after import = 0

========================================================================
Received Import Request.
  Time since last request: 0.000023 seconds.
  path: Assets/Scripts/Weapons/WeaponData.cs
  artifactKey: Guid(2d9720b74ca933e4da48927938fdb464) Importer(815301076,1909f56bfc062723c751e8b465ee728b)
Start importing Assets/Scripts/Weapons/WeaponData.cs using Guid(2d9720b74ca933e4da48927938fdb464) Importer(815301076,1909f56bfc062723c751e8b465ee728b) (PreviewImporter) -> (artifact id: '00000000000000000000000000000000') in 0.0010331 seconds
Import Error Code:(4)
Message: Build asset version error: assets/scripts/weapons/weapondata.cs in SourceAssetDB has modification time of '2026-10-05T11:43:46.6317961Z' while content on disk has modification time of '2026-10-05T11:44:46.915Z'
  ERROR: Build asset version error: assets/scripts/weapons/weapondata.cs in SourceAssetDB has modification time of '2026-10-05T11:43:46.6317961Z' while content on disk has modification time of '2026-10-05T11:44:46.915Z'
Number of updated asset objects reloaded before import = 0Number of asset objects unloaded after import = 0

========================================================================
Received Import Request.
  Time since last request: 0.000040 seconds.
  path: Assets/Scripts/Weapons/WeaponData.cs
  artifactKey: Guid(2d9720b74ca933e4da48927938fdb464) Importer(815301076,1909f56bfc062723c751e8b465ee728b)
Start importing Assets/Scripts/Weapons/WeaponData.cs using Guid(2d9720b74ca933e4da48927938fdb464) Importer(815301076,1909f56bfc062723c751e8b465ee728b) (PreviewImporter) -> (artifact id: '00000000000000000000000000000000') in 0.0007555 seconds
Import Error Code:(4)
Message: Build asset version error: assets/scripts/weapons/weapondata.cs in SourceAssetDB has modification time of '2026-10-05T11:43:46.6317961Z' while content on disk has modification time of '2026-10-05T11:44:46.915Z'
  ERROR: Build asset version error: assets/scripts/weapons/weapondata.cs in SourceAssetDB has modification time of '2026-10-05T11:43:46.6317961Z' while content on disk has modification time of '2026-10-05T11:44:46.915Z'
Number of updated asset objects reloaded before import = 0Number of asset objects unloaded after import = 0

========================================================================
Received Import Request.
  Time since last request: 0.000021 seconds.
  path: Assets/Scripts/Weapons/WeaponData.cs
  artifactKey: Guid(2d9720b74ca933e4da48927938fdb464) Importer(815301076,1909f56bfc062723c751e8b465ee728b)
Start importing Assets/Scripts/Weapons/WeaponData.cs using Guid(2d9720b74ca933e4da48927938fdb464) Importer(815301076,1909f56bfc062723c751e8b465ee728b) (PreviewImporter) -> (artifact id: '00000000000000000000000000000000') in 0.0009941 seconds
Import Error Code:(4)
Message: Build asset version error: assets/scripts/weapons/weapondata.cs in SourceAssetDB has modification time of '2026-10-05T11:43:46.6317961Z' while content on disk has modification time of '2026-10-05T11:44:46.915Z'
  ERROR: Build asset version error: assets/scripts/weapons/weapondata.cs in SourceAssetDB has modification time of '2026-10-05T11:43:46.6317961Z' while content on disk has modification time of '2026-10-05T11:44:46.915Z'
Number of updated asset objects reloaded before import = 0Number of asset objects unloaded after import = 0

========================================================================
Received Import Request.
  Time since last request: 0.000031 seconds.
  path: Assets/Scripts/Weapons/WeaponData.cs
  artifactKey: Guid(2d9720b74ca933e4da48927938fdb464) Importer(815301076,1909f56bfc062723c751e8b465ee728b)
Start importing Assets/Scripts/Weapons/WeaponData.cs using Guid(2d9720b74ca933e4da48927938fdb464) Importer(815301076,1909f56bfc062723c751e8b465ee728b) (PreviewImporter) -> (artifact id: '00000000000000000000000000000000') in 0.0009921 seconds
Import Error Code:(4)
Message: Build asset version error: assets/scripts/weapons/weapondata.cs in SourceAssetDB has modification time of '2026-10-05T11:43:46.6317961Z' while content on disk has modification time of '2026-10-05T11:44:46.915Z'
  ERROR: Build asset version error: assets/scripts/weapons/weapondata.cs in SourceAssetDB has modification time of '2026-10-05T11:43:46.6317961Z' while content on disk has modification time of '2026-10-05T11:44:46.915Z'
Number of updated asset objects reloaded before import = 0Number of asset objects unloaded after import = 0

========================================================================
Received Import Request.
  Time since last request: 0.000020 seconds.
  path: Assets/Scripts/Weapons/WeaponData.cs
  artifactKey: Guid(2d9720b74ca933e4da48927938fdb464) Importer(815301076,1909f56bfc062723c751e8b465ee728b)
Start importing Assets/Scripts/Weapons/WeaponData.cs using Guid(2d9720b74ca933e4da48927938fdb464) Importer(815301076,1909f56bfc062723c751e8b465ee728b) (PreviewImporter) -> (artifact id: '00000000000000000000000000000000') in 0.0005937 seconds
Import Error Code:(4)
Message: Build asset version error: assets/scripts/weapons/weapondata.cs in SourceAssetDB has modification time of '2026-10-05T11:43:46.6317961Z' while content on disk has modification time of '2026-10-05T11:44:46.915Z'
  ERROR: Build asset version error: assets/scripts/weapons/weapondata.cs in SourceAssetDB has modification time of '2026-10-05T11:43:46.6317961Z' while content on disk has modification time of '2026-10-05T11:44:46.915Z'
Number of updated asset objects reloaded before import = 0Number of asset objects unloaded after import = 0

========================================================================
Received Import Request.
  Time since last request: 0.000021 seconds.
  path: Assets/Scripts/Weapons/WeaponData.cs
  artifactKey: Guid(2d9720b74ca933e4da48927938fdb464) Importer(815301076,1909f56bfc062723c751e8b465ee728b)
Start importing Assets/Scripts/Weapons/WeaponData.cs using Guid(2d9720b74ca933e4da48927938fdb464) Importer(815301076,1909f56bfc062723c751e8b465ee728b) (PreviewImporter) -> (artifact id: '00000000000000000000000000000000') in 0.0008995 seconds
Import Error Code:(4)
Message: Build asset version error: assets/scripts/weapons/weapondata.cs in SourceAssetDB has modification time of '2026-10-05T11:43:46.6317961Z' while content on disk has modification time of '2026-10-05T11:44:46.915Z'
  ERROR: Build asset version error: assets/scripts/weapons/weapondata.cs in SourceAssetDB has modification time of '2026-10-05T11:43:46.6317961Z' while content on disk has modification time of '2026-10-05T11:44:46.915Z'
Number of updated asset objects reloaded before import = 0Number of asset objects unloaded after import = 0

========================================================================
Received Import Request.
  Time since last request: 0.000058 seconds.
  path: Assets/Scripts/Weapons/WeaponData.cs
  artifactKey: Guid(2d9720b74ca933e4da48927938fdb464) Importer(815301076,1909f56bfc062723c751e8b465ee728b)
Start importing Assets/Scripts/Weapons/WeaponData.cs using Guid(2d9720b74ca933e4da48927938fdb464) Importer(815301076,1909f56bfc062723c751e8b465ee728b) (PreviewImporter) -> (artifact id: '00000000000000000000000000000000') in 0.0011046 seconds
Import Error Code:(4)
Message: Build asset version error: assets/scripts/weapons/weapondata.cs in SourceAssetDB has modification time of '2026-10-05T11:43:46.6317961Z' while content on disk has modification time of '2026-10-05T11:44:46.915Z'
  ERROR: Build asset version error: assets/scripts/weapons/weapondata.cs in SourceAssetDB has modification time of '2026-10-05T11:43:46.6317961Z' while content on disk has modification time of '2026-10-05T11:44:46.915Z'
Number of updated asset objects reloaded before import = 0Number of asset objects unloaded after import = 0

========================================================================
Received Import Request.
  Time since last request: 0.000018 seconds.
  path: Assets/Scripts/Weapons/WeaponData.cs
  artifactKey: Guid(2d9720b74ca933e4da48927938fdb464) Importer(815301076,1909f56bfc062723c751e8b465ee728b)
Start importing Assets/Scripts/Weapons/WeaponData.cs using Guid(2d9720b74ca933e4da48927938fdb464) Importer(815301076,1909f56bfc062723c751e8b465ee728b) (PreviewImporter) -> (artifact id: '00000000000000000000000000000000') in 0.0006525 seconds
Import Error Code:(4)
Message: Build asset version error: assets/scripts/weapons/weapondata.cs in SourceAssetDB has modification time of '2026-10-05T11:43:46.6317961Z' while content on disk has modification time of '2026-10-05T11:44:46.915Z'
  ERROR: Build asset version error: assets/scripts/weapons/weapondata.cs in SourceAssetDB has modification time of '2026-10-05T11:43:46.6317961Z' while content on disk has modification time of '2026-10-05T11:44:46.915Z'
Number of updated asset objects reloaded before import = 0Number of asset objects unloaded after import = 0

========================================================================
Received Import Request.
  Time since last request: 0.000027 seconds.
  path: Assets/Scripts/Weapons/WeaponData.cs
  artifactKey: Guid(2d9720b74ca933e4da48927938fdb464) Importer(815301076,1909f56bfc062723c751e8b465ee728b)
Start importing Assets/Scripts/Weapons/WeaponData.cs using Guid(2d9720b74ca933e4da48927938fdb464) Importer(815301076,1909f56bfc062723c751e8b465ee728b) (PreviewImporter) -> (artifact id: '00000000000000000000000000000000') in 0.0007199 seconds
Import Error Code:(4)
Message: Build asset version error: assets/scripts/weapons/weapondata.cs in SourceAssetDB has modification time of '2026-10-05T11:43:46.6317961Z' while content on disk has modification time of '2026-10-05T11:44:46.915Z'
  ERROR: Build asset version error: assets/scripts/weapons/weapondata.cs in SourceAssetDB has modification time of '2026-10-05T11:43:46.6317961Z' while content on disk has modification time of '2026-10-05T11:44:46.915Z'
Number of updated asset objects reloaded before import = 0Number of asset objects unloaded after import = 0

========================================================================
Received Import Request.
  Time since last request: 0.000020 seconds.
  path: Assets/Scripts/Weapons/WeaponData.cs
  artifactKey: Guid(2d9720b74ca933e4da48927938fdb464) Importer(815301076,1909f56bfc062723c751e8b465ee728b)
Start importing Assets/Scripts/Weapons/WeaponData.cs using Guid(2d9720b74ca933e4da48927938fdb464) Importer(815301076,1909f56bfc062723c751e8b465ee728b) (PreviewImporter) -> (artifact id: '00000000000000000000000000000000') in 0.00083 seconds
Import Error Code:(4)
Message: Build asset version error: assets/scripts/weapons/weapondata.cs in SourceAssetDB has modification time of '2026-10-05T11:43:46.6317961Z' while content on disk has modification time of '2026-10-05T11:44:46.915Z'
  ERROR: Build asset version error: assets/scripts/weapons/weapondata.cs in SourceAssetDB has modification time of '2026-10-05T11:43:46.6317961Z' while content on disk has modification time of '2026-10-05T11:44:46.915Z'
Number of updated asset objects reloaded before import = 0Number of asset objects unloaded after import = 0

========================================================================
Received Import Request.
  Time since last request: 0.000048 seconds.
  path: Assets/Scripts/Weapons/WeaponData.cs
  artifactKey: Guid(2d9720b74ca933e4da48927938fdb464) Importer(815301076,1909f56bfc062723c751e8b465ee728b)
Start importing Assets/Scripts/Weapons/WeaponData.cs using Guid(2d9720b74ca933e4da48927938fdb464) Importer(815301076,1909f56bfc062723c751e8b465ee728b) (PreviewImporter) -> (artifact id: '00000000000000000000000000000000') in 0.0006664 seconds
Import Error Code:(4)
Message: Build asset version error: assets/scripts/weapons/weapondata.cs in SourceAssetDB has modification time of '2026-10-05T11:43:46.6317961Z' while content on disk has modification time of '2026-10-05T11:44:46.915Z'
  ERROR: Build asset version error: assets/scripts/weapons/weapondata.cs in SourceAssetDB has modification time of '2026-10-05T11:43:46.6317961Z' while content on disk has modification time of '2026-10-05T11:44:46.915Z'
Number of updated asset objects reloaded before import = 0Number of asset objects unloaded after import = 0

========================================================================
Received Import Request.
  Time since last request: 0.000021 seconds.
  path: Assets/Scripts/Weapons/WeaponData.cs
  artifactKey: Guid(2d9720b74ca933e4da48927938fdb464) Importer(815301076,1909f56bfc062723c751e8b465ee728b)
Start importing Assets/Scripts/Weapons/WeaponData.cs using Guid(2d9720b74ca933e4da48927938fdb464) Importer(815301076,1909f56bfc062723c751e8b465ee728b) (PreviewImporter) -> (artifact id: '00000000000000000000000000000000') in 0.0007193 seconds
Import Error Code:(4)
Message: Build asset version error: assets/scripts/weapons/weapondata.cs in SourceAssetDB has modification time of '2026-10-05T11:43:46.6317961Z' while content on disk has modification time of '2026-10-05T11:44:46.915Z'
  ERROR: Build asset version error: assets/scripts/weapons/weapondata.cs in SourceAssetDB has modification time of '2026-10-05T11:43:46.6317961Z' while content on disk has modification time of '2026-10-05T11:44:46.915Z'
Number of updated asset objects reloaded before import = 0Number of asset objects unloaded after import = 0

========================================================================
Received Import Request.
  Time since last request: 0.000021 seconds.
  path: Assets/Scripts/Weapons/WeaponData.cs
  artifactKey: Guid(2d9720b74ca933e4da48927938fdb464) Importer(815301076,1909f56bfc062723c751e8b465ee728b)
Start importing Assets/Scripts/Weapons/WeaponData.cs using Guid(2d9720b74ca933e4da48927938fdb464) Importer(815301076,1909f56bfc062723c751e8b465ee728b) (PreviewImporter) -> (artifact id: '00000000000000000000000000000000') in 0.0006338 seconds
Import Error Code:(4)
Message: Build asset version error: assets/scripts/weapons/weapondata.cs in SourceAssetDB has modification time of '2026-10-05T11:43:46.6317961Z' while content on disk has modification time of '2026-10-05T11:44:46.915Z'
  ERROR: Build asset version error: assets/scripts/weapons/weapondata.cs in SourceAssetDB has modification time of '2026-10-05T11:43:46.6317961Z' while content on disk has modification time of '2026-10-05T11:44:46.915Z'
Number of updated asset objects reloaded before import = 0Number of asset objects unloaded after import = 0

========================================================================
Received Import Request.
  Time since last request: 0.000027 seconds.
  path: Assets/Scripts/Weapons/WeaponData.cs
  artifactKey: Guid(2d9720b74ca933e4da48927938fdb464) Importer(815301076,1909f56bfc062723c751e8b465ee728b)
Start importing Assets/Scripts/Weapons/WeaponData.cs using Guid(2d9720b74ca933e4da48927938fdb464) Importer(815301076,1909f56bfc062723c751e8b465ee728b) (PreviewImporter) -> (artifact id: '00000000000000000000000000000000') in 0.0010317 seconds
Import Error Code:(4)
Message: Build asset version error: assets/scripts/weapons/weapondata.cs in SourceAssetDB has modification time of '2026-10-05T11:43:46.6317961Z' while content on disk has modification time of '2026-10-05T11:44:46.915Z'
  ERROR: Build asset version error: assets/scripts/weapons/weapondata.cs in SourceAssetDB has modification time of '2026-10-05T11:43:46.6317961Z' while content on disk has modification time of '2026-10-05T11:44:46.915Z'
Number of updated asset objects reloaded before import = 0Number of asset objects unloaded after import = 0

========================================================================
Received Import Request.
  Time since last request: 0.000067 seconds.
  path: Assets/Scripts/Weapons/WeaponData.cs
  artifactKey: Guid(2d9720b74ca933e4da48927938fdb464) Importer(815301076,1909f56bfc062723c751e8b465ee728b)
Start importing Assets/Scripts/Weapons/WeaponData.cs using Guid(2d9720b74ca933e4da48927938fdb464) Importer(815301076,1909f56bfc062723c751e8b465ee728b) (PreviewImporter) -> (artifact id: '00000000000000000000000000000000') in 0.0010191 seconds
Import Error Code:(4)
Message: Build asset version error: assets/scripts/weapons/weapondata.cs in SourceAssetDB has modification time of '2026-10-05T11:43:46.6317961Z' while content on disk has modification time of '2026-10-05T11:44:46.915Z'
  ERROR: Build asset version error: assets/scripts/weapons/weapondata.cs in SourceAssetDB has modification time of '2026-10-05T11:43:46.6317961Z' while content on disk has modification time of '2026-10-05T11:44:46.915Z'
Number of updated asset objects reloaded before import = 0Number of asset objects unloaded after import = 0

========================================================================
Received Import Request.
  Time since last request: 0.000064 seconds.
  path: Assets/Scripts/Weapons/WeaponData.cs
  artifactKey: Guid(2d9720b74ca933e4da48927938fdb464) Importer(815301076,1909f56bfc062723c751e8b465ee728b)
Start importing Assets/Scripts/Weapons/WeaponData.cs using Guid(2d9720b74ca933e4da48927938fdb464) Importer(815301076,1909f56bfc062723c751e8b465ee728b) (PreviewImporter) -> (artifact id: '00000000000000000000000000000000') in 0.0008138 seconds
Import Error Code:(4)
Message: Build asset version error: assets/scripts/weapons/weapondata.cs in SourceAssetDB has modification time of '2026-10-05T11:43:46.6317961Z' while content on disk has modification time of '2026-10-05T11:44:46.915Z'
  ERROR: Build asset version error: assets/scripts/weapons/weapondata.cs in SourceAssetDB has modification time of '2026-10-05T11:43:46.6317961Z' while content on disk has modification time of '2026-10-05T11:44:46.915Z'
Number of updated asset objects reloaded before import = 0Number of asset objects unloaded after import = 0

========================================================================
Received Import Request.
  Time since last request: 0.000022 seconds.
  path: Assets/Scripts/Weapons/WeaponData.cs
  artifactKey: Guid(2d9720b74ca933e4da48927938fdb464) Importer(815301076,1909f56bfc062723c751e8b465ee728b)
Start importing Assets/Scripts/Weapons/WeaponData.cs using Guid(2d9720b74ca933e4da48927938fdb464) Importer(815301076,1909f56bfc062723c751e8b465ee728b) (PreviewImporter) -> (artifact id: '00000000000000000000000000000000') in 0.0008214 seconds
Import Error Code:(4)
Message: Build asset version error: assets/scripts/weapons/weapondata.cs in SourceAssetDB has modification time of '2026-10-05T11:43:46.6317961Z' while content on disk has modification time of '2026-10-05T11:44:46.915Z'
  ERROR: Build asset version error: assets/scripts/weapons/weapondata.cs in SourceAssetDB has modification time of '2026-10-05T11:43:46.6317961Z' while content on disk has modification time of '2026-10-05T11:44:46.915Z'
Number of updated asset objects reloaded before import = 0Number of asset objects unloaded after import = 0

========================================================================
Received Import Request.
  Time since last request: 0.000021 seconds.
  path: Assets/Scripts/Weapons/WeaponData.cs
  artifactKey: Guid(2d9720b74ca933e4da48927938fdb464) Importer(815301076,1909f56bfc062723c751e8b465ee728b)
Start importing Assets/Scripts/Weapons/WeaponData.cs using Guid(2d9720b74ca933e4da48927938fdb464) Importer(815301076,1909f56bfc062723c751e8b465ee728b) (PreviewImporter) -> (artifact id: '16c76a520ad8db717720bde5bc099dce') in 0.0006458 seconds
Number of updated asset objects reloaded before import = 0Number of asset objects unloaded after import = 0

========================================================================
Received Prepare
Script 'CharacterController' has the same name as built-in Unity component.
AddComponent and GetComponent will not work with this script.
Refreshing native plugins compatible for Editor in 1.45 ms, found 4 plugins.
Preloading 0 native plugins for Editor in 0.00 ms.
Unloading 16 Unused Serialized files (Serialized files now loaded: 0)
Unloading 6658 unused Assets / (3.9 MB). Loaded Objects now: 7514.
Memory consumption went from 165.8 MB to 161.8 MB.
Total: 14.309800 ms (FindLiveObjects: 0.878600 ms CreateObjectMapping: 1.293500 ms MarkObjects: 8.333300 ms  DeleteObjects: 3.802800 ms)

Prepare: number of updated asset objects reloaded= 0
========================================================================
Received Import Request.
  Time since last request: 0.574449 seconds.
  path: Assets/Scripts/Weapons/WeaponData.cs
  artifactKey: Guid(2d9720b74ca933e4da48927938fdb464) Importer(815301076,1909f56bfc062723c751e8b465ee728b)
Start importing Assets/Scripts/Weapons/WeaponData.cs using Guid(2d9720b74ca933e4da48927938fdb464) Importer(815301076,1909f56bfc062723c751e8b465ee728b) (PreviewImporter) -> (artifact id: '76564d29c23946acfa4bea8b4b8fdc3d') in 0.0011614 seconds
Number of updated asset objects reloaded before import = 0Number of asset objects unloaded after import = 0

========================================================================
Received Prepare
Begin MonoManager ReloadAssembly
- Loaded All Assemblies, in  1.404 seconds
Script 'CharacterController' has the same name as built-in Unity component.
AddComponent and GetComponent will not work with this script.
Refreshing native plugins compatible for Editor in 1.60 ms, found 4 plugins.
Native extension for WindowsStandalone target not found
[Package Manager] Failed to launch server process. Reason: Unity was launched with the -noUpm command-line argument
[Package Manager] Unable to send message (not connected to server process).
[Package Manager] Cannot connect to Unity Package Manager local server
[Package Manager] Failed to launch server process. Reason: Unity was launched with the -noUpm command-line argument
[Package Manager] Unable to send message (not connected to server process).
[Package Manager] Cannot connect to Unity Package Manager local server
ScheduleIndexationOnStartup MainProcess:False IndexOnStartup:True
Mono: successfully reloaded assembly
- Finished resetting the current domain, in  1.044 seconds
Domain Reload Profiling: 2449ms
	BeginReloadAssembly (318ms)
		ExecutionOrderSort (0ms)
		DisableScriptedObjects (16ms)
		BackupInstance (0ms)
		ReleaseScriptingObjects (0ms)
		CreateAndSetChildDomain (78ms)
	RebuildCommonClasses (55ms)
	RebuildNativeTypeToScriptingClass (20ms)
	initialDomainReloadingComplete (46ms)
	LoadAllAssembliesAndSetupDomain (965ms)
		LoadAssemblies (486ms)
		RebuildTransferFunctionScriptingTraits (0ms)
		AnalyzeDomain (621ms)
			TypeCache.Refresh (12ms)
				TypeCache.ScanAssembly (1ms)
			BuildScriptInfoCaches (242ms)
			ResolveRequiredComponents (361ms)
	FinalizeReload (1045ms)
		ReleaseScriptCaches (0ms)
		RebuildScriptCaches (0ms)
		SetupLoadedEditorAssemblies (771ms)
			LogAssemblyErrors (0ms)
			InitializePlatformSupportModulesInManaged (4ms)
			SetLoadedEditorAssemblies (9ms)
			BeforeProcessingInitializeOnLoad (275ms)
			ProcessInitializeOnLoadAttributes (394ms)
			ProcessInitializeOnLoadMethodAttributes (80ms)
			AfterProcessingInitializeOnLoad (8ms)
			EditorAssembliesLoaded (0ms)
		ExecutionOrderSort2 (0ms)
		AwakeInstancesAfterBackupRestoration (19ms)
Refreshing native plugins compatible for Editor in 1.65 ms, found 4 plugins.
Preloading 0 native plugins for Editor in 0.00 ms.
Unloading 16 Unused Serialized files (Serialized files now loaded: 0)
Unloading 6669 unused Assets / (4.0 MB). Loaded Objects now: 7517.
Memory consumption went from 165.5 MB to 161.5 MB.
Total: 9.190900 ms (FindLiveObjects: 0.810600 ms CreateObjectMapping: 0.632300 ms MarkObjects: 5.322100 ms  DeleteObjects: 2.424900 ms)

Prepare: number of updated asset objects reloaded= 0
========================================================================
Received Import Request.
  Time since last request: 16.541582 seconds.
  path: Assets/Scripts/Weapons/WeaponData.cs
  artifactKey: Guid(2d9720b74ca933e4da48927938fdb464) Importer(2089858483,b0f066a214c2f5e87bad3c948f4d605d)
Start importing Assets/Scripts/Weapons/WeaponData.cs using Guid(2d9720b74ca933e4da48927938fdb464) Importer(2089858483,b0f066a214c2f5e87bad3c948f4d605d) (ScriptedImporter) -> (artifact id: '27e437d9a5c8d03b2b58d255a218830a') in 0.1665793 seconds
Number of updated asset objects reloaded before import = 0Number of asset objects unloaded after import = 0

========================================================================
Received Prepare
Script 'CharacterController' has the same name as built-in Unity component.
AddComponent and GetComponent will not work with this script.
Refreshing native plugins compatible for Editor in 2.07 ms, found 4 plugins.
Preloading 0 native plugins for Editor in 0.00 ms.
Unloading 16 Unused Serialized files (Serialized files now loaded: 0)
Unloading 6659 unused Assets / (4.0 MB). Loaded Objects now: 7518.
Memory consumption went from 165.7 MB to 161.7 MB.
Total: 10.144400 ms (FindLiveObjects: 0.864200 ms CreateObjectMapping: 0.732100 ms MarkObjects: 5.943500 ms  DeleteObjects: 2.602700 ms)

Prepare: number of updated asset objects reloaded= 0
========================================================================
Received Import Request.
  Time since last request: 7.872979 seconds.
  path: Assets/Scripts/Weapons/WeaponBehaviour.cs
  artifactKey: Guid(2b2b8d83100e03145864eb3cfd77dab7) Importer(815301076,1909f56bfc062723c751e8b465ee728b)
Start importing Assets/Scripts/Weapons/WeaponBehaviour.cs using Guid(2b2b8d83100e03145864eb3cfd77dab7) Importer(815301076,1909f56bfc062723c751e8b465ee728b) (PreviewImporter) -> (artifact id: '442643415e6b5e916badca1f3a65ee51') in 0.000918 seconds
Number of updated asset objects reloaded before import = 0Number of asset objects unloaded after import = 0

========================================================================
Received Import Request.
  Time since last request: 0.371454 seconds.
  path: Assets/Scripts/Weapons/WeaponBehaviour.cs
  artifactKey: Guid(2b2b8d83100e03145864eb3cfd77dab7) Importer(2089858483,b0f066a214c2f5e87bad3c948f4d605d)
Start importing Assets/Scripts/Weapons/WeaponBehaviour.cs using Guid(2b2b8d83100e03145864eb3cfd77dab7) Importer(2089858483,b0f066a214c2f5e87bad3c948f4d605d) (ScriptedImporter) -> (artifact id: 'f205e9e15f576762bedaed91733263a9') in 0.0269277 seconds
Number of updated asset objects reloaded before import = 0Number of asset objects unloaded after import = 0

========================================================================
Received Prepare
Begin MonoManager ReloadAssembly
[Licensing::Client] Successfully resolved entitlement details
- Loaded All Assemblies, in  1.043 seconds
Script 'CharacterController' has the same name as built-in Unity component.
AddComponent and GetComponent will not work with this script.
Refreshing native plugins compatible for Editor in 4.97 ms, found 4 plugins.
Native extension for WindowsStandalone target not found
[Package Manager] Failed to launch server process. Reason: Unity was launched with the -noUpm command-line argument
[Package Manager] Unable to send message (not connected to server process).
[Package Manager] Cannot connect to Unity Package Manager local server
[Package Manager] Failed to launch server process. Reason: Unity was launched with the -noUpm command-line argument
[Package Manager] Unable to send message (not connected to server process).
[Package Manager] Cannot connect to Unity Package Manager local server
ScheduleIndexationOnStartup MainProcess:False IndexOnStartup:True
Mono: successfully reloaded assembly
- Finished resetting the current domain, in  2.448 seconds
Domain Reload Profiling: 3493ms
	BeginReloadAssembly (311ms)
		ExecutionOrderSort (0ms)
		DisableScriptedObjects (8ms)
		BackupInstance (0ms)
		ReleaseScriptingObjects (0ms)
		CreateAndSetChildDomain (61ms)
	RebuildCommonClasses (52ms)
	RebuildNativeTypeToScriptingClass (23ms)
	initialDomainReloadingComplete (38ms)
	LoadAllAssembliesAndSetupDomain (620ms)
		LoadAssemblies (451ms)
		RebuildTransferFunctionScriptingTraits (0ms)
		AnalyzeDomain (314ms)
			TypeCache.Refresh (12ms)
				TypeCache.ScanAssembly (1ms)
			BuildScriptInfoCaches (286ms)
			ResolveRequiredComponents (11ms)
	FinalizeReload (2449ms)
		ReleaseScriptCaches (0ms)
		RebuildScriptCaches (0ms)
		SetupLoadedEditorAssemblies (2122ms)
			LogAssemblyErrors (0ms)
			InitializePlatformSupportModulesInManaged (3ms)
			SetLoadedEditorAssemblies (9ms)
			BeforeProcessingInitializeOnLoad (302ms)
			ProcessInitializeOnLoadAttributes (1686ms)
			ProcessInitializeOnLoadMethodAttributes (111ms)
			AfterProcessingInitializeOnLoad (10ms)
			EditorAssembliesLoaded (1ms)
		ExecutionOrderSort2 (0ms)
		AwakeInstancesAfterBackupRestoration (25ms)
Refreshing native plugins compatible for Editor in 1.82 ms, found 4 plugins.
Preloading 0 native plugins for Editor in 0.00 ms.
Unloading 16 Unused Serialized files (Serialized files now loaded: 0)
Unloading 6670 unused Assets / (4.3 MB). Loaded Objects now: 7521.
Memory consumption went from 165.5 MB to 161.3 MB.
Total: 15.853800 ms (FindLiveObjects: 1.812900 ms CreateObjectMapping: 1.852300 ms MarkObjects: 8.010300 ms  DeleteObjects: 4.176600 ms)

Prepare: number of updated asset objects reloaded= 0
========================================================================
Received Import Request.
  Time since last request: 10.403248 seconds.
  path: Assets/Scripts/Weapons/WeaponBehaviour.cs
  artifactKey: Guid(2b2b8d83100e03145864eb3cfd77dab7) Importer(815301076,1909f56bfc062723c751e8b465ee728b)
Start importing Assets/Scripts/Weapons/WeaponBehaviour.cs using Guid(2b2b8d83100e03145864eb3cfd77dab7) Importer(815301076,1909f56bfc062723c751e8b465ee728b) (PreviewImporter) -> (artifact id: 'c6cf115afe293afeee26ac623ac8f111') in 0.0020999 seconds
Number of updated asset objects reloaded before import = 0Number of asset objects unloaded after import = 0

========================================================================
Received Prepare
Script 'CharacterController' has the same name as built-in Unity component.
AddComponent and GetComponent will not work with this script.
Refreshing native plugins compatible for Editor in 1.83 ms, found 4 plugins.
Preloading 0 native plugins for Editor in 0.00 ms.
Unloading 16 Unused Serialized files (Serialized files now loaded: 0)
Unloading 6659 unused Assets / (4.0 MB). Loaded Objects now: 7521.
Memory consumption went from 165.7 MB to 161.7 MB.
Total: 9.746600 ms (FindLiveObjects: 0.872300 ms CreateObjectMapping: 0.638400 ms MarkObjects: 5.720100 ms  DeleteObjects: 2.514900 ms)

Prepare: number of updated asset objects reloaded= 0
========================================================================
Received Prepare
Begin MonoManager ReloadAssembly
[Licensing::Client] Successfully resolved entitlement details
- Loaded All Assemblies, in  1.379 seconds
Script 'CharacterController' has the same name as built-in Unity component.
AddComponent and GetComponent will not work with this script.
Refreshing native plugins compatible for Editor in 1.75 ms, found 4 plugins.
Native extension for WindowsStandalone target not found
[Package Manager] Failed to launch server process. Reason: Unity was launched with the -noUpm command-line argument
[Package Manager] Unable to send message (not connected to server process).
[Package Manager] Cannot connect to Unity Package Manager local server
[Package Manager] Failed to launch server process. Reason: Unity was launched with the -noUpm command-line argument
[Package Manager] Unable to send message (not connected to server process).
[Package Manager] Cannot connect to Unity Package Manager local server
ScheduleIndexationOnStartup MainProcess:False IndexOnStartup:True
Mono: successfully reloaded assembly
- Finished resetting the current domain, in  0.981 seconds
Domain Reload Profiling: 2361ms
	BeginReloadAssembly (322ms)
		ExecutionOrderSort (0ms)
		DisableScriptedObjects (9ms)
		BackupInstance (0ms)
		ReleaseScriptingObjects (0ms)
		CreateAndSetChildDomain (66ms)
	RebuildCommonClasses (55ms)
	RebuildNativeTypeToScriptingClass (25ms)
	initialDomainReloadingComplete (43ms)
	LoadAllAssembliesAndSetupDomain (935ms)
		LoadAssemblies (469ms)
		RebuildTransferFunctionScriptingTraits (0ms)
		AnalyzeDomain (621ms)
			TypeCache.Refresh (13ms)
				TypeCache.ScanAssembly (1ms)
			BuildScriptInfoCaches (247ms)
			ResolveRequiredComponents (356ms)
	FinalizeReload (981ms)
		ReleaseScriptCaches (0ms)
		RebuildScriptCaches (0ms)
		SetupLoadedEditorAssemblies (704ms)
			LogAssemblyErrors (0ms)
			InitializePlatformSupportModulesInManaged (3ms)
			SetLoadedEditorAssemblies (13ms)
			BeforeProcessingInitializeOnLoad (212ms)
			ProcessInitializeOnLoadAttributes (389ms)
			ProcessInitializeOnLoadMethodAttributes (77ms)
			AfterProcessingInitializeOnLoad (9ms)
			EditorAssembliesLoaded (1ms)
		ExecutionOrderSort2 (0ms)
		AwakeInstancesAfterBackupRestoration (18ms)
Refreshing native plugins compatible for Editor in 1.76 ms, found 4 plugins.
Preloading 0 native plugins for Editor in 0.00 ms.
Unloading 16 Unused Serialized files (Serialized files now loaded: 0)
Unloading 6670 unused Assets / (3.9 MB). Loaded Objects now: 7524.
Memory consumption went from 168.3 MB to 164.4 MB.
Total: 9.694400 ms (FindLiveObjects: 0.843500 ms CreateObjectMapping: 0.648000 ms MarkObjects: 5.762800 ms  DeleteObjects: 2.439000 ms)

Prepare: number of updated asset objects reloaded= 0
========================================================================
Received Import Request.
  Time since last request: 114.389473 seconds.
  path: Assets/Scripts/Weapons/WeaponBehaviour.cs
  artifactKey: Guid(2b2b8d83100e03145864eb3cfd77dab7) Importer(2089858483,b0f066a214c2f5e87bad3c948f4d605d)
Start importing Assets/Scripts/Weapons/WeaponBehaviour.cs using Guid(2b2b8d83100e03145864eb3cfd77dab7) Importer(2089858483,b0f066a214c2f5e87bad3c948f4d605d) (ScriptedImporter) -> (artifact id: '02bcb8b5f41b0564f729d9e92e724362') in 0.1266331 seconds
Number of updated asset objects reloaded before import = 0Number of asset objects unloaded after import = 0

========================================================================
Received Import Request.
  Time since last request: 2.120244 seconds.
  path: Assets/Scripts/Weapons/Impls
  artifactKey: Guid(19cf0112bf3c0b24cb00ec1b14bce2f6) Importer(815301076,1909f56bfc062723c751e8b465ee728b)
Start importing Assets/Scripts/Weapons/Impls using Guid(19cf0112bf3c0b24cb00ec1b14bce2f6) Importer(815301076,1909f56bfc062723c751e8b465ee728b) (PreviewImporter) -> (artifact id: 'b9c9bef090424738c07dc5211ad083f8') in 0.0011642 seconds
Number of updated asset objects reloaded before import = 0Number of asset objects unloaded after import = 0

========================================================================
Received Import Request.
  Time since last request: 0.892209 seconds.
  path: Assets/Scripts/Weapons/Impls
  artifactKey: Guid(19cf0112bf3c0b24cb00ec1b14bce2f6) Importer(2089858483,b0f066a214c2f5e87bad3c948f4d605d)
Start importing Assets/Scripts/Weapons/Impls using Guid(19cf0112bf3c0b24cb00ec1b14bce2f6) Importer(2089858483,b0f066a214c2f5e87bad3c948f4d605d) (ScriptedImporter) -> (artifact id: 'e1a4ca808209de883f4b258489d8ee07') in 0.0166631 seconds
Number of updated asset objects reloaded before import = 0Number of asset objects unloaded after import = 1

========================================================================
Received Prepare
Script 'CharacterController' has the same name as built-in Unity component.
AddComponent and GetComponent will not work with this script.
Refreshing native plugins compatible for Editor in 1.79 ms, found 4 plugins.
Preloading 0 native plugins for Editor in 0.00 ms.
Unloading 16 Unused Serialized files (Serialized files now loaded: 0)
Unloading 6660 unused Assets / (3.9 MB). Loaded Objects now: 7525.
Memory consumption went from 165.8 MB to 161.9 MB.
Total: 10.774400 ms (FindLiveObjects: 0.914000 ms CreateObjectMapping: 0.792300 ms MarkObjects: 6.476300 ms  DeleteObjects: 2.590400 ms)

Prepare: number of updated asset objects reloaded= 0
========================================================================
Received Import Request.
  Time since last request: 127.467401 seconds.
  path: Assets/Scripts/Weapons/Impls/BladedЦeapon.cs
  artifactKey: Guid(c33d53b8d010be54d8f7f4bd86bd7794) Importer(815301076,1909f56bfc062723c751e8b465ee728b)
Start importing Assets/Scripts/Weapons/Impls/BladedЦeapon.cs using Guid(c33d53b8d010be54d8f7f4bd86bd7794) Importer(815301076,1909f56bfc062723c751e8b465ee728b) (PreviewImporter) -> (artifact id: 'd19dc03b354a805877451415c062f2d9') in 0.0008809 seconds
Number of updated asset objects reloaded before import = 0Number of asset objects unloaded after import = 0

========================================================================
Received Import Request.
  Time since last request: 0.104959 seconds.
  path: Assets/Scripts/Weapons/Impls/BladedЦeapon.cs
  artifactKey: Guid(c33d53b8d010be54d8f7f4bd86bd7794) Importer(2089858483,b0f066a214c2f5e87bad3c948f4d605d)
Start importing Assets/Scripts/Weapons/Impls/BladedЦeapon.cs using Guid(c33d53b8d010be54d8f7f4bd86bd7794) Importer(2089858483,b0f066a214c2f5e87bad3c948f4d605d) (ScriptedImporter) -> (artifact id: 'b178c6e7b5654a0ca3196119a187615c') in 0.012741 seconds
Number of updated asset objects reloaded before import = 0Number of asset objects unloaded after import = 0

========================================================================
Received Prepare
Begin MonoManager ReloadAssembly
[Licensing::Client] Successfully resolved entitlement details
- Loaded All Assemblies, in  1.036 seconds
Script 'CharacterController' has the same name as built-in Unity component.
AddComponent and GetComponent will not work with this script.
Refreshing native plugins compatible for Editor in 2.20 ms, found 4 plugins.
Native extension for WindowsStandalone target not found
[Package Manager] Failed to launch server process. Reason: Unity was launched with the -noUpm command-line argument
[Package Manager] Unable to send message (not connected to server process).
[Package Manager] Cannot connect to Unity Package Manager local server
[Package Manager] Failed to launch server process. Reason: Unity was launched with the -noUpm command-line argument
[Package Manager] Unable to send message (not connected to server process).
[Package Manager] Cannot connect to Unity Package Manager local server
ScheduleIndexationOnStartup MainProcess:False IndexOnStartup:True
Mono: successfully reloaded assembly
- Finished resetting the current domain, in  0.919 seconds
Domain Reload Profiling: 1957ms
	BeginReloadAssembly (318ms)
		ExecutionOrderSort (0ms)
		DisableScriptedObjects (8ms)
		BackupInstance (0ms)
		ReleaseScriptingObjects (0ms)
		CreateAndSetChildDomain (63ms)
	RebuildCommonClasses (52ms)
	RebuildNativeTypeToScriptingClass (23ms)
	initialDomainReloadingComplete (42ms)
	LoadAllAssembliesAndSetupDomain (601ms)
		LoadAssemblies (469ms)
		RebuildTransferFunctionScriptingTraits (0ms)
		AnalyzeDomain (289ms)
			TypeCache.Refresh (14ms)
				TypeCache.ScanAssembly (1ms)
			BuildScriptInfoCaches (259ms)
			ResolveRequiredComponents (11ms)
	FinalizeReload (920ms)
		ReleaseScriptCaches (0ms)
		RebuildScriptCaches (0ms)
		SetupLoadedEditorAssemblies (698ms)
			LogAssemblyErrors (0ms)
			InitializePlatformSupportModulesInManaged (2ms)
			SetLoadedEditorAssemblies (6ms)
			BeforeProcessingInitializeOnLoad (199ms)
			ProcessInitializeOnLoadAttributes (405ms)
			ProcessInitializeOnLoadMethodAttributes (78ms)
			AfterProcessingInitializeOnLoad (8ms)
			EditorAssembliesLoaded (0ms)
		ExecutionOrderSort2 (0ms)
		AwakeInstancesAfterBackupRestoration (22ms)
Refreshing native plugins compatible for Editor in 1.61 ms, found 4 plugins.
Preloading 0 native plugins for Editor in 0.00 ms.
Unloading 16 Unused Serialized files (Serialized files now loaded: 0)
Unloading 6671 unused Assets / (3.9 MB). Loaded Objects now: 7528.
Memory consumption went from 165.6 MB to 161.7 MB.
Total: 9.665100 ms (FindLiveObjects: 0.873700 ms CreateObjectMapping: 0.650800 ms MarkObjects: 5.549600 ms  DeleteObjects: 2.589200 ms)

Prepare: number of updated asset objects reloaded= 0
========================================================================
Received Import Request.
  Time since last request: 8.873821 seconds.
  path: Assets/Scripts/Weapons/Impls/BladedЦeapon.cs
  artifactKey: Guid(c33d53b8d010be54d8f7f4bd86bd7794) Importer(815301076,1909f56bfc062723c751e8b465ee728b)
Start importing Assets/Scripts/Weapons/Impls/BladedЦeapon.cs using Guid(c33d53b8d010be54d8f7f4bd86bd7794) Importer(815301076,1909f56bfc062723c751e8b465ee728b) (PreviewImporter) -> (artifact id: '030d729131b40a78e18f748c10551e2b') in 0.0018683 seconds
Number of updated asset objects reloaded before import = 0Number of asset objects unloaded after import = 0

========================================================================
Received Prepare
Script 'CharacterController' has the same name as built-in Unity component.
AddComponent and GetComponent will not work with this script.
Refreshing native plugins compatible for Editor in 2.68 ms, found 4 plugins.
Preloading 0 native plugins for Editor in 0.00 ms.
Unloading 16 Unused Serialized files (Serialized files now loaded: 0)
Unloading 6659 unused Assets / (4.0 MB). Loaded Objects now: 7527.
Memory consumption went from 165.7 MB to 161.7 MB.
Total: 14.657700 ms (FindLiveObjects: 1.482200 ms CreateObjectMapping: 3.437400 ms MarkObjects: 6.997200 ms  DeleteObjects: 2.739700 ms)

Prepare: number of updated asset objects reloaded= 0
========================================================================
Received Prepare
Begin MonoManager ReloadAssembly
- Loaded All Assemblies, in  1.026 seconds
Script 'CharacterController' has the same name as built-in Unity component.
AddComponent and GetComponent will not work with this script.
Refreshing native plugins compatible for Editor in 1.42 ms, found 4 plugins.
Native extension for WindowsStandalone target not found
[Package Manager] Failed to launch server process. Reason: Unity was launched with the -noUpm command-line argument
[Package Manager] Unable to send message (not connected to server process).
[Package Manager] Cannot connect to Unity Package Manager local server
[Package Manager] Failed to launch server process. Reason: Unity was launched with the -noUpm command-line argument
[Package Manager] Unable to send message (not connected to server process).
[Package Manager] Cannot connect to Unity Package Manager local server
ScheduleIndexationOnStartup MainProcess:False IndexOnStartup:True
Mono: successfully reloaded assembly
- Finished resetting the current domain, in  1.119 seconds
Domain Reload Profiling: 2146ms
	BeginReloadAssembly (303ms)
		ExecutionOrderSort (0ms)
		DisableScriptedObjects (8ms)
		BackupInstance (0ms)
		ReleaseScriptingObjects (0ms)
		CreateAndSetChildDomain (81ms)
	RebuildCommonClasses (49ms)
	RebuildNativeTypeToScriptingClass (20ms)
	initialDomainReloadingComplete (37ms)
	LoadAllAssembliesAndSetupDomain (619ms)
		LoadAssemblies (476ms)
		RebuildTransferFunctionScriptingTraits (0ms)
		AnalyzeDomain (273ms)
			TypeCache.Refresh (14ms)
				TypeCache.ScanAssembly (1ms)
			BuildScriptInfoCaches (244ms)
			ResolveRequiredComponents (11ms)
	FinalizeReload (1120ms)
		ReleaseScriptCaches (0ms)
		RebuildScriptCaches (0ms)
		SetupLoadedEditorAssemblies (791ms)
			LogAssemblyErrors (0ms)
			InitializePlatformSupportModulesInManaged (3ms)
			SetLoadedEditorAssemblies (9ms)
			BeforeProcessingInitializeOnLoad (307ms)
			ProcessInitializeOnLoadAttributes (387ms)
			ProcessInitializeOnLoadMethodAttributes (76ms)
			AfterProcessingInitializeOnLoad (8ms)
			EditorAssembliesLoaded (0ms)
		ExecutionOrderSort2 (0ms)
		AwakeInstancesAfterBackupRestoration (18ms)
Refreshing native plugins compatible for Editor in 2.22 ms, found 4 plugins.
Preloading 0 native plugins for Editor in 0.00 ms.
Unloading 16 Unused Serialized files (Serialized files now loaded: 0)
Unloading 6670 unused Assets / (3.9 MB). Loaded Objects now: 7530.
Memory consumption went from 168.5 MB to 164.5 MB.
Total: 9.351500 ms (FindLiveObjects: 0.823700 ms CreateObjectMapping: 0.605100 ms MarkObjects: 5.564700 ms  DeleteObjects: 2.356800 ms)

Prepare: number of updated asset objects reloaded= 0
========================================================================
Received Prepare
Script 'CharacterController' has the same name as built-in Unity component.
AddComponent and GetComponent will not work with this script.
Refreshing native plugins compatible for Editor in 2.12 ms, found 4 plugins.
Preloading 0 native plugins for Editor in 0.00 ms.
Unloading 16 Unused Serialized files (Serialized files now loaded: 0)
Unloading 6660 unused Assets / (4.0 MB). Loaded Objects now: 7531.
Memory consumption went from 171.4 MB to 167.4 MB.
Total: 18.922000 ms (FindLiveObjects: 0.884400 ms CreateObjectMapping: 1.144100 ms MarkObjects: 14.177700 ms  DeleteObjects: 2.714600 ms)

Prepare: number of updated asset objects reloaded= 0
========================================================================
Received Import Request.
  Time since last request: 20.975147 seconds.
  path: Assets/Scripts/Weapons/Impls/BladedWeapon.cs
  artifactKey: Guid(8bdda020a3a7c3848b2aa68125f246d1) Importer(815301076,1909f56bfc062723c751e8b465ee728b)
Start importing Assets/Scripts/Weapons/Impls/BladedWeapon.cs using Guid(8bdda020a3a7c3848b2aa68125f246d1) Importer(815301076,1909f56bfc062723c751e8b465ee728b) (PreviewImporter) -> (artifact id: 'c31eebfe3c9657f4bc9026aa6b14b2a4') in 0.0029127 seconds
Number of updated asset objects reloaded before import = 0Number of asset objects unloaded after import = 0

========================================================================
Received Prepare
Begin MonoManager ReloadAssembly
- Loaded All Assemblies, in  1.040 seconds
Script 'CharacterController' has the same name as built-in Unity component.
AddComponent and GetComponent will not work with this script.
Refreshing native plugins compatible for Editor in 1.83 ms, found 4 plugins.
Native extension for WindowsStandalone target not found
[Package Manager] Failed to launch server process. Reason: Unity was launched with the -noUpm command-line argument
[Package Manager] Unable to send message (not connected to server process).
[Package Manager] Cannot connect to Unity Package Manager local server
[Package Manager] Failed to launch server process. Reason: Unity was launched with the -noUpm command-line argument
[Package Manager] Unable to send message (not connected to server process).
[Package Manager] Cannot connect to Unity Package Manager local server
ScheduleIndexationOnStartup MainProcess:False IndexOnStartup:True
Mono: successfully reloaded assembly
- Finished resetting the current domain, in  1.170 seconds
Domain Reload Profiling: 2212ms
	BeginReloadAssembly (343ms)
		ExecutionOrderSort (0ms)
		DisableScriptedObjects (12ms)
		BackupInstance (0ms)
		ReleaseScriptingObjects (0ms)
		CreateAndSetChildDomain (112ms)
	RebuildCommonClasses (51ms)
	RebuildNativeTypeToScriptingClass (21ms)
	initialDomainReloadingComplete (41ms)
	LoadAllAssembliesAndSetupDomain (585ms)
		LoadAssemblies (451ms)
		RebuildTransferFunctionScriptingTraits (0ms)
		AnalyzeDomain (281ms)
			TypeCache.Refresh (14ms)
				TypeCache.ScanAssembly (1ms)
			BuildScriptInfoCaches (243ms)
			ResolveRequiredComponents (15ms)
	FinalizeReload (1170ms)
		ReleaseScriptCaches (0ms)
		RebuildScriptCaches (0ms)
		SetupLoadedEditorAssemblies (943ms)
			LogAssemblyErrors (0ms)
			InitializePlatformSupportModulesInManaged (2ms)
			SetLoadedEditorAssemblies (6ms)
			BeforeProcessingInitializeOnLoad (316ms)
			ProcessInitializeOnLoadAttributes (525ms)
			ProcessInitializeOnLoadMethodAttributes (85ms)
			AfterProcessingInitializeOnLoad (9ms)
			EditorAssembliesLoaded (1ms)
		ExecutionOrderSort2 (0ms)
		AwakeInstancesAfterBackupRestoration (19ms)
Refreshing native plugins compatible for Editor in 1.98 ms, found 4 plugins.
Preloading 0 native plugins for Editor in 0.00 ms.
Unloading 16 Unused Serialized files (Serialized files now loaded: 0)
Unloading 6671 unused Assets / (3.9 MB). Loaded Objects now: 7534.
Memory consumption went from 165.8 MB to 161.9 MB.
Total: 9.810700 ms (FindLiveObjects: 0.829700 ms CreateObjectMapping: 0.842000 ms MarkObjects: 5.683300 ms  DeleteObjects: 2.454100 ms)

Prepare: number of updated asset objects reloaded= 0
========================================================================
Received Import Request.
  Time since last request: 8.593095 seconds.
  path: Assets/Scripts/Weapons/Impls/BladedWeapon.cs
  artifactKey: Guid(8bdda020a3a7c3848b2aa68125f246d1) Importer(815301076,1909f56bfc062723c751e8b465ee728b)
Start importing Assets/Scripts/Weapons/Impls/BladedWeapon.cs using Guid(8bdda020a3a7c3848b2aa68125f246d1) Importer(815301076,1909f56bfc062723c751e8b465ee728b) (PreviewImporter) -> (artifact id: '0d41bf31ca3f4b5ba14193a8dbbb0b7d') in 0.0020686 seconds
Number of updated asset objects reloaded before import = 0Number of asset objects unloaded after import = 0

========================================================================
Received Prepare
Script 'CharacterController' has the same name as built-in Unity component.
AddComponent and GetComponent will not work with this script.
Refreshing native plugins compatible for Editor in 1.42 ms, found 4 plugins.
Preloading 0 native plugins for Editor in 0.00 ms.
Unloading 16 Unused Serialized files (Serialized files now loaded: 0)
Unloading 6660 unused Assets / (4.0 MB). Loaded Objects now: 7534.
Memory consumption went from 165.9 MB to 161.9 MB.
Total: 13.024800 ms (FindLiveObjects: 0.964600 ms CreateObjectMapping: 1.228100 ms MarkObjects: 8.269200 ms  DeleteObjects: 2.561200 ms)

Prepare: number of updated asset objects reloaded= 0
========================================================================
Received Import Request.
  Time since last request: 204.281977 seconds.
  path: Assets/Scripts/Weapons/Impls/BladedWeapon.cs
  artifactKey: Guid(8bdda020a3a7c3848b2aa68125f246d1) Importer(815301076,1909f56bfc062723c751e8b465ee728b)
Start importing Assets/Scripts/Weapons/Impls/BladedWeapon.cs using Guid(8bdda020a3a7c3848b2aa68125f246d1) Importer(815301076,1909f56bfc062723c751e8b465ee728b) (PreviewImporter) -> (artifact id: 'bea78fb44030c4809664e32b035e4143') in 0.0023153 seconds
Number of updated asset objects reloaded before import = 0Number of asset objects unloaded after import = 0

========================================================================
Received Prepare
Begin MonoManager ReloadAssembly
[Licensing::Client] Successfully resolved entitlement details
- Loaded All Assemblies, in  1.315 seconds
Script 'CharacterController' has the same name as built-in Unity component.
AddComponent and GetComponent will not work with this script.
Refreshing native plugins compatible for Editor in 1.44 ms, found 4 plugins.
Native extension for WindowsStandalone target not found
[Package Manager] Failed to launch server process. Reason: Unity was launched with the -noUpm command-line argument
[Package Manager] Unable to send message (not connected to server process).
[Package Manager] Cannot connect to Unity Package Manager local server
[Package Manager] Failed to launch server process. Reason: Unity was launched with the -noUpm command-line argument
[Package Manager] Unable to send message (not connected to server process).
[Package Manager] Cannot connect to Unity Package Manager local server
ScheduleIndexationOnStartup MainProcess:False IndexOnStartup:True
Mono: successfully reloaded assembly
- Finished resetting the current domain, in  0.938 seconds
Domain Reload Profiling: 2252ms
	BeginReloadAssembly (510ms)
		ExecutionOrderSort (0ms)
		DisableScriptedObjects (90ms)
		BackupInstance (0ms)
		ReleaseScriptingObjects (0ms)
		CreateAndSetChildDomain (103ms)
	RebuildCommonClasses (75ms)
	RebuildNativeTypeToScriptingClass (22ms)
	initialDomainReloadingComplete (51ms)
	LoadAllAssembliesAndSetupDomain (656ms)
		LoadAssemblies (484ms)
		RebuildTransferFunctionScriptingTraits (0ms)
		AnalyzeDomain (326ms)
			TypeCache.Refresh (13ms)
				TypeCache.ScanAssembly (1ms)
			BuildScriptInfoCaches (297ms)
			ResolveRequiredComponents (11ms)
	FinalizeReload (939ms)
		ReleaseScriptCaches (0ms)
		RebuildScriptCaches (0ms)
		SetupLoadedEditorAssemblies (703ms)
			LogAssemblyErrors (0ms)
			InitializePlatformSupportModulesInManaged (2ms)
			SetLoadedEditorAssemblies (6ms)
			BeforeProcessingInitializeOnLoad (187ms)
			ProcessInitializeOnLoadAttributes (398ms)
			ProcessInitializeOnLoadMethodAttributes (100ms)
			AfterProcessingInitializeOnLoad (10ms)
			EditorAssembliesLoaded (1ms)
		ExecutionOrderSort2 (0ms)
		AwakeInstancesAfterBackupRestoration (20ms)
Refreshing native plugins compatible for Editor in 1.90 ms, found 4 plugins.
Preloading 0 native plugins for Editor in 0.00 ms.
Unloading 16 Unused Serialized files (Serialized files now loaded: 0)
Unloading 6671 unused Assets / (4.0 MB). Loaded Objects now: 7537.
Memory consumption went from 165.8 MB to 161.8 MB.
Total: 11.375700 ms (FindLiveObjects: 0.876800 ms CreateObjectMapping: 0.821300 ms MarkObjects: 6.581800 ms  DeleteObjects: 3.094400 ms)

Prepare: number of updated asset objects reloaded= 0
========================================================================
Received Prepare
Script 'CharacterController' has the same name as built-in Unity component.
AddComponent and GetComponent will not work with this script.
Refreshing native plugins compatible for Editor in 3.04 ms, found 4 plugins.
Preloading 0 native plugins for Editor in 0.00 ms.
Unloading 16 Unused Serialized files (Serialized files now loaded: 0)
Unloading 6660 unused Assets / (4.1 MB). Loaded Objects now: 7537.
Memory consumption went from 168.7 MB to 164.6 MB.
Total: 19.937600 ms (FindLiveObjects: 1.016600 ms CreateObjectMapping: 3.275300 ms MarkObjects: 12.692000 ms  DeleteObjects: 2.952200 ms)

Prepare: number of updated asset objects reloaded= 0
========================================================================
Received Import Request.
  Time since last request: 11.681218 seconds.
  path: Assets/Scripts/Weapons/Impls/BladedWeapon.cs
  artifactKey: Guid(8bdda020a3a7c3848b2aa68125f246d1) Importer(815301076,1909f56bfc062723c751e8b465ee728b)
Start importing Assets/Scripts/Weapons/Impls/BladedWeapon.cs using Guid(8bdda020a3a7c3848b2aa68125f246d1) Importer(815301076,1909f56bfc062723c751e8b465ee728b) (PreviewImporter) -> (artifact id: 'b108cbbd0f0d713c6920b3931ff4f0ca') in 0.0019876 seconds
Number of updated asset objects reloaded before import = 0Number of asset objects unloaded after import = 0

========================================================================
Received Prepare
Script 'CharacterController' has the same name as built-in Unity component.
AddComponent and GetComponent will not work with this script.
Refreshing native plugins compatible for Editor in 33.42 ms, found 4 plugins.
Preloading 0 native plugins for Editor in 0.00 ms.
Unloading 16 Unused Serialized files (Serialized files now loaded: 0)
Unloading 6660 unused Assets / (1.9 MB). Loaded Objects now: 7537.
Memory consumption went from 166.0 MB to 164.0 MB.
Total: 536.263300 ms (FindLiveObjects: 1.130700 ms CreateObjectMapping: 1.967300 ms MarkObjects: 524.767000 ms  DeleteObjects: 8.395900 ms)

Prepare: number of updated asset objects reloaded= 0
========================================================================
Received Prepare
Begin MonoManager ReloadAssembly
[Licensing::Client] Successfully resolved entitlement details
- Loaded All Assemblies, in  1.102 seconds
Script 'CharacterController' has the same name as built-in Unity component.
AddComponent and GetComponent will not work with this script.
Refreshing native plugins compatible for Editor in 1.65 ms, found 4 plugins.
Native extension for WindowsStandalone target not found
[Package Manager] Failed to launch server process. Reason: Unity was launched with the -noUpm command-line argument
[Package Manager] Unable to send message (not connected to server process).
[Package Manager] Cannot connect to Unity Package Manager local server
[Package Manager] Failed to launch server process. Reason: Unity was launched with the -noUpm command-line argument
[Package Manager] Unable to send message (not connected to server process).
[Package Manager] Cannot connect to Unity Package Manager local server
ScheduleIndexationOnStartup MainProcess:False IndexOnStartup:True
Mono: successfully reloaded assembly
- Finished resetting the current domain, in  1.277 seconds
Domain Reload Profiling: 2383ms
	BeginReloadAssembly (300ms)
		ExecutionOrderSort (0ms)
		DisableScriptedObjects (10ms)
		BackupInstance (0ms)
		ReleaseScriptingObjects (0ms)
		CreateAndSetChildDomain (60ms)
	RebuildCommonClasses (51ms)
	RebuildNativeTypeToScriptingClass (19ms)
	initialDomainReloadingComplete (40ms)
	LoadAllAssembliesAndSetupDomain (694ms)
		LoadAssemblies (552ms)
		RebuildTransferFunctionScriptingTraits (0ms)
		AnalyzeDomain (297ms)
			TypeCache.Refresh (13ms)
				TypeCache.ScanAssembly (1ms)
			BuildScriptInfoCaches (260ms)
			ResolveRequiredComponents (17ms)
	FinalizeReload (1278ms)
		ReleaseScriptCaches (0ms)
		RebuildScriptCaches (0ms)
		SetupLoadedEditorAssemblies (991ms)
			LogAssemblyErrors (0ms)
			InitializePlatformSupportModulesInManaged (2ms)
			SetLoadedEditorAssemblies (8ms)
			BeforeProcessingInitializeOnLoad (276ms)
			ProcessInitializeOnLoadAttributes (578ms)
			ProcessInitializeOnLoadMethodAttributes (117ms)
			AfterProcessingInitializeOnLoad (10ms)
			EditorAssembliesLoaded (1ms)
		ExecutionOrderSort2 (0ms)
		AwakeInstancesAfterBackupRestoration (26ms)
Refreshing native plugins compatible for Editor in 2.45 ms, found 4 plugins.
Preloading 0 native plugins for Editor in 0.00 ms.
Unloading 16 Unused Serialized files (Serialized files now loaded: 0)
Unloading 6671 unused Assets / (3.2 MB). Loaded Objects now: 7540.
Memory consumption went from 168.6 MB to 165.4 MB.
Total: 18.114000 ms (FindLiveObjects: 1.014100 ms CreateObjectMapping: 4.448400 ms MarkObjects: 8.617900 ms  DeleteObjects: 4.032000 ms)

Prepare: number of updated asset objects reloaded= 0
========================================================================
Received Import Request.
  Time since last request: 233.186862 seconds.
  path: Assets/Scripts/Weapons/Impls/BladedWeapon.cs
  artifactKey: Guid(8bdda020a3a7c3848b2aa68125f246d1) Importer(815301076,1909f56bfc062723c751e8b465ee728b)
Start importing Assets/Scripts/Weapons/Impls/BladedWeapon.cs using Guid(8bdda020a3a7c3848b2aa68125f246d1) Importer(815301076,1909f56bfc062723c751e8b465ee728b) (PreviewImporter) -> (artifact id: '0f24ee33372cbb2e7bb0e1bdb2ba4ab1') in 0.0031523 seconds
Number of updated asset objects reloaded before import = 0Number of asset objects unloaded after import = 0

========================================================================
Received Import Request.
  Time since last request: 45.734757 seconds.
  path: Assets/Scripts/Attack/AttackController.cs
  artifactKey: Guid(c597d8ac9373f164c9972dd72ffa7dce) Importer(815301076,1909f56bfc062723c751e8b465ee728b)
Start importing Assets/Scripts/Attack/AttackController.cs using Guid(c597d8ac9373f164c9972dd72ffa7dce) Importer(815301076,1909f56bfc062723c751e8b465ee728b) (PreviewImporter) -> (artifact id: '69a0d93f5219abee0c856962e2d98120') in 0.0014345 seconds
Number of updated asset objects reloaded before import = 0Number of asset objects unloaded after import = 0

========================================================================
Received Import Request.
  Time since last request: 0.359656 seconds.
  path: Assets/Scripts/Attack/IAttacker.cs
  artifactKey: Guid(be94139b525d00642923e18a624b012d) Importer(815301076,1909f56bfc062723c751e8b465ee728b)
Start importing Assets/Scripts/Attack/IAttacker.cs using Guid(be94139b525d00642923e18a624b012d) Importer(815301076,1909f56bfc062723c751e8b465ee728b) (PreviewImporter) -> (artifact id: '4ba210d87ed6a95a72daa2f8938ce917') in 0.0008185 seconds
Number of updated asset objects reloaded before import = 0Number of asset objects unloaded after import = 0

========================================================================
Received Prepare
Script 'CharacterController' has the same name as built-in Unity component.
AddComponent and GetComponent will not work with this script.
Refreshing native plugins compatible for Editor in 1.86 ms, found 4 plugins.
Preloading 0 native plugins for Editor in 0.00 ms.
Unloading 16 Unused Serialized files (Serialized files now loaded: 0)
Unloading 6660 unused Assets / (4.0 MB). Loaded Objects now: 7540.
Memory consumption went from 166.0 MB to 162.1 MB.
Total: 22.506600 ms (FindLiveObjects: 2.398200 ms CreateObjectMapping: 2.837000 ms MarkObjects: 12.363700 ms  DeleteObjects: 4.904400 ms)

Prepare: number of updated asset objects reloaded= 0
========================================================================
Received Import Request.
  Time since last request: 63.263340 seconds.
  path: Assets/Scripts/Attack/AttackController.cs
  artifactKey: Guid(c597d8ac9373f164c9972dd72ffa7dce) Importer(815301076,1909f56bfc062723c751e8b465ee728b)
Start importing Assets/Scripts/Attack/AttackController.cs using Guid(c597d8ac9373f164c9972dd72ffa7dce) Importer(815301076,1909f56bfc062723c751e8b465ee728b) (PreviewImporter) -> (artifact id: '5e35351c273934fe52097aaf1853e411') in 0.0024983 seconds
Number of updated asset objects reloaded before import = 0Number of asset objects unloaded after import = 0

========================================================================
Received Prepare
Script 'CharacterController' has the same name as built-in Unity component.
AddComponent and GetComponent will not work with this script.
Refreshing native plugins compatible for Editor in 3.81 ms, found 4 plugins.
Preloading 0 native plugins for Editor in 0.00 ms.
Unloading 16 Unused Serialized files (Serialized files now loaded: 0)
Unloading 6660 unused Assets / (3.9 MB). Loaded Objects now: 7540.
Memory consumption went from 166.0 MB to 162.1 MB.
Total: 14.999300 ms (FindLiveObjects: 1.097600 ms CreateObjectMapping: 1.363400 ms MarkObjects: 8.730700 ms  DeleteObjects: 3.806200 ms)

Prepare: number of updated asset objects reloaded= 0
========================================================================
Received Prepare
Script 'CharacterController' has the same name as built-in Unity component.
AddComponent and GetComponent will not work with this script.
Refreshing native plugins compatible for Editor in 1.80 ms, found 4 plugins.
Preloading 0 native plugins for Editor in 0.00 ms.
Unloading 16 Unused Serialized files (Serialized files now loaded: 0)
Unloading 6660 unused Assets / (3.3 MB). Loaded Objects now: 7540.
Memory consumption went from 168.8 MB to 165.5 MB.
Total: 17.301200 ms (FindLiveObjects: 1.122300 ms CreateObjectMapping: 5.989500 ms MarkObjects: 6.745100 ms  DeleteObjects: 3.442200 ms)

Prepare: number of updated asset objects reloaded= 0
========================================================================
Received Import Request.
  Time since last request: 263.599609 seconds.
  path: Assets/Scripts/Weapons/WeaponBehaviour.cs
  artifactKey: Guid(2b2b8d83100e03145864eb3cfd77dab7) Importer(815301076,1909f56bfc062723c751e8b465ee728b)
Start importing Assets/Scripts/Weapons/WeaponBehaviour.cs using Guid(2b2b8d83100e03145864eb3cfd77dab7) Importer(815301076,1909f56bfc062723c751e8b465ee728b) (PreviewImporter) -> (artifact id: 'dbdfcbbb3266f2e6058bf07c4a7dcf20') in 0.0011001 seconds
Number of updated asset objects reloaded before import = 0Number of asset objects unloaded after import = 0

========================================================================
Received Prepare
Script 'CharacterController' has the same name as built-in Unity component.
AddComponent and GetComponent will not work with this script.
Refreshing native plugins compatible for Editor in 2.21 ms, found 4 plugins.
Preloading 0 native plugins for Editor in 0.00 ms.
Unloading 16 Unused Serialized files (Serialized files now loaded: 0)
Unloading 6660 unused Assets / (4.2 MB). Loaded Objects now: 7540.
Memory consumption went from 166.0 MB to 161.8 MB.
Total: 16.869400 ms (FindLiveObjects: 1.371300 ms CreateObjectMapping: 1.916000 ms MarkObjects: 9.667100 ms  DeleteObjects: 3.913200 ms)

Prepare: number of updated asset objects reloaded= 0
========================================================================
Received Import Request.
  Time since last request: 11.091840 seconds.
  path: Assets/Scripts/Weapons/WeaponData.cs
  artifactKey: Guid(2d9720b74ca933e4da48927938fdb464) Importer(815301076,1909f56bfc062723c751e8b465ee728b)
Start importing Assets/Scripts/Weapons/WeaponData.cs using Guid(2d9720b74ca933e4da48927938fdb464) Importer(815301076,1909f56bfc062723c751e8b465ee728b) (PreviewImporter) -> (artifact id: 'a4d8e65fe17925ca02b019e88cd3ca9a') in 0.0012308 seconds
Number of updated asset objects reloaded before import = 0Number of asset objects unloaded after import = 0

========================================================================
Received Prepare
Script 'CharacterController' has the same name as built-in Unity component.
AddComponent and GetComponent will not work with this script.
Refreshing native plugins compatible for Editor in 3.99 ms, found 4 plugins.
Preloading 0 native plugins for Editor in 0.00 ms.
Unloading 16 Unused Serialized files (Serialized files now loaded: 0)
Unloading 6660 unused Assets / (4.0 MB). Loaded Objects now: 7540.
Memory consumption went from 166.0 MB to 162.0 MB.
Total: 10.264800 ms (FindLiveObjects: 1.108000 ms CreateObjectMapping: 0.805100 ms MarkObjects: 5.772600 ms  DeleteObjects: 2.577700 ms)

Prepare: number of updated asset objects reloaded= 0
========================================================================
Received Prepare
Script 'CharacterController' has the same name as built-in Unity component.
AddComponent and GetComponent will not work with this script.
Refreshing native plugins compatible for Editor in 10.33 ms, found 4 plugins.
Preloading 0 native plugins for Editor in 0.00 ms.
Unloading 16 Unused Serialized files (Serialized files now loaded: 0)
Unloading 6660 unused Assets / (2.4 MB). Loaded Objects now: 7540.
Memory consumption went from 168.8 MB to 166.3 MB.
Total: 115.214700 ms (FindLiveObjects: 1.771800 ms CreateObjectMapping: 2.819700 ms MarkObjects: 14.898700 ms  DeleteObjects: 95.723100 ms)

Prepare: number of updated asset objects reloaded= 0
========================================================================
Received Prepare
Script 'CharacterController' has the same name as built-in Unity component.
AddComponent and GetComponent will not work with this script.
Refreshing native plugins compatible for Editor in 1.50 ms, found 4 plugins.
Preloading 0 native plugins for Editor in 0.00 ms.
Unloading 16 Unused Serialized files (Serialized files now loaded: 0)
Unloading 6660 unused Assets / (3.9 MB). Loaded Objects now: 7540.
Memory consumption went from 171.6 MB to 167.7 MB.
Total: 11.785600 ms (FindLiveObjects: 0.908000 ms CreateObjectMapping: 1.901200 ms MarkObjects: 6.492600 ms  DeleteObjects: 2.482200 ms)

Prepare: number of updated asset objects reloaded= 0
========================================================================
Received Prepare
Begin MonoManager ReloadAssembly
[Licensing::Client] Successfully resolved entitlement details
- Loaded All Assemblies, in  1.341 seconds
Script 'CharacterController' has the same name as built-in Unity component.
AddComponent and GetComponent will not work with this script.
Refreshing native plugins compatible for Editor in 2.05 ms, found 4 plugins.
Native extension for WindowsStandalone target not found
[Package Manager] Failed to launch server process. Reason: Unity was launched with the -noUpm command-line argument
[Package Manager] Unable to send message (not connected to server process).
[Package Manager] Cannot connect to Unity Package Manager local server
[Package Manager] Failed to launch server process. Reason: Unity was launched with the -noUpm command-line argument
[Package Manager] Unable to send message (not connected to server process).
[Package Manager] Cannot connect to Unity Package Manager local server
ScheduleIndexationOnStartup MainProcess:False IndexOnStartup:True
Mono: successfully reloaded assembly
- Finished resetting the current domain, in  0.915 seconds
Domain Reload Profiling: 2257ms
	BeginReloadAssembly (356ms)
		ExecutionOrderSort (0ms)
		DisableScriptedObjects (9ms)
		BackupInstance (0ms)
		ReleaseScriptingObjects (0ms)
		CreateAndSetChildDomain (63ms)
	RebuildCommonClasses (58ms)
	RebuildNativeTypeToScriptingClass (29ms)
	initialDomainReloadingComplete (43ms)
	LoadAllAssembliesAndSetupDomain (856ms)
		LoadAssemblies (716ms)
		RebuildTransferFunctionScriptingTraits (0ms)
		AnalyzeDomain (296ms)
			TypeCache.Refresh (15ms)
				TypeCache.ScanAssembly (1ms)
			BuildScriptInfoCaches (257ms)
			ResolveRequiredComponents (18ms)
	FinalizeReload (916ms)
		ReleaseScriptCaches (0ms)
		RebuildScriptCaches (0ms)
		SetupLoadedEditorAssemblies (679ms)
			LogAssemblyErrors (0ms)
			InitializePlatformSupportModulesInManaged (2ms)
			SetLoadedEditorAssemblies (7ms)
			BeforeProcessingInitializeOnLoad (181ms)
			ProcessInitializeOnLoadAttributes (402ms)
			ProcessInitializeOnLoadMethodAttributes (78ms)
			AfterProcessingInitializeOnLoad (8ms)
			EditorAssembliesLoaded (1ms)
		ExecutionOrderSort2 (0ms)
		AwakeInstancesAfterBackupRestoration (33ms)
Refreshing native plugins compatible for Editor in 2.71 ms, found 4 plugins.
Preloading 0 native plugins for Editor in 0.00 ms.
Unloading 16 Unused Serialized files (Serialized files now loaded: 0)
Unloading 6671 unused Assets / (3.1 MB). Loaded Objects now: 7543.
Memory consumption went from 174.2 MB to 171.0 MB.
Total: 15.559300 ms (FindLiveObjects: 0.917400 ms CreateObjectMapping: 1.433700 ms MarkObjects: 8.855400 ms  DeleteObjects: 4.350800 ms)

Prepare: number of updated asset objects reloaded= 0
========================================================================
Received Prepare
Script 'CharacterController' has the same name as built-in Unity component.
AddComponent and GetComponent will not work with this script.
Refreshing native plugins compatible for Editor in 1.95 ms, found 4 plugins.
Preloading 0 native plugins for Editor in 0.00 ms.
Unloading 16 Unused Serialized files (Serialized files now loaded: 0)
Unloading 6660 unused Assets / (4.0 MB). Loaded Objects now: 7543.
Memory consumption went from 177.1 MB to 173.1 MB.
Total: 10.318700 ms (FindLiveObjects: 0.885000 ms CreateObjectMapping: 0.829600 ms MarkObjects: 5.929200 ms  DeleteObjects: 2.673000 ms)

Prepare: number of updated asset objects reloaded= 0
========================================================================
Received Prepare
Begin MonoManager ReloadAssembly
- Loaded All Assemblies, in  1.122 seconds
Script 'CharacterController' has the same name as built-in Unity component.
AddComponent and GetComponent will not work with this script.
Refreshing native plugins compatible for Editor in 1.88 ms, found 4 plugins.
Native extension for WindowsStandalone target not found
[Package Manager] Failed to launch server process. Reason: Unity was launched with the -noUpm command-line argument
[Package Manager] Unable to send message (not connected to server process).
[Package Manager] Cannot connect to Unity Package Manager local server
[Package Manager] Failed to launch server process. Reason: Unity was launched with the -noUpm command-line argument
[Package Manager] Unable to send message (not connected to server process).
[Package Manager] Cannot connect to Unity Package Manager local server
ScheduleIndexationOnStartup MainProcess:False IndexOnStartup:True
Mono: successfully reloaded assembly
- Finished resetting the current domain, in  1.067 seconds
Domain Reload Profiling: 2191ms
	BeginReloadAssembly (370ms)
		ExecutionOrderSort (0ms)
		DisableScriptedObjects (8ms)
		BackupInstance (0ms)
		ReleaseScriptingObjects (0ms)
		CreateAndSetChildDomain (129ms)
	RebuildCommonClasses (68ms)
	RebuildNativeTypeToScriptingClass (24ms)
	initialDomainReloadingComplete (46ms)
	LoadAllAssembliesAndSetupDomain (614ms)
		LoadAssemblies (470ms)
		RebuildTransferFunctionScriptingTraits (0ms)
		AnalyzeDomain (294ms)
			TypeCache.Refresh (15ms)
				TypeCache.ScanAssembly (1ms)
			BuildScriptInfoCaches (262ms)
			ResolveRequiredComponents (12ms)
	FinalizeReload (1068ms)
		ReleaseScriptCaches (0ms)
		RebuildScriptCaches (0ms)
		SetupLoadedEditorAssemblies (819ms)
			LogAssemblyErrors (0ms)
			InitializePlatformSupportModulesInManaged (2ms)
			SetLoadedEditorAssemblies (9ms)
			BeforeProcessingInitializeOnLoad (308ms)
			ProcessInitializeOnLoadAttributes (407ms)
			ProcessInitializeOnLoadMethodAttributes (84ms)
			AfterProcessingInitializeOnLoad (9ms)
			EditorAssembliesLoaded (1ms)
		ExecutionOrderSort2 (0ms)
		AwakeInstancesAfterBackupRestoration (19ms)
Refreshing native plugins compatible for Editor in 2.02 ms, found 4 plugins.
Preloading 0 native plugins for Editor in 0.00 ms.
Unloading 16 Unused Serialized files (Serialized files now loaded: 0)
Unloading 6671 unused Assets / (3.9 MB). Loaded Objects now: 7546.
Memory consumption went from 179.9 MB to 176.0 MB.
Total: 10.505800 ms (FindLiveObjects: 1.165000 ms CreateObjectMapping: 1.061300 ms MarkObjects: 5.891500 ms  DeleteObjects: 2.386500 ms)

Prepare: number of updated asset objects reloaded= 0
========================================================================
Received Prepare
Begin MonoManager ReloadAssembly
[Licensing::Client] Successfully resolved entitlement details
- Loaded All Assemblies, in  1.070 seconds
Script 'CharacterController' has the same name as built-in Unity component.
AddComponent and GetComponent will not work with this script.
Refreshing native plugins compatible for Editor in 1.59 ms, found 4 plugins.
Native extension for WindowsStandalone target not found
[Package Manager] Failed to launch server process. Reason: Unity was launched with the -noUpm command-line argument
[Package Manager] Unable to send message (not connected to server process).
[Package Manager] Cannot connect to Unity Package Manager local server
[Package Manager] Failed to launch server process. Reason: Unity was launched with the -noUpm command-line argument
[Package Manager] Unable to send message (not connected to server process).
[Package Manager] Cannot connect to Unity Package Manager local server
ScheduleIndexationOnStartup MainProcess:False IndexOnStartup:True
Mono: successfully reloaded assembly
- Finished resetting the current domain, in  1.077 seconds
Domain Reload Profiling: 2152ms
	BeginReloadAssembly (321ms)
		ExecutionOrderSort (0ms)
		DisableScriptedObjects (10ms)
		BackupInstance (0ms)
		ReleaseScriptingObjects (0ms)
		CreateAndSetChildDomain (63ms)
	RebuildCommonClasses (63ms)
	RebuildNativeTypeToScriptingClass (29ms)
	initialDomainReloadingComplete (43ms)
	LoadAllAssembliesAndSetupDomain (617ms)
		LoadAssemblies (476ms)
		RebuildTransferFunctionScriptingTraits (0ms)
		AnalyzeDomain (303ms)
			TypeCache.Refresh (13ms)
				TypeCache.ScanAssembly (1ms)
			BuildScriptInfoCaches (271ms)
			ResolveRequiredComponents (14ms)
	FinalizeReload (1078ms)
		ReleaseScriptCaches (0ms)
		RebuildScriptCaches (0ms)
		SetupLoadedEditorAssemblies (838ms)
			LogAssemblyErrors (0ms)
			InitializePlatformSupportModulesInManaged (3ms)
			SetLoadedEditorAssemblies (10ms)
			BeforeProcessingInitializeOnLoad (349ms)
			ProcessInitializeOnLoadAttributes (388ms)
			ProcessInitializeOnLoadMethodAttributes (78ms)
			AfterProcessingInitializeOnLoad (8ms)
			EditorAssembliesLoaded (1ms)
		ExecutionOrderSort2 (0ms)
		AwakeInstancesAfterBackupRestoration (18ms)
Refreshing native plugins compatible for Editor in 2.05 ms, found 4 plugins.
Preloading 0 native plugins for Editor in 0.00 ms.
Unloading 16 Unused Serialized files (Serialized files now loaded: 0)
Unloading 6671 unused Assets / (3.9 MB). Loaded Objects now: 7549.
Memory consumption went from 182.7 MB to 178.8 MB.
Total: 9.905300 ms (FindLiveObjects: 0.864800 ms CreateObjectMapping: 0.615000 ms MarkObjects: 5.979200 ms  DeleteObjects: 2.444900 ms)

Prepare: number of updated asset objects reloaded= 0
========================================================================
Received Prepare
Script 'CharacterController' has the same name as built-in Unity component.
AddComponent and GetComponent will not work with this script.
Refreshing native plugins compatible for Editor in 1.64 ms, found 4 plugins.
Preloading 0 native plugins for Editor in 0.00 ms.
Unloading 16 Unused Serialized files (Serialized files now loaded: 0)
Unloading 6660 unused Assets / (4.0 MB). Loaded Objects now: 7549.
Memory consumption went from 185.7 MB to 181.7 MB.
Total: 11.747600 ms (FindLiveObjects: 0.935600 ms CreateObjectMapping: 0.805900 ms MarkObjects: 7.279300 ms  DeleteObjects: 2.724900 ms)

Prepare: number of updated asset objects reloaded= 0
========================================================================
Received Prepare
Begin MonoManager ReloadAssembly
[Licensing::Client] Successfully resolved entitlement details
- Loaded All Assemblies, in  1.105 seconds
Script 'CharacterController' has the same name as built-in Unity component.
AddComponent and GetComponent will not work with this script.
Refreshing native plugins compatible for Editor in 1.74 ms, found 4 plugins.
Native extension for WindowsStandalone target not found
[Package Manager] Failed to launch server process. Reason: Unity was launched with the -noUpm command-line argument
[Package Manager] Unable to send message (not connected to server process).
[Package Manager] Cannot connect to Unity Package Manager local server
[Package Manager] Failed to launch server process. Reason: Unity was launched with the -noUpm command-line argument
[Package Manager] Unable to send message (not connected to server process).
[Package Manager] Cannot connect to Unity Package Manager local server
ScheduleIndexationOnStartup MainProcess:False IndexOnStartup:True
Mono: successfully reloaded assembly
- Finished resetting the current domain, in  1.359 seconds
Domain Reload Profiling: 2465ms
	BeginReloadAssembly (361ms)
		ExecutionOrderSort (0ms)
		DisableScriptedObjects (12ms)
		BackupInstance (0ms)
		ReleaseScriptingObjects (0ms)
		CreateAndSetChildDomain (100ms)
	RebuildCommonClasses (64ms)
	RebuildNativeTypeToScriptingClass (22ms)
	initialDomainReloadingComplete (39ms)
	LoadAllAssembliesAndSetupDomain (620ms)
		LoadAssemblies (478ms)
		RebuildTransferFunctionScriptingTraits (0ms)
		AnalyzeDomain (297ms)
			TypeCache.Refresh (15ms)
				TypeCache.ScanAssembly (1ms)
			BuildScriptInfoCaches (262ms)
			ResolveRequiredComponents (15ms)
	FinalizeReload (1360ms)
		ReleaseScriptCaches (0ms)
		RebuildScriptCaches (0ms)
		SetupLoadedEditorAssemblies (1071ms)
			LogAssemblyErrors (0ms)
			InitializePlatformSupportModulesInManaged (2ms)
			SetLoadedEditorAssemblies (8ms)
			BeforeProcessingInitializeOnLoad (341ms)
			ProcessInitializeOnLoadAttributes (622ms)
			ProcessInitializeOnLoadMethodAttributes (89ms)
			AfterProcessingInitializeOnLoad (9ms)
			EditorAssembliesLoaded (1ms)
		ExecutionOrderSort2 (0ms)
		AwakeInstancesAfterBackupRestoration (18ms)
Refreshing native plugins compatible for Editor in 4.22 ms, found 4 plugins.
Preloading 0 native plugins for Editor in 0.00 ms.
Unloading 16 Unused Serialized files (Serialized files now loaded: 0)
Unloading 6671 unused Assets / (4.0 MB). Loaded Objects now: 7552.
Memory consumption went from 188.4 MB to 184.4 MB.
Total: 10.908400 ms (FindLiveObjects: 0.909900 ms CreateObjectMapping: 1.029200 ms MarkObjects: 6.138400 ms  DeleteObjects: 2.829500 ms)

Prepare: number of updated asset objects reloaded= 0
========================================================================
Received Prepare
Script 'CharacterController' has the same name as built-in Unity component.
AddComponent and GetComponent will not work with this script.
Refreshing native plugins compatible for Editor in 1.41 ms, found 4 plugins.
Preloading 0 native plugins for Editor in 0.00 ms.
Unloading 16 Unused Serialized files (Serialized files now loaded: 0)
Unloading 6660 unused Assets / (4.0 MB). Loaded Objects now: 7552.
Memory consumption went from 191.3 MB to 187.3 MB.
Total: 11.786400 ms (FindLiveObjects: 0.861900 ms CreateObjectMapping: 0.663000 ms MarkObjects: 7.623800 ms  DeleteObjects: 2.635800 ms)

Prepare: number of updated asset objects reloaded= 0
========================================================================
Received Prepare
Script 'CharacterController' has the same name as built-in Unity component.
AddComponent and GetComponent will not work with this script.
Refreshing native plugins compatible for Editor in 128.08 ms, found 4 plugins.
Preloading 0 native plugins for Editor in 0.00 ms.
Unloading 16 Unused Serialized files (Serialized files now loaded: 0)
Unloading 6660 unused Assets / (3.6 MB). Loaded Objects now: 7552.
Memory consumption went from 194.1 MB to 190.6 MB.
Total: 30.610300 ms (FindLiveObjects: 2.190400 ms CreateObjectMapping: 1.474100 ms MarkObjects: 18.673000 ms  DeleteObjects: 8.271400 ms)

Prepare: number of updated asset objects reloaded= 0
========================================================================
Received Prepare
Begin MonoManager ReloadAssembly
[Licensing::Client] Successfully resolved entitlement details
- Loaded All Assemblies, in  1.551 seconds
Script 'CharacterController' has the same name as built-in Unity component.
AddComponent and GetComponent will not work with this script.
Refreshing native plugins compatible for Editor in 1.55 ms, found 4 plugins.
Native extension for WindowsStandalone target not found
[Package Manager] Failed to launch server process. Reason: Unity was launched with the -noUpm command-line argument
[Package Manager] Unable to send message (not connected to server process).
[Package Manager] Cannot connect to Unity Package Manager local server
[Package Manager] Failed to launch server process. Reason: Unity was launched with the -noUpm command-line argument
[Package Manager] Unable to send message (not connected to server process).
[Package Manager] Cannot connect to Unity Package Manager local server
ScheduleIndexationOnStartup MainProcess:False IndexOnStartup:True
Mono: successfully reloaded assembly
- Finished resetting the current domain, in  1.017 seconds
Domain Reload Profiling: 2571ms
	BeginReloadAssembly (522ms)
		ExecutionOrderSort (0ms)
		DisableScriptedObjects (9ms)
		BackupInstance (0ms)
		ReleaseScriptingObjects (0ms)
		CreateAndSetChildDomain (122ms)
	RebuildCommonClasses (123ms)
	RebuildNativeTypeToScriptingClass (23ms)
	initialDomainReloadingComplete (57ms)
	LoadAllAssembliesAndSetupDomain (828ms)
		LoadAssemblies (689ms)
		RebuildTransferFunctionScriptingTraits (0ms)
		AnalyzeDomain (381ms)
			TypeCache.Refresh (13ms)
				TypeCache.ScanAssembly (1ms)
			BuildScriptInfoCaches (348ms)
			ResolveRequiredComponents (14ms)
	FinalizeReload (1018ms)
		ReleaseScriptCaches (0ms)
		RebuildScriptCaches (0ms)
		SetupLoadedEditorAssemblies (744ms)
			LogAssemblyErrors (0ms)
			InitializePlatformSupportModulesInManaged (3ms)
			SetLoadedEditorAssemblies (6ms)
			BeforeProcessingInitializeOnLoad (222ms)
			ProcessInitializeOnLoadAttributes (418ms)
			ProcessInitializeOnLoadMethodAttributes (86ms)
			AfterProcessingInitializeOnLoad (9ms)
			EditorAssembliesLoaded (1ms)
		ExecutionOrderSort2 (0ms)
		AwakeInstancesAfterBackupRestoration (20ms)
Refreshing native plugins compatible for Editor in 2.42 ms, found 4 plugins.
Preloading 0 native plugins for Editor in 0.00 ms.
Unloading 16 Unused Serialized files (Serialized files now loaded: 0)
Unloading 6671 unused Assets / (3.9 MB). Loaded Objects now: 7555.
Memory consumption went from 196.8 MB to 192.9 MB.
Total: 9.925600 ms (FindLiveObjects: 0.915300 ms CreateObjectMapping: 0.624500 ms MarkObjects: 6.042200 ms  DeleteObjects: 2.342400 ms)

Prepare: number of updated asset objects reloaded= 0
========================================================================
Received Prepare
Script 'CharacterController' has the same name as built-in Unity component.
AddComponent and GetComponent will not work with this script.
Refreshing native plugins compatible for Editor in 2.05 ms, found 4 plugins.
Preloading 0 native plugins for Editor in 0.00 ms.
Unloading 16 Unused Serialized files (Serialized files now loaded: 0)
Unloading 6660 unused Assets / (4.0 MB). Loaded Objects now: 7555.
Memory consumption went from 199.8 MB to 195.8 MB.
Total: 12.759600 ms (FindLiveObjects: 1.010800 ms CreateObjectMapping: 1.304000 ms MarkObjects: 6.661200 ms  DeleteObjects: 3.782300 ms)

Prepare: number of updated asset objects reloaded= 0
========================================================================
Received Prepare
Begin MonoManager ReloadAssembly
- Loaded All Assemblies, in  1.049 seconds
Script 'CharacterController' has the same name as built-in Unity component.
AddComponent and GetComponent will not work with this script.
Refreshing native plugins compatible for Editor in 2.22 ms, found 4 plugins.
Native extension for WindowsStandalone target not found
[Package Manager] Failed to launch server process. Reason: Unity was launched with the -noUpm command-line argument
[Package Manager] Unable to send message (not connected to server process).
[Package Manager] Cannot connect to Unity Package Manager local server
[Package Manager] Failed to launch server process. Reason: Unity was launched with the -noUpm command-line argument
[Package Manager] Unable to send message (not connected to server process).
[Package Manager] Cannot connect to Unity Package Manager local server
ScheduleIndexationOnStartup MainProcess:False IndexOnStartup:True
Mono: successfully reloaded assembly
- Finished resetting the current domain, in  1.102 seconds
Domain Reload Profiling: 2153ms
	BeginReloadAssembly (333ms)
		ExecutionOrderSort (0ms)
		DisableScriptedObjects (10ms)
		BackupInstance (0ms)
		ReleaseScriptingObjects (0ms)
		CreateAndSetChildDomain (61ms)
	RebuildCommonClasses (56ms)
	RebuildNativeTypeToScriptingClass (26ms)
	initialDomainReloadingComplete (50ms)
	LoadAllAssembliesAndSetupDomain (585ms)
		LoadAssemblies (440ms)
		RebuildTransferFunctionScriptingTraits (0ms)
		AnalyzeDomain (284ms)
			TypeCache.Refresh (12ms)
				TypeCache.ScanAssembly (1ms)
			BuildScriptInfoCaches (253ms)
			ResolveRequiredComponents (14ms)
	FinalizeReload (1103ms)
		ReleaseScriptCaches (0ms)
		RebuildScriptCaches (0ms)
		SetupLoadedEditorAssemblies (812ms)
			LogAssemblyErrors (0ms)
			InitializePlatformSupportModulesInManaged (2ms)
			SetLoadedEditorAssemblies (8ms)
			BeforeProcessingInitializeOnLoad (287ms)
			ProcessInitializeOnLoadAttributes (418ms)
			ProcessInitializeOnLoadMethodAttributes (87ms)
			AfterProcessingInitializeOnLoad (9ms)
			EditorAssembliesLoaded (1ms)
		ExecutionOrderSort2 (0ms)
		AwakeInstancesAfterBackupRestoration (22ms)
Refreshing native plugins compatible for Editor in 1.76 ms, found 4 plugins.
Preloading 0 native plugins for Editor in 0.00 ms.
Unloading 16 Unused Serialized files (Serialized files now loaded: 0)
Unloading 6671 unused Assets / (3.9 MB). Loaded Objects now: 7558.
Memory consumption went from 202.4 MB to 198.5 MB.
Total: 10.186300 ms (FindLiveObjects: 0.871700 ms CreateObjectMapping: 0.646700 ms MarkObjects: 6.015000 ms  DeleteObjects: 2.651400 ms)

Prepare: number of updated asset objects reloaded= 0
========================================================================
Received Prepare
Begin MonoManager ReloadAssembly
- Loaded All Assemblies, in  1.035 seconds
Script 'CharacterController' has the same name as built-in Unity component.
AddComponent and GetComponent will not work with this script.
Refreshing native plugins compatible for Editor in 1.68 ms, found 4 plugins.
Native extension for WindowsStandalone target not found
[Package Manager] Failed to launch server process. Reason: Unity was launched with the -noUpm command-line argument
[Package Manager] Unable to send message (not connected to server process).
[Package Manager] Cannot connect to Unity Package Manager local server
[Package Manager] Failed to launch server process. Reason: Unity was launched with the -noUpm command-line argument
[Package Manager] Unable to send message (not connected to server process).
[Package Manager] Cannot connect to Unity Package Manager local server
ScheduleIndexationOnStartup MainProcess:False IndexOnStartup:True
Mono: successfully reloaded assembly
- Finished resetting the current domain, in  1.393 seconds
Domain Reload Profiling: 2430ms
	BeginReloadAssembly (326ms)
		ExecutionOrderSort (0ms)
		DisableScriptedObjects (8ms)
		BackupInstance (0ms)
		ReleaseScriptingObjects (0ms)
		CreateAndSetChildDomain (60ms)
	RebuildCommonClasses (51ms)
	RebuildNativeTypeToScriptingClass (22ms)
	initialDomainReloadingComplete (43ms)
	LoadAllAssembliesAndSetupDomain (593ms)
		LoadAssemblies (493ms)
		RebuildTransferFunctionScriptingTraits (0ms)
		AnalyzeDomain (274ms)
			TypeCache.Refresh (16ms)
				TypeCache.ScanAssembly (1ms)
			BuildScriptInfoCaches (242ms)
			ResolveRequiredComponents (12ms)
	FinalizeReload (1394ms)
		ReleaseScriptCaches (0ms)
		RebuildScriptCaches (0ms)
		SetupLoadedEditorAssemblies (737ms)
			LogAssemblyErrors (0ms)
			InitializePlatformSupportModulesInManaged (2ms)
			SetLoadedEditorAssemblies (7ms)
			BeforeProcessingInitializeOnLoad (222ms)
			ProcessInitializeOnLoadAttributes (420ms)
			ProcessInitializeOnLoadMethodAttributes (77ms)
			AfterProcessingInitializeOnLoad (8ms)
			EditorAssembliesLoaded (0ms)
		ExecutionOrderSort2 (0ms)
		AwakeInstancesAfterBackupRestoration (18ms)
Refreshing native plugins compatible for Editor in 1.91 ms, found 4 plugins.
Preloading 0 native plugins for Editor in 0.00 ms.
Unloading 16 Unused Serialized files (Serialized files now loaded: 0)
Unloading 6671 unused Assets / (3.9 MB). Loaded Objects now: 7561.
Memory consumption went from 205.3 MB to 201.4 MB.
Total: 9.790800 ms (FindLiveObjects: 0.840800 ms CreateObjectMapping: 0.615300 ms MarkObjects: 5.771000 ms  DeleteObjects: 2.562400 ms)

Prepare: number of updated asset objects reloaded= 0
========================================================================
Received Import Request.
  Time since last request: 686.453596 seconds.
  path: Assets/Scripts/Weapons/Impls/BladedWeapon.cs
  artifactKey: Guid(8bdda020a3a7c3848b2aa68125f246d1) Importer(2089858483,b0f066a214c2f5e87bad3c948f4d605d)
Start importing Assets/Scripts/Weapons/Impls/BladedWeapon.cs using Guid(8bdda020a3a7c3848b2aa68125f246d1) Importer(2089858483,b0f066a214c2f5e87bad3c948f4d605d) (ScriptedImporter) -> (artifact id: '902b13d8ddf8690b7198bc83c192c0a8') in 0.1099337 seconds
Number of updated asset objects reloaded before import = 0Number of asset objects unloaded after import = 0

========================================================================
Received Import Request.
  Time since last request: 0.000032 seconds.
  path: Assets/Scripts/Attack/IAttacker.cs
  artifactKey: Guid(be94139b525d00642923e18a624b012d) Importer(2089858483,b0f066a214c2f5e87bad3c948f4d605d)
Start importing Assets/Scripts/Attack/IAttacker.cs using Guid(be94139b525d00642923e18a624b012d) Importer(2089858483,b0f066a214c2f5e87bad3c948f4d605d) (ScriptedImporter) -> (artifact id: 'd531a9e456c2ddc79e370422b9a3df21') in 0.0797497 seconds
Number of updated asset objects reloaded before import = 0Number of asset objects unloaded after import = 0

========================================================================
Received Import Request.
  Time since last request: 0.000036 seconds.
  path: Assets/Scenes/World1.unity
  artifactKey: Guid(21a953c70ff79a34dbaea83e8c5176e4) Importer(2089858483,b0f066a214c2f5e87bad3c948f4d605d)
Start importing Assets/Scenes/World1.unity using Guid(21a953c70ff79a34dbaea83e8c5176e4) Importer(2089858483,b0f066a214c2f5e87bad3c948f4d605d) (ScriptedImporter) -> (artifact id: '8b4612fb47c7556d26d35a5b6306fb27') in 0.0410435 seconds
Number of updated asset objects reloaded before import = 0Number of asset objects unloaded after import = 1

========================================================================
Received Import Request.
  Time since last request: 0.000017 seconds.
  path: Assets/Scripts/Attack/AttackController.cs
  artifactKey: Guid(c597d8ac9373f164c9972dd72ffa7dce) Importer(2089858483,b0f066a214c2f5e87bad3c948f4d605d)
Start importing Assets/Scripts/Attack/AttackController.cs using Guid(c597d8ac9373f164c9972dd72ffa7dce) Importer(2089858483,b0f066a214c2f5e87bad3c948f4d605d) (ScriptedImporter) -> (artifact id: '0618a94966e49754e058be6e8f64c0a4') in 0.0111163 seconds
Number of updated asset objects reloaded before import = 0Number of asset objects unloaded after import = 0

========================================================================
Received Import Request.
  Time since last request: 0.000017 seconds.
  path: Assets/Scripts/Spells/SpellController.cs
  artifactKey: Guid(dbadf034393297e4bbc9e745fddb90c0) Importer(2089858483,b0f066a214c2f5e87bad3c948f4d605d)
Start importing Assets/Scripts/Spells/SpellController.cs using Guid(dbadf034393297e4bbc9e745fddb90c0) Importer(2089858483,b0f066a214c2f5e87bad3c948f4d605d) (ScriptedImporter) -> (artifact id: '22105e5d845788c5594b40da0f91b5b8') in 0.0473639 seconds
Number of updated asset objects reloaded before import = 0Number of asset objects unloaded after import = 0

========================================================================
Received Import Request.
  Time since last request: 0.000054 seconds.
  path: Assets/Scripts/Weapons/WeaponData.cs
  artifactKey: Guid(2d9720b74ca933e4da48927938fdb464) Importer(2089858483,b0f066a214c2f5e87bad3c948f4d605d)
Start importing Assets/Scripts/Weapons/WeaponData.cs using Guid(2d9720b74ca933e4da48927938fdb464) Importer(2089858483,b0f066a214c2f5e87bad3c948f4d605d) (ScriptedImporter) -> (artifact id: 'a8cbd94a90f7b80daaba28206b6c89d8') in 0.0134519 seconds
Number of updated asset objects reloaded before import = 0Number of asset objects unloaded after import = 0

========================================================================
Received Import Request.
  Time since last request: 0.000029 seconds.
  path: Assets/Scripts/Charapters/Player/Player.cs
  artifactKey: Guid(de8d8ec3d9ff6ee4bafcf0308c8b534f) Importer(2089858483,b0f066a214c2f5e87bad3c948f4d605d)
Start importing Assets/Scripts/Charapters/Player/Player.cs using Guid(de8d8ec3d9ff6ee4bafcf0308c8b534f) Importer(2089858483,b0f066a214c2f5e87bad3c948f4d605d) (ScriptedImporter) -> (artifact id: '657916fad7596a9f4961d41f7dc16a75') in 0.0121875 seconds
Number of updated asset objects reloaded before import = 0Number of asset objects unloaded after import = 0

========================================================================
Received Import Request.
  Time since last request: 2.307702 seconds.
  path: Assets/Weapons
  artifactKey: Guid(2d31c6cd779897943a8276ae023f3682) Importer(815301076,1909f56bfc062723c751e8b465ee728b)
Start importing Assets/Weapons using Guid(2d31c6cd779897943a8276ae023f3682) Importer(815301076,1909f56bfc062723c751e8b465ee728b) (PreviewImporter) -> (artifact id: '22589e3ce282208ece48beb02d7a3ed9') in 0.0009178 seconds
Number of updated asset objects reloaded before import = 0Number of asset objects unloaded after import = 0

========================================================================
Received Import Request.
  Time since last request: 0.896704 seconds.
  path: Assets/Weapons
  artifactKey: Guid(2d31c6cd779897943a8276ae023f3682) Importer(2089858483,b0f066a214c2f5e87bad3c948f4d605d)
Start importing Assets/Weapons using Guid(2d31c6cd779897943a8276ae023f3682) Importer(2089858483,b0f066a214c2f5e87bad3c948f4d605d) (ScriptedImporter) -> (artifact id: '725e1dcf20dcf2ecb3b005e671cb72ad') in 0.0103394 seconds
Number of updated asset objects reloaded before import = 0Number of asset objects unloaded after import = 1

========================================================================
Received Import Request.
  Time since last request: 43.295664 seconds.
  path: Assets/Weapons/Sword.asset
  artifactKey: Guid(3e8224bd975138a4e8f488b3313593e4) Importer(815301076,1909f56bfc062723c751e8b465ee728b)
Start importing Assets/Weapons/Sword.asset using Guid(3e8224bd975138a4e8f488b3313593e4) Importer(815301076,1909f56bfc062723c751e8b465ee728b) (PreviewImporter) -> (artifact id: 'abdab8affec552b93025a4ddec2777d6') in 0.0217431 seconds
Number of updated asset objects reloaded before import = 0Number of asset objects unloaded after import = 1

========================================================================
Received Import Request.
  Time since last request: 0.913383 seconds.
  path: Assets/Weapons/Sword.asset
  artifactKey: Guid(3e8224bd975138a4e8f488b3313593e4) Importer(2089858483,b0f066a214c2f5e87bad3c948f4d605d)
Start importing Assets/Weapons/Sword.asset using Guid(3e8224bd975138a4e8f488b3313593e4) Importer(2089858483,b0f066a214c2f5e87bad3c948f4d605d) (ScriptedImporter) -> (artifact id: '8293230d431a62f48fbb0c612befc403') in 0.0662663 seconds
Number of updated asset objects reloaded before import = 0Number of asset objects unloaded after import = 1

========================================================================
Received Import Request.
  Time since last request: 17.096259 seconds.
  path: Assets/Weapons/Sword.asset
  artifactKey: Guid(3e8224bd975138a4e8f488b3313593e4) Importer(815301076,1909f56bfc062723c751e8b465ee728b)
Start importing Assets/Weapons/Sword.asset using Guid(3e8224bd975138a4e8f488b3313593e4) Importer(815301076,1909f56bfc062723c751e8b465ee728b) (PreviewImporter) -> (artifact id: 'c8e5d4e536483c1fc3fc6ee4a27f33e3') in 0.001997 seconds
Number of updated asset objects reloaded before import = 0Number of asset objects unloaded after import = 1

========================================================================
Received Import Request.
  Time since last request: 0.920308 seconds.
  path: Assets/Weapons/Sword.asset
  artifactKey: Guid(3e8224bd975138a4e8f488b3313593e4) Importer(2089858483,b0f066a214c2f5e87bad3c948f4d605d)
Start importing Assets/Weapons/Sword.asset using Guid(3e8224bd975138a4e8f488b3313593e4) Importer(2089858483,b0f066a214c2f5e87bad3c948f4d605d) (ScriptedImporter) -> (artifact id: '77a55fb877501ff962925346ddaae1a8') in 0.0148276 seconds
Number of updated asset objects reloaded before import = 0Number of asset objects unloaded after import = 1

========================================================================
Received Import Request.
  Time since last request: 7.389308 seconds.
  path: Assets/Prefabs/Player.prefab
  artifactKey: Guid(d7a0aefb9fbe70548bc3de2822a48891) Importer(815301076,1909f56bfc062723c751e8b465ee728b)
Start importing Assets/Prefabs/Player.prefab using Guid(d7a0aefb9fbe70548bc3de2822a48891) Importer(815301076,1909f56bfc062723c751e8b465ee728b) (PreviewImporter)