[Licensing::Module] Trying to connect to existing licensing client channel...
[Licensing::IpcConnector] Successfully connected to: "LicenseClient-Nikolaienko" at "2026-09-30T11:22:27.6666075Z"
Built from '6000.3/staging' branch; Version is '6000.3.23f1 (09d2ecc7fb28) revision 643820'; Using compiler version '194234433'; Build Type 'Release'
OS: 'Windows 10  (10.0.19045) 64bit Professional' Language: 'uk' Physical Memory: 15836 MB
BatchMode: 1, IsHumanControllingUs: 0, StartBugReporterOnCrash: 0, Is64bit: 1
System  architecture: x64
Process architecture: x64
Date: 2026-09-30T11:22:27Z

COMMAND LINE ARGUMENTS:
C:\Program Files\Unity 6000.3.23f1\Editor\Unity.exe
-adb2
-batchMode
-noUpm
-name
AssetImportWorker0
-projectPath
D:/Work/GitHub/Warrior
-logFile
Logs/AssetImportWorker0.log
-srvPort
62944
-parentPid
11304
-analyticsCloudUserId
7971561647502
-analyticsLocalProjectId
c7cc0ae59e5b7704cb63ead80490d558
-editorAnalyticsEnabled
1
-cbmEditorLicense
39f005d78c910ce70fc36487da3499a96581a704
-cbmMachineId
GTLbflJvPjdNQFstkC1Rl42jIrU=
-licensingIpc
LicenseClient-Nikolaienko
-job-worker-count
1
-background-job-worker-count
8
-gc-helper-count
1
-name
AssetImport
Successfully changed project path to: D:/Work/GitHub/Warrior
D:/Work/GitHub/Warrior
[UnityMemory] Configuration Parameters - Can be set up in boot.config
    "memorysetup-temp-allocator-size-nav-mesh-worker=65536"
    "memorysetup-temp-allocator-size-audio-worker=65536"
    "memorysetup-temp-allocator-size-gfx=262144"
    "memorysetup-allocator-temp-initial-block-size-main=262144"
    "memorysetup-allocator-temp-initial-block-size-worker=262144"
    "memorysetup-temp-allocator-size-background-worker=32768"
    "memorysetup-temp-allocator-size-job-worker=262144"
    "memorysetup-temp-allocator-size-preload-manager=33554432"
    "memorysetup-remapper-allocator-initial-capacity=32768"
    "memorysetup-temp-allocator-size-gi-baking-worker=262144"
    "memorysetup-temp-allocator-size-gi-baking-worker=262144"
    "memorysetup-temp-allocator-size-gi-baking-worker=262144"
    "memorysetup-temp-allocator-size-gi-baking-worker=262144"
    "memorysetup-temp-allocator-size-gi-baking-worker=262144"
    "memorysetup-bucket-allocator-granularity=16"
    "memorysetup-bucket-allocator-bucket-count=8"
    "memorysetup-bucket-allocator-block-size=33554432"
    "memorysetup-bucket-allocator-block-count=8"
    "memorysetup-main-allocator-block-size=16777216"
    "memorysetup-thread-allocator-block-size=16777216"
    "memorysetup-gfx-main-allocator-block-size=16777216"
    "memorysetup-gfx-thread-allocator-block-size=16777216"
    "memorysetup-cache-allocator-block-size=4194304"
    "memorysetup-typetree-allocator-block-size=2097152"
    "memorysetup-profiler-bucket-allocator-granularity=16"
    "memorysetup-profiler-bucket-allocator-bucket-count=8"
    "memorysetup-profiler-bucket-allocator-block-size=33554432"
    "memorysetup-profiler-bucket-allocator-block-count=8"
    "memorysetup-profiler-allocator-block-size=16777216"
    "memorysetup-profiler-editor-allocator-block-size=1048576"
    "memorysetup-temp-allocator-size-main=16777216"
    "memorysetup-job-temp-allocator-block-size=2097152"
    "memorysetup-job-temp-allocator-block-size-background=1048576"
    "memorysetup-job-temp-allocator-reduction-small-platforms=262144"
    "memorysetup-temp-allocator-size-cloud-worker=32768"
Player connection [13272]  Target information:

Player connection [13272]  * "[IP] 192.168.0.106 [Port] 0 [Flags] 2 [Guid] 4286000821 [EditorId] 4286000821 [Version] 1048832 [Id] WindowsEditor(7,DESKTOP-O7KKPMB) [Debug] 1 [PackageName] WindowsEditor [ProjectName] Editor" 

Player connection [13272] Host joined multi-casting on [225.0.0.222:54997]...
Player connection [13272] Host joined alternative multi-casting on [225.0.0.222:34997]...
JobSystem: Creating JobQueue using job-worker-count value 1
Input System module state changed to: Initialized.
[Physics::Module] Initialized fallback backend.
[Physics::Module] Id: 0xdecafbad
Library Redirect Path: Library/
[Physics::Module] Selected backend.
[Physics::Module] Name: PhysX
[Physics::Module] Id: 0xf2b8ea05
[Physics::Module] SDK Version: 4.1.2
[Physics::Module] Integration Version: 1.0.0
[Physics::Module] Threading Mode: Multi-Threaded
Refreshing native plugins compatible for Editor in 260.56 ms, found 4 plugins.
Preloading 0 native plugins for Editor in 0.00 ms.
Initialize engine version: 6000.3.23f1 (09d2ecc7fb28)
[Subsystems] Discovering subsystems at path C:/Program Files/Unity 6000.3.23f1/Editor/Data/Resources/UnitySubsystems
[Subsystems] Discovering subsystems at path D:/Work/GitHub/Warrior/Assets
GfxDevice: creating device client; kGfxThreadingModeNonThreaded
d3d12: failed to query info queue interface (0x80004002).
Direct3D:
    Version:         Direct3D 12 [level 11.1]
    Renderer:        Intel(R) HD Graphics 4600 (ID=0x412)
    Vendor:          Intel
    VRAM:            2048 MB
    App VRAM Budget: 2048 MB
    Driver:          20.19.15.4531
    Unified Memory Architecture
    Cache Coherent UMA
[Licensing::Client] Error: HandshakeResponse reported an error:
	ResponseCode: 505
	ResponseStatus: Unsupported protocol version '1.18.3'.
[Licensing::Module] Error: Failed to handshake to channel: "LicenseClient-Nikolaienko"
[Licensing::IpcConnector] LicenseClient-Nikolaienko channel disconnected successfully.
[Licensing::IpcConnector] Successfully connected to: "LicenseClient-Nikolaienko-6000.3.23" at "2026-09-30T11:22:31.1043686Z"
[Licensing::Client] Code 10 while verifying Licensing Client signature (process Id: 10968, path: "C:/Program Files/Unity 6000.3.23f1/Editor/Data/Resources/Licensing/Client/Unity.Licensing.Client.exe")
[Licensing::Module] LicensingClient has failed validation; ignoring
[Licensing::Client] Handshaking with LicensingClient:
  Version:                 1.18.3+d7ffd15
  Session Id:              0fff85efc6d4476a9d7b83ca99323414
  Correlation Id:          3406a8ffadeb7d26bb2f127ef8f4d198
  External correlation Id: 3961628446244890866
  Machine Id:              GTLbflJvPjdNQFstkC1Rl42jIrU=
[Licensing::Module] Successfully connected to LicensingClient on channel: "LicenseClient-Nikolaienko-6000.3.23" (connect: 0.01s, validation: 0.00s, handshake: 0.04s)
[Licensing::IpcConnector] Successfully connected to: "LicenseClient-Nikolaienko-6000.3.23-notifications" at "2026-09-30T11:22:31.1498649Z"
[Licensing::Module] Licensing Background thread has ended after 3.48s
Initialize mono
Mono path[0] = 'C:/Program Files/Unity 6000.3.23f1/Editor/Data/Managed'
Mono path[1] = 'C:/Program Files/Unity 6000.3.23f1/Editor/Data/MonoBleedingEdge/lib/mono/unityjit-win32'
Mono config path = 'C:/Program Files/Unity 6000.3.23f1/Editor/Data/MonoBleedingEdge/etc'
Using monoOptions --debugger-agent=transport=dt_socket,embedding=1,server=y,suspend=n,address=127.0.0.1:56844
Begin MonoManager ReloadAssembly
Registering precompiled unity dll's ...
Register platform support module: C:/Program Files/Unity 6000.3.23f1/Editor/Data/PlaybackEngines/WindowsStandaloneSupport/UnityEditor.WindowsStandalone.Extensions.dll
Registered in 0.010137 seconds.
- Loaded All Assemblies, in 16.566 seconds
Native extension for WindowsStandalone target not found
Package Manager log level set to [2]
[Package Manager] Failed to launch server process. Reason: Unity was launched with the -noUpm command-line argument
[Package Manager] Unable to send message (not connected to server process).
[Package Manager] Cannot connect to Unity Package Manager local server
ScheduleIndexationOnStartup MainProcess:False IndexOnStartup:True
Mono: successfully reloaded assembly
- Finished resetting the current domain, in  0.960 seconds
Domain Reload Profiling: 17517ms
	BeginReloadAssembly (11349ms)
		ExecutionOrderSort (0ms)
		DisableScriptedObjects (0ms)
		BackupInstance (0ms)
		ReleaseScriptingObjects (0ms)
		CreateAndSetChildDomain (1ms)
	RebuildCommonClasses (970ms)
	RebuildNativeTypeToScriptingClass (46ms)
	initialDomainReloadingComplete (748ms)
	LoadAllAssembliesAndSetupDomain (3444ms)
		LoadAssemblies (11348ms)
		RebuildTransferFunctionScriptingTraits (0ms)
		AnalyzeDomain (3436ms)
			TypeCache.Refresh (3433ms)
				TypeCache.ScanAssembly (2798ms)
			BuildScriptInfoCaches (0ms)
			ResolveRequiredComponents (1ms)
	FinalizeReload (960ms)
		ReleaseScriptCaches (0ms)
		RebuildScriptCaches (0ms)
		SetupLoadedEditorAssemblies (845ms)
			LogAssemblyErrors (0ms)
			InitializePlatformSupportModulesInManaged (78ms)
			SetLoadedEditorAssemblies (6ms)
			BeforeProcessingInitializeOnLoad (117ms)
			ProcessInitializeOnLoadAttributes (267ms)
			ProcessInitializeOnLoadMethodAttributes (377ms)
			AfterProcessingInitializeOnLoad (0ms)
			EditorAssembliesLoaded (0ms)
		ExecutionOrderSort2 (0ms)
		AwakeInstancesAfterBackupRestoration (0ms)
[Licensing::Client] Successfully resolved entitlement details
[Licensing::Module] License group:
  Id: 7971561647502-UnityPersXXXX
  Product: Unity Personal
  Type: Assigned
  Expiration: Unlimited
========================================================================
Worker process is ready to serve import requests
Import Worker Mode flag is 0x00
Begin MonoManager ReloadAssembly
- Loaded All Assemblies, in  8.184 seconds
Script 'CharacterController' has the same name as built-in Unity component.
AddComponent and GetComponent will not work with this script.
Refreshing native plugins compatible for Editor in 1.39 ms, found 4 plugins.
Native extension for WindowsStandalone target not found
[Package Manager] Failed to launch server process. Reason: Unity was launched with the -noUpm command-line argument
[Package Manager] Unable to send message (not connected to server process).
[Package Manager] Cannot connect to Unity Package Manager local server
Refreshing native plugins compatible for Editor in 1.47 ms, found 4 plugins.
[Package Manager] Failed to launch server process. Reason: Unity was launched with the -noUpm command-line argument
[Package Manager] Unable to send message (not connected to server process).
[Package Manager] Cannot connect to Unity Package Manager local server
ScheduleIndexationOnStartup MainProcess:False IndexOnStartup:True
Mono: successfully reloaded assembly
- Finished resetting the current domain, in  1.986 seconds
Domain Reload Profiling: 10167ms
	BeginReloadAssembly (270ms)
		ExecutionOrderSort (0ms)
		DisableScriptedObjects (8ms)
		BackupInstance (0ms)
		ReleaseScriptingObjects (0ms)
		CreateAndSetChildDomain (41ms)
	RebuildCommonClasses (52ms)
	RebuildNativeTypeToScriptingClass (19ms)
	initialDomainReloadingComplete (53ms)
	LoadAllAssembliesAndSetupDomain (7786ms)
		LoadAssemblies (7502ms)
		RebuildTransferFunctionScriptingTraits (0ms)
		AnalyzeDomain (441ms)
			TypeCache.Refresh (337ms)
				TypeCache.ScanAssembly (318ms)
			BuildScriptInfoCaches (82ms)
			ResolveRequiredComponents (17ms)
	FinalizeReload (1986ms)
		ReleaseScriptCaches (0ms)
		RebuildScriptCaches (0ms)
		SetupLoadedEditorAssemblies (853ms)
			LogAssemblyErrors (0ms)
			InitializePlatformSupportModulesInManaged (2ms)
			SetLoadedEditorAssemblies (5ms)
			BeforeProcessingInitializeOnLoad (209ms)
			ProcessInitializeOnLoadAttributes (522ms)
			ProcessInitializeOnLoadMethodAttributes (105ms)
			AfterProcessingInitializeOnLoad (9ms)
			EditorAssembliesLoaded (0ms)
		ExecutionOrderSort2 (0ms)
		AwakeInstancesAfterBackupRestoration (8ms)
Launched and connected shader compiler UnityShaderCompiler.exe after 0.03 seconds
Refreshing native plugins compatible for Editor in 1.87 ms, found 4 plugins.
Preloading 0 native plugins for Editor in 0.00 ms.
Unloading 16 Unused Serialized files (Serialized files now loaded: 0)
Curl error 3: URL rejected: Malformed input to a URL function
Unloading 6664 unused Assets / (4.0 MB). Loaded Objects now: 7457.
Memory consumption went from 148.9 MB to 144.9 MB.
Total: 11.105000 ms (FindLiveObjects: 0.897600 ms CreateObjectMapping: 1.308600 ms MarkObjects: 6.108700 ms  DeleteObjects: 2.788500 ms)

========================================================================
Received Prepare
Begin MonoManager ReloadAssembly
- Loaded All Assemblies, in  1.086 seconds
Script 'CharacterController' has the same name as built-in Unity component.
AddComponent and GetComponent will not work with this script.
Refreshing native plugins compatible for Editor in 30.63 ms, found 4 plugins.
Native extension for WindowsStandalone target not found
[Package Manager] Failed to launch server process. Reason: Unity was launched with the -noUpm command-line argument
[Package Manager] Unable to send message (not connected to server process).
[Package Manager] Cannot connect to Unity Package Manager local server
[Package Manager] Failed to launch server process. Reason: Unity was launched with the -noUpm command-line argument
[Package Manager] Unable to send message (not connected to server process).
[Package Manager] Cannot connect to Unity Package Manager local server
ScheduleIndexationOnStartup MainProcess:False IndexOnStartup:True
Mono: successfully reloaded assembly
- Finished resetting the current domain, in  1.274 seconds
Domain Reload Profiling: 2361ms
	BeginReloadAssembly (275ms)
		ExecutionOrderSort (0ms)
		DisableScriptedObjects (8ms)
		BackupInstance (0ms)
		ReleaseScriptingObjects (0ms)
		CreateAndSetChildDomain (64ms)
	RebuildCommonClasses (47ms)
	RebuildNativeTypeToScriptingClass (21ms)
	initialDomainReloadingComplete (35ms)
	LoadAllAssembliesAndSetupDomain (709ms)
		LoadAssemblies (411ms)
		RebuildTransferFunctionScriptingTraits (0ms)
		AnalyzeDomain (423ms)
			TypeCache.Refresh (8ms)
				TypeCache.ScanAssembly (0ms)
			BuildScriptInfoCaches (396ms)
			ResolveRequiredComponents (14ms)
	FinalizeReload (1274ms)
		ReleaseScriptCaches (0ms)
		RebuildScriptCaches (0ms)
		SetupLoadedEditorAssemblies (894ms)
			LogAssemblyErrors (0ms)
			InitializePlatformSupportModulesInManaged (2ms)
			SetLoadedEditorAssemblies (5ms)
			BeforeProcessingInitializeOnLoad (183ms)
			ProcessInitializeOnLoadAttributes (432ms)
			ProcessInitializeOnLoadMethodAttributes (260ms)
			AfterProcessingInitializeOnLoad (11ms)
			EditorAssembliesLoaded (1ms)
		ExecutionOrderSort2 (0ms)
		AwakeInstancesAfterBackupRestoration (55ms)
Refreshing native plugins compatible for Editor in 1.89 ms, found 4 plugins.
Preloading 0 native plugins for Editor in 0.00 ms.
Unloading 16 Unused Serialized files (Serialized files now loaded: 0)
Unloading 6660 unused Assets / (4.0 MB). Loaded Objects now: 7472.
Memory consumption went from 153.7 MB to 149.7 MB.
Total: 11.374800 ms (FindLiveObjects: 0.809200 ms CreateObjectMapping: 0.748200 ms MarkObjects: 6.169400 ms  DeleteObjects: 3.646600 ms)

Prepare: number of updated asset objects reloaded= 0
========================================================================
Received Prepare
Script 'CharacterController' has the same name as built-in Unity component.
AddComponent and GetComponent will not work with this script.
Refreshing native plugins compatible for Editor in 1.95 ms, found 4 plugins.
Preloading 0 native plugins for Editor in 0.00 ms.
Unloading 16 Unused Serialized files (Serialized files now loaded: 0)
Unloading 6649 unused Assets / (3.8 MB). Loaded Objects now: 7472.
Memory consumption went from 156.5 MB to 152.7 MB.
Total: 12.481300 ms (FindLiveObjects: 0.936400 ms CreateObjectMapping: 1.218900 ms MarkObjects: 6.124900 ms  DeleteObjects: 4.199700 ms)

Prepare: number of updated asset objects reloaded= 0
========================================================================
Received Prepare
Script 'CharacterController' has the same name as built-in Unity component.
AddComponent and GetComponent will not work with this script.
Refreshing native plugins compatible for Editor in 1.49 ms, found 4 plugins.
Preloading 0 native plugins for Editor in 0.00 ms.
Unloading 16 Unused Serialized files (Serialized files now loaded: 0)
Unloading 6649 unused Assets / (3.9 MB). Loaded Objects now: 7472.
Memory consumption went from 159.2 MB to 155.2 MB.
Total: 9.929100 ms (FindLiveObjects: 0.842900 ms CreateObjectMapping: 0.872200 ms MarkObjects: 5.621200 ms  DeleteObjects: 2.591400 ms)

Prepare: number of updated asset objects reloaded= 0
========================================================================
Received Import Request.
  Time since last request: 172011.408517 seconds.
  path: Assets/Scripts/Spells/SpellData.cs
  artifactKey: Guid(9cd3720ecf6e96a4fbaf61f454b288fe) Importer(2089858483,b0f066a214c2f5e87bad3c948f4d605d)
Start importing Assets/Scripts/Spells/SpellData.cs using Guid(9cd3720ecf6e96a4fbaf61f454b288fe) Importer(2089858483,b0f066a214c2f5e87bad3c948f4d605d) (ScriptedImporter) -> (artifact id: '0aa936e5c289569665c851fd83be5ead') in 0.7098678 seconds
Number of updated asset objects reloaded before import = 0Number of asset objects unloaded after import = 0

========================================================================
Received Import Request.
  Time since last request: 0.000030 seconds.
  path: Assets/Scripts/Spells
  artifactKey: Guid(5d83a6e9439bfea47bfef45d2a8a9a4b) Importer(2089858483,b0f066a214c2f5e87bad3c948f4d605d)
Start importing Assets/Scripts/Spells using Guid(5d83a6e9439bfea47bfef45d2a8a9a4b) Importer(2089858483,b0f066a214c2f5e87bad3c948f4d605d) (ScriptedImporter) -> (artifact id: '36b1187cfffb0049a7666bc5072b2ab5') in 0.0153222 seconds
Number of updated asset objects reloaded before import = 0Number of asset objects unloaded after import = 1

========================================================================
Received Prepare
Script 'CharacterController' has the same name as built-in Unity component.
AddComponent and GetComponent will not work with this script.
Refreshing native plugins compatible for Editor in 3.35 ms, found 4 plugins.
Preloading 0 native plugins for Editor in 0.00 ms.
Unloading 16 Unused Serialized files (Serialized files now loaded: 0)
Unloading 6650 unused Assets / (3.2 MB). Loaded Objects now: 7475.
Memory consumption went from 154.8 MB to 151.7 MB.
Total: 11.651100 ms (FindLiveObjects: 0.951300 ms CreateObjectMapping: 1.273800 ms MarkObjects: 6.410700 ms  DeleteObjects: 3.013700 ms)

Prepare: number of updated asset objects reloaded= 0
========================================================================
Received Import Request.
  Time since last request: 10.423150 seconds.
  path: Assets/Scripts/Spells/ISpellBehaviour.cs
  artifactKey: Guid(cdd352db14098a943bb7289aeab14c32) Importer(815301076,1909f56bfc062723c751e8b465ee728b)
Start importing Assets/Scripts/Spells/ISpellBehaviour.cs using Guid(cdd352db14098a943bb7289aeab14c32) Importer(815301076,1909f56bfc062723c751e8b465ee728b) (PreviewImporter) -> (artifact id: '0b36e478e5e4666a55c81bd5cbc7b206') in 0.0006736 seconds
Number of updated asset objects reloaded before import = 0Number of asset objects unloaded after import = 0

========================================================================
Received Import Request.
  Time since last request: 0.512831 seconds.
  path: Assets/Scripts/Spells/ISpellBehaviour.cs
  artifactKey: Guid(cdd352db14098a943bb7289aeab14c32) Importer(2089858483,b0f066a214c2f5e87bad3c948f4d605d)
Start importing Assets/Scripts/Spells/ISpellBehaviour.cs using Guid(cdd352db14098a943bb7289aeab14c32) Importer(2089858483,b0f066a214c2f5e87bad3c948f4d605d) (ScriptedImporter) -> (artifact id: 'b0c7f625c1b6fb4913008982222590c2') in 0.0164509 seconds
Number of updated asset objects reloaded before import = 0Number of asset objects unloaded after import = 0

========================================================================
Received Import Request.
  Time since last request: 24.375060 seconds.
  path: Assets/Scripts/Spells/SpellData.cs
  artifactKey: Guid(9cd3720ecf6e96a4fbaf61f454b288fe) Importer(815301076,1909f56bfc062723c751e8b465ee728b)
Start importing Assets/Scripts/Spells/SpellData.cs using Guid(9cd3720ecf6e96a4fbaf61f454b288fe) Importer(815301076,1909f56bfc062723c751e8b465ee728b) (PreviewImporter) -> (artifact id: 'e396003f667c93d4f1388a1bd1a8105d') in 0.0006714 seconds
Number of updated asset objects reloaded before import = 0Number of asset objects unloaded after import = 0

========================================================================
Received Prepare
Script 'CharacterController' has the same name as built-in Unity component.
AddComponent and GetComponent will not work with this script.
Refreshing native plugins compatible for Editor in 4.93 ms, found 4 plugins.
Preloading 0 native plugins for Editor in 0.00 ms.
Unloading 16 Unused Serialized files (Serialized files now loaded: 0)
Unloading 6650 unused Assets / (1.9 MB). Loaded Objects now: 7475.
Memory consumption went from 154.8 MB to 152.9 MB.
Total: 205.435300 ms (FindLiveObjects: 25.167900 ms CreateObjectMapping: 1.337600 ms MarkObjects: 135.533500 ms  DeleteObjects: 43.394400 ms)

Prepare: number of updated asset objects reloaded= 0
========================================================================
Received Prepare
Begin MonoManager ReloadAssembly
[Licensing::Client] Successfully resolved entitlement details
- Loaded All Assemblies, in  1.369 seconds
Script 'CharacterController' has the same name as built-in Unity component.
AddComponent and GetComponent will not work with this script.
Refreshing native plugins compatible for Editor in 1.53 ms, found 4 plugins.
Native extension for WindowsStandalone target not found
[Package Manager] Failed to launch server process. Reason: Unity was launched with the -noUpm command-line argument
[Package Manager] Unable to send message (not connected to server process).
[Package Manager] Cannot connect to Unity Package Manager local server
[Package Manager] Failed to launch server process. Reason: Unity was launched with the -noUpm command-line argument
[Package Manager] Unable to send message (not connected to server process).
[Package Manager] Cannot connect to Unity Package Manager local server
ScheduleIndexationOnStartup MainProcess:False IndexOnStartup:True
Mono: successfully reloaded assembly
- Finished resetting the current domain, in  0.952 seconds
Domain Reload Profiling: 2322ms
	BeginReloadAssembly (321ms)
		ExecutionOrderSort (0ms)
		DisableScriptedObjects (9ms)
		BackupInstance (0ms)
		ReleaseScriptingObjects (0ms)
		CreateAndSetChildDomain (72ms)
	RebuildCommonClasses (64ms)
	RebuildNativeTypeToScriptingClass (61ms)
	initialDomainReloadingComplete (40ms)
	LoadAllAssembliesAndSetupDomain (883ms)
		LoadAssemblies (467ms)
		RebuildTransferFunctionScriptingTraits (0ms)
		AnalyzeDomain (570ms)
			TypeCache.Refresh (12ms)
				TypeCache.ScanAssembly (1ms)
			BuildScriptInfoCaches (541ms)
			ResolveRequiredComponents (12ms)
	FinalizeReload (953ms)
		ReleaseScriptCaches (0ms)
		RebuildScriptCaches (0ms)
		SetupLoadedEditorAssemblies (721ms)
			LogAssemblyErrors (0ms)
			InitializePlatformSupportModulesInManaged (2ms)
			SetLoadedEditorAssemblies (5ms)
			BeforeProcessingInitializeOnLoad (185ms)
			ProcessInitializeOnLoadAttributes (412ms)
			ProcessInitializeOnLoadMethodAttributes (108ms)
			AfterProcessingInitializeOnLoad (9ms)
			EditorAssembliesLoaded (1ms)
		ExecutionOrderSort2 (0ms)
		AwakeInstancesAfterBackupRestoration (24ms)
Refreshing native plugins compatible for Editor in 4.90 ms, found 4 plugins.
Preloading 0 native plugins for Editor in 0.00 ms.
Unloading 16 Unused Serialized files (Serialized files now loaded: 0)
Unloading 6661 unused Assets / (3.8 MB). Loaded Objects now: 7478.
Memory consumption went from 157.0 MB to 153.3 MB.
Total: 13.592700 ms (FindLiveObjects: 1.874900 ms CreateObjectMapping: 1.830600 ms MarkObjects: 6.108200 ms  DeleteObjects: 3.777400 ms)

Prepare: number of updated asset objects reloaded= 0
========================================================================
Received Import Request.
  Time since last request: 47.827061 seconds.
  path: Assets/Scripts/Spells/SpellData.cs
  artifactKey: Guid(9cd3720ecf6e96a4fbaf61f454b288fe) Importer(2089858483,b0f066a214c2f5e87bad3c948f4d605d)
Start importing Assets/Scripts/Spells/SpellData.cs using Guid(9cd3720ecf6e96a4fbaf61f454b288fe) Importer(2089858483,b0f066a214c2f5e87bad3c948f4d605d) (ScriptedImporter) -> (artifact id: '23005eacbf0a4c9f04da7940b2524ae8') in 0.117148 seconds
Number of updated asset objects reloaded before import = 0Number of asset objects unloaded after import = 0

========================================================================
Received Import Request.
  Time since last request: 7.908485 seconds.
  path: Assets/Scripts/Spells/Impls
  artifactKey: Guid(5e31cec5161a4d14ea6ec6dfadb4c4e6) Importer(815301076,1909f56bfc062723c751e8b465ee728b)
Start importing Assets/Scripts/Spells/Impls using Guid(5e31cec5161a4d14ea6ec6dfadb4c4e6) Importer(815301076,1909f56bfc062723c751e8b465ee728b) (PreviewImporter) -> (artifact id: 'ebd19713de37406238d3e0106c469dcc') in 0.0007108 seconds
Number of updated asset objects reloaded before import = 0Number of asset objects unloaded after import = 0

========================================================================
Received Import Request.
  Time since last request: 0.905318 seconds.
  path: Assets/Scripts/Spells/Impls
  artifactKey: Guid(5e31cec5161a4d14ea6ec6dfadb4c4e6) Importer(2089858483,b0f066a214c2f5e87bad3c948f4d605d)
Start importing Assets/Scripts/Spells/Impls using Guid(5e31cec5161a4d14ea6ec6dfadb4c4e6) Importer(2089858483,b0f066a214c2f5e87bad3c948f4d605d) (ScriptedImporter) -> (artifact id: '27c945f2071c634ad2f53765e464e966') in 0.0156887 seconds
Number of updated asset objects reloaded before import = 0Number of asset objects unloaded after import = 1

========================================================================
Received Prepare
Script 'CharacterController' has the same name as built-in Unity component.
AddComponent and GetComponent will not work with this script.
Refreshing native plugins compatible for Editor in 1.77 ms, found 4 plugins.
Preloading 0 native plugins for Editor in 0.00 ms.
Unloading 16 Unused Serialized files (Serialized files now loaded: 0)
Unloading 6651 unused Assets / (3.9 MB). Loaded Objects now: 7479.
Memory consumption went from 154.6 MB to 150.7 MB.
Total: 10.572300 ms (FindLiveObjects: 0.895300 ms CreateObjectMapping: 0.905900 ms MarkObjects: 6.145800 ms  DeleteObjects: 2.623900 ms)

Prepare: number of updated asset objects reloaded= 0
========================================================================
Received Import Request.
  Time since last request: 11.393339 seconds.
  path: Assets/Scripts/Spells/Impls/FireBall.cs
  artifactKey: Guid(23da9a0f725585b4a9d80730e015dba0) Importer(815301076,1909f56bfc062723c751e8b465ee728b)
Start importing Assets/Scripts/Spells/Impls/FireBall.cs using Guid(23da9a0f725585b4a9d80730e015dba0) Importer(815301076,1909f56bfc062723c751e8b465ee728b) (PreviewImporter) -> (artifact id: '27f4da16feea45c0fbfd28d2c047f851') in 0.0010356 seconds
Number of updated asset objects reloaded before import = 0Number of asset objects unloaded after import = 0

========================================================================
Received Import Request.
  Time since last request: 0.330830 seconds.
  path: Assets/Scripts/Spells/Impls/FireBall.cs
  artifactKey: Guid(23da9a0f725585b4a9d80730e015dba0) Importer(2089858483,b0f066a214c2f5e87bad3c948f4d605d)
Start importing Assets/Scripts/Spells/Impls/FireBall.cs using Guid(23da9a0f725585b4a9d80730e015dba0) Importer(2089858483,b0f066a214c2f5e87bad3c948f4d605d) (ScriptedImporter) -> (artifact id: '987442ffafff1acfb65c274f0a37e142') in 0.0139292 seconds
Number of updated asset objects reloaded before import = 0Number of asset objects unloaded after import = 0

========================================================================
Received Prepare
Begin MonoManager ReloadAssembly
- Loaded All Assemblies, in  1.024 seconds
Script 'CharacterController' has the same name as built-in Unity component.
AddComponent and GetComponent will not work with this script.
Refreshing native plugins compatible for Editor in 1.39 ms, found 4 plugins.
Native extension for WindowsStandalone target not found
[Package Manager] Failed to launch server process. Reason: Unity was launched with the -noUpm command-line argument
[Package Manager] Unable to send message (not connected to server process).
[Package Manager] Cannot connect to Unity Package Manager local server
[Package Manager] Failed to launch server process. Reason: Unity was launched with the -noUpm command-line argument
[Package Manager] Unable to send message (not connected to server process).
[Package Manager] Cannot connect to Unity Package Manager local server
ScheduleIndexationOnStartup MainProcess:False IndexOnStartup:True
Mono: successfully reloaded assembly
- Finished resetting the current domain, in  1.771 seconds
Domain Reload Profiling: 2795ms
	BeginReloadAssembly (326ms)
		ExecutionOrderSort (0ms)
		DisableScriptedObjects (7ms)
		BackupInstance (0ms)
		ReleaseScriptingObjects (0ms)
		CreateAndSetChildDomain (74ms)
	RebuildCommonClasses (52ms)
	RebuildNativeTypeToScriptingClass (23ms)
	initialDomainReloadingComplete (46ms)
	LoadAllAssembliesAndSetupDomain (576ms)
		LoadAssemblies (472ms)
		RebuildTransferFunctionScriptingTraits (0ms)
		AnalyzeDomain (269ms)
			TypeCache.Refresh (13ms)
				TypeCache.ScanAssembly (1ms)
			BuildScriptInfoCaches (238ms)
			ResolveRequiredComponents (14ms)
	FinalizeReload (1773ms)
		ReleaseScriptCaches (0ms)
		RebuildScriptCaches (0ms)
		SetupLoadedEditorAssemblies (1452ms)
			LogAssemblyErrors (0ms)
			InitializePlatformSupportModulesInManaged (2ms)
			SetLoadedEditorAssemblies (5ms)
			BeforeProcessingInitializeOnLoad (201ms)
			ProcessInitializeOnLoadAttributes (916ms)
			ProcessInitializeOnLoadMethodAttributes (315ms)
			AfterProcessingInitializeOnLoad (11ms)
			EditorAssembliesLoaded (1ms)
		ExecutionOrderSort2 (0ms)
		AwakeInstancesAfterBackupRestoration (36ms)
Refreshing native plugins compatible for Editor in 2.70 ms, found 4 plugins.
Preloading 0 native plugins for Editor in 0.00 ms.
Unloading 16 Unused Serialized files (Serialized files now loaded: 0)
Unloading 6662 unused Assets / (3.4 MB). Loaded Objects now: 7482.
Memory consumption went from 154.5 MB to 151.1 MB.
Total: 16.699700 ms (FindLiveObjects: 1.385700 ms CreateObjectMapping: 2.304600 ms MarkObjects: 8.826900 ms  DeleteObjects: 4.180700 ms)

Prepare: number of updated asset objects reloaded= 0
========================================================================
Received Import Request.
  Time since last request: 9.567858 seconds.
  path: Assets/Scripts/Spells/Impls/FireBall.cs
  artifactKey: Guid(23da9a0f725585b4a9d80730e015dba0) Importer(815301076,1909f56bfc062723c751e8b465ee728b)
Start importing Assets/Scripts/Spells/Impls/FireBall.cs using Guid(23da9a0f725585b4a9d80730e015dba0) Importer(815301076,1909f56bfc062723c751e8b465ee728b) (PreviewImporter) -> (artifact id: '5412d3e9d381782a6412eb2a76ed127c') in 0.0031972 seconds
Number of updated asset objects reloaded before import = 0Number of asset objects unloaded after import = 0

========================================================================
Received Prepare
Script 'CharacterController' has the same name as built-in Unity component.
AddComponent and GetComponent will not work with this script.
Refreshing native plugins compatible for Editor in 1.86 ms, found 4 plugins.
Preloading 0 native plugins for Editor in 0.00 ms.
Unloading 16 Unused Serialized files (Serialized files now loaded: 0)
Unloading 6651 unused Assets / (3.7 MB). Loaded Objects now: 7482.
Memory consumption went from 154.6 MB to 150.9 MB.
Total: 21.525000 ms (FindLiveObjects: 0.873200 ms CreateObjectMapping: 1.224700 ms MarkObjects: 16.167300 ms  DeleteObjects: 3.258100 ms)

Prepare: number of updated asset objects reloaded= 0
========================================================================
Received Import Request.
  Time since last request: 13.184395 seconds.
  path: Assets/Scripts/Spells/Impls/FireBall.cs
  artifactKey: Guid(23da9a0f725585b4a9d80730e015dba0) Importer(815301076,1909f56bfc062723c751e8b465ee728b)
Start importing Assets/Scripts/Spells/Impls/FireBall.cs using Guid(23da9a0f725585b4a9d80730e015dba0) Importer(815301076,1909f56bfc062723c751e8b465ee728b) (PreviewImporter) -> (artifact id: 'c0821d0f943dde3f65221f233fd2be6f') in 0.0010516 seconds
Number of updated asset objects reloaded before import = 0Number of asset objects unloaded after import = 0

========================================================================
Received Prepare
Script 'CharacterController' has the same name as built-in Unity component.
AddComponent and GetComponent will not work with this script.
Refreshing native plugins compatible for Editor in 1.65 ms, found 4 plugins.
Preloading 0 native plugins for Editor in 0.00 ms.
Unloading 16 Unused Serialized files (Serialized files now loaded: 0)
Unloading 6651 unused Assets / (3.0 MB). Loaded Objects now: 7482.
Memory consumption went from 154.6 MB to 151.7 MB.
Total: 12.427000 ms (FindLiveObjects: 0.839500 ms CreateObjectMapping: 0.974900 ms MarkObjects: 7.223600 ms  DeleteObjects: 3.387600 ms)

Prepare: number of updated asset objects reloaded= 0
========================================================================
Received Prepare
Begin MonoManager ReloadAssembly
[Licensing::Client] Successfully resolved entitlement details
- Loaded All Assemblies, in  1.037 seconds
Script 'CharacterController' has the same name as built-in Unity component.
AddComponent and GetComponent will not work with this script.
Refreshing native plugins compatible for Editor in 1.44 ms, found 4 plugins.
Native extension for WindowsStandalone target not found
[Package Manager] Failed to launch server process. Reason: Unity was launched with the -noUpm command-line argument
[Package Manager] Unable to send message (not connected to server process).
[Package Manager] Cannot connect to Unity Package Manager local server
[Package Manager] Failed to launch server process. Reason: Unity was launched with the -noUpm command-line argument
[Package Manager] Unable to send message (not connected to server process).
[Package Manager] Cannot connect to Unity Package Manager local server
ScheduleIndexationOnStartup MainProcess:False IndexOnStartup:True
Mono: successfully reloaded assembly
- Finished resetting the current domain, in  1.072 seconds
Domain Reload Profiling: 2110ms
	BeginReloadAssembly (309ms)
		ExecutionOrderSort (0ms)
		DisableScriptedObjects (10ms)
		BackupInstance (0ms)
		ReleaseScriptingObjects (0ms)
		CreateAndSetChildDomain (80ms)
	RebuildCommonClasses (54ms)
	RebuildNativeTypeToScriptingClass (23ms)
	initialDomainReloadingComplete (44ms)
	LoadAllAssembliesAndSetupDomain (607ms)
		LoadAssemblies (473ms)
		RebuildTransferFunctionScriptingTraits (0ms)
		AnalyzeDomain (277ms)
			TypeCache.Refresh (13ms)
				TypeCache.ScanAssembly (1ms)
			BuildScriptInfoCaches (240ms)
			ResolveRequiredComponents (15ms)
	FinalizeReload (1072ms)
		ReleaseScriptCaches (0ms)
		RebuildScriptCaches (0ms)
		SetupLoadedEditorAssemblies (836ms)
			LogAssemblyErrors (0ms)
			InitializePlatformSupportModulesInManaged (3ms)
			SetLoadedEditorAssemblies (6ms)
			BeforeProcessingInitializeOnLoad (182ms)
			ProcessInitializeOnLoadAttributes (548ms)
			ProcessInitializeOnLoadMethodAttributes (89ms)
			AfterProcessingInitializeOnLoad (8ms)
			EditorAssembliesLoaded (1ms)
		ExecutionOrderSort2 (0ms)
		AwakeInstancesAfterBackupRestoration (20ms)
Refreshing native plugins compatible for Editor in 1.67 ms, found 4 plugins.
Preloading 0 native plugins for Editor in 0.00 ms.
Unloading 16 Unused Serialized files (Serialized files now loaded: 0)
Unloading 6662 unused Assets / (3.8 MB). Loaded Objects now: 7485.
Memory consumption went from 157.1 MB to 153.4 MB.
Total: 9.718000 ms (FindLiveObjects: 0.826500 ms CreateObjectMapping: 0.610400 ms MarkObjects: 5.950500 ms  DeleteObjects: 2.329800 ms)

Prepare: number of updated asset objects reloaded= 0
========================================================================
Received Import Request.
  Time since last request: 262.023591 seconds.
  path: Assets/Scripts/Spells/Impls/FireBall.cs
  artifactKey: Guid(23da9a0f725585b4a9d80730e015dba0) Importer(2089858483,b0f066a214c2f5e87bad3c948f4d605d)
Start importing Assets/Scripts/Spells/Impls/FireBall.cs using Guid(23da9a0f725585b4a9d80730e015dba0) Importer(2089858483,b0f066a214c2f5e87bad3c948f4d605d) (ScriptedImporter) -> (artifact id: '611e56846d0c197b5cc36f23c6b9f345') in 0.1138934 seconds
Number of updated asset objects reloaded before import = 0Number of asset objects unloaded after import = 0

========================================================================
Received Import Request.
  Time since last request: 0.000039 seconds.
  path: Assets/Scripts/Spells/ISpellBehaviour.cs
  artifactKey: Guid(cdd352db14098a943bb7289aeab14c32) Importer(2089858483,b0f066a214c2f5e87bad3c948f4d605d)
Start importing Assets/Scripts/Spells/ISpellBehaviour.cs using Guid(cdd352db14098a943bb7289aeab14c32) Importer(2089858483,b0f066a214c2f5e87bad3c948f4d605d) (ScriptedImporter) -> (artifact id: 'd2b75ee30cb7a9460192cb1eff3e2bb2') in 0.0108016 seconds
Number of updated asset objects reloaded before import = 0Number of asset objects unloaded after import = 0

========================================================================
Received Import Request.
  Time since last request: 0.067415 seconds.
  path: Assets/New Spell Data.asset
  artifactKey: Guid(542c7b4116206b64daffd446b623463b) Importer(815301076,1909f56bfc062723c751e8b465ee728b)
Start importing Assets/New Spell Data.asset using Guid(542c7b4116206b64daffd446b623463b) Importer(815301076,1909f56bfc062723c751e8b465ee728b) (PreviewImporter) -> (artifact id: '2fc73d4c2a12b87c19dbb7bc1d7e0876') in 0.1036452 seconds
Number of updated asset objects reloaded before import = 0Number of asset objects unloaded after import = 1

========================================================================
Received Import Request.
  Time since last request: 0.839146 seconds.
  path: Assets/New Spell Data.asset
  artifactKey: Guid(542c7b4116206b64daffd446b623463b) Importer(2089858483,b0f066a214c2f5e87bad3c948f4d605d)
Start importing Assets/New Spell Data.asset using Guid(542c7b4116206b64daffd446b623463b) Importer(2089858483,b0f066a214c2f5e87bad3c948f4d605d) (ScriptedImporter) -> (artifact id: 'c612bd30e24071902bce06b099d22afc') in 0.0539393 seconds
Number of updated asset objects reloaded before import = 0Number of asset objects unloaded after import = 1

========================================================================
Received Prepare
Script 'CharacterController' has the same name as built-in Unity component.
AddComponent and GetComponent will not work with this script.
Refreshing native plugins compatible for Editor in 3.69 ms, found 4 plugins.
Preloading 0 native plugins for Editor in 0.00 ms.
Unloading 16 Unused Serialized files (Serialized files now loaded: 0)
Unloading 6651 unused Assets / (1.9 MB). Loaded Objects now: 7486.
Memory consumption went from 154.7 MB to 152.8 MB.
Total: 106.443100 ms (FindLiveObjects: 2.084100 ms CreateObjectMapping: 8.439400 ms MarkObjects: 93.784900 ms  DeleteObjects: 2.132600 ms)

Prepare: number of updated asset objects reloaded= 0
========================================================================
Received Import Request.
  Time since last request: 174.261096 seconds.
  path: Assets/Scripts/Spells/ISpellBehaviour.cs
  artifactKey: Guid(cdd352db14098a943bb7289aeab14c32) Importer(2089858483,b0f066a214c2f5e87bad3c948f4d605d)
Start importing Assets/Scripts/Spells/ISpellBehaviour.cs using Guid(cdd352db14098a943bb7289aeab14c32) Importer(2089858483,b0f066a214c2f5e87bad3c948f4d605d) (ScriptedImporter) -> (artifact id: '4eea2daced440e6999b4c4e8faaa7386') in 0.0120798 seconds
Number of updated asset objects reloaded before import = 0Number of asset objects unloaded after import = 0

========================================================================
Received Prepare
Script 'CharacterController' has the same name as built-in Unity component.
AddComponent and GetComponent will not work with this script.
Refreshing native plugins compatible for Editor in 78.31 ms, found 4 plugins.
Preloading 0 native plugins for Editor in 0.00 ms.
Unloading 16 Unused Serialized files (Serialized files now loaded: 0)
Unloading 6651 unused Assets / (3.2 MB). Loaded Objects now: 7486.
Memory consumption went from 154.7 MB to 151.5 MB.
Total: 129.722800 ms (FindLiveObjects: 3.431800 ms CreateObjectMapping: 109.324900 ms MarkObjects: 14.086800 ms  DeleteObjects: 2.877700 ms)

Prepare: number of updated asset objects reloaded= 0
========================================================================
Received Import Request.
  Time since last request: 11.138698 seconds.
  path: Assets/Scripts/Spells/Impls/FireBall.cs
  artifactKey: Guid(23da9a0f725585b4a9d80730e015dba0) Importer(2089858483,b0f066a214c2f5e87bad3c948f4d605d)
Start importing Assets/Scripts/Spells/Impls/FireBall.cs using Guid(23da9a0f725585b4a9d80730e015dba0) Importer(2089858483,b0f066a214c2f5e87bad3c948f4d605d) (ScriptedImporter) -> (artifact id: '1092ffcd44a48afe2ab043692aeff6e4') in 0.0280239 seconds
Number of updated asset objects reloaded before import = 0Number of asset objects unloaded after import = 0

========================================================================
Received Prepare
Begin MonoManager ReloadAssembly
[Licensing::Client] Successfully resolved entitlement details
- Loaded All Assemblies, in  1.264 seconds
Script 'CharacterController' has the same name as built-in Unity component.
AddComponent and GetComponent will not work with this script.
Refreshing native plugins compatible for Editor in 1.50 ms, found 4 plugins.
Native extension for WindowsStandalone target not found
[Package Manager] Failed to launch server process. Reason: Unity was launched with the -noUpm command-line argument
[Package Manager] Unable to send message (not connected to server process).
[Package Manager] Cannot connect to Unity Package Manager local server
[Package Manager] Failed to launch server process. Reason: Unity was launched with the -noUpm command-line argument
[Package Manager] Unable to send message (not connected to server process).
[Package Manager] Cannot connect to Unity Package Manager local server
ScheduleIndexationOnStartup MainProcess:False IndexOnStartup:True
Mono: successfully reloaded assembly
- Finished resetting the current domain, in  1.298 seconds
Domain Reload Profiling: 2565ms
	BeginReloadAssembly (394ms)
		ExecutionOrderSort (0ms)
		DisableScriptedObjects (9ms)
		BackupInstance (0ms)
		ReleaseScriptingObjects (0ms)
		CreateAndSetChildDomain (71ms)
	RebuildCommonClasses (58ms)
	RebuildNativeTypeToScriptingClass (23ms)
	initialDomainReloadingComplete (53ms)
	LoadAllAssembliesAndSetupDomain (737ms)
		LoadAssemblies (595ms)
		RebuildTransferFunctionScriptingTraits (0ms)
		AnalyzeDomain (339ms)
			TypeCache.Refresh (14ms)
				TypeCache.ScanAssembly (1ms)
			BuildScriptInfoCaches (307ms)
			ResolveRequiredComponents (12ms)
	FinalizeReload (1299ms)
		ReleaseScriptCaches (0ms)
		RebuildScriptCaches (0ms)
		SetupLoadedEditorAssemblies (801ms)
			LogAssemblyErrors (0ms)
			InitializePlatformSupportModulesInManaged (3ms)
			SetLoadedEditorAssemblies (5ms)
			BeforeProcessingInitializeOnLoad (205ms)
			ProcessInitializeOnLoadAttributes (470ms)
			ProcessInitializeOnLoadMethodAttributes (105ms)
			AfterProcessingInitializeOnLoad (11ms)
			EditorAssembliesLoaded (1ms)
		ExecutionOrderSort2 (0ms)
		AwakeInstancesAfterBackupRestoration (22ms)
Refreshing native plugins compatible for Editor in 2.22 ms, found 4 plugins.
Preloading 0 native plugins for Editor in 0.00 ms.
Unloading 16 Unused Serialized files (Serialized files now loaded: 0)
Unloading 6662 unused Assets / (1.9 MB). Loaded Objects now: 7489.
Memory consumption went from 154.5 MB to 152.6 MB.
Total: 11.947700 ms (FindLiveObjects: 1.022600 ms CreateObjectMapping: 1.839500 ms MarkObjects: 6.876900 ms  DeleteObjects: 2.206800 ms)

Prepare: number of updated asset objects reloaded= 0
========================================================================
Received Prepare
Script 'CharacterController' has the same name as built-in Unity component.
AddComponent and GetComponent will not work with this script.
Refreshing native plugins compatible for Editor in 1.62 ms, found 4 plugins.
Preloading 0 native plugins for Editor in 0.00 ms.
Unloading 16 Unused Serialized files (Serialized files now loaded: 0)
Unloading 6651 unused Assets / (3.6 MB). Loaded Objects now: 7489.
Memory consumption went from 157.3 MB to 153.6 MB.
Total: 11.243400 ms (FindLiveObjects: 0.856300 ms CreateObjectMapping: 0.822400 ms MarkObjects: 6.245200 ms  DeleteObjects: 3.318200 ms)

Prepare: number of updated asset objects reloaded= 0
========================================================================
Received Prepare
Begin MonoManager ReloadAssembly
- Loaded All Assemblies, in  1.029 seconds
Script 'CharacterController' has the same name as built-in Unity component.
AddComponent and GetComponent will not work with this script.
Refreshing native plugins compatible for Editor in 1.86 ms, found 4 plugins.
Native extension for WindowsStandalone target not found
[Package Manager] Failed to launch server process. Reason: Unity was launched with the -noUpm command-line argument
[Package Manager] Unable to send message (not connected to server process).
[Package Manager] Cannot connect to Unity Package Manager local server
[Package Manager] Failed to launch server process. Reason: Unity was launched with the -noUpm command-line argument
[Package Manager] Unable to send message (not connected to server process).
[Package Manager] Cannot connect to Unity Package Manager local server
ScheduleIndexationOnStartup MainProcess:False IndexOnStartup:True
Mono: successfully reloaded assembly
- Finished resetting the current domain, in  0.887 seconds
Domain Reload Profiling: 1918ms
	BeginReloadAssembly (316ms)
		ExecutionOrderSort (0ms)
		DisableScriptedObjects (8ms)
		BackupInstance (0ms)
		ReleaseScriptingObjects (0ms)
		CreateAndSetChildDomain (62ms)
	RebuildCommonClasses (64ms)
	RebuildNativeTypeToScriptingClass (21ms)
	initialDomainReloadingComplete (37ms)
	LoadAllAssembliesAndSetupDomain (593ms)
		LoadAssemblies (481ms)
		RebuildTransferFunctionScriptingTraits (0ms)
		AnalyzeDomain (272ms)
			TypeCache.Refresh (13ms)
				TypeCache.ScanAssembly (1ms)
			BuildScriptInfoCaches (243ms)
			ResolveRequiredComponents (11ms)
	FinalizeReload (888ms)
		ReleaseScriptCaches (0ms)
		RebuildScriptCaches (0ms)
		SetupLoadedEditorAssemblies (650ms)
			LogAssemblyErrors (0ms)
			InitializePlatformSupportModulesInManaged (2ms)
			SetLoadedEditorAssemblies (4ms)
			BeforeProcessingInitializeOnLoad (173ms)
			ProcessInitializeOnLoadAttributes (387ms)
			ProcessInitializeOnLoadMethodAttributes (77ms)
			AfterProcessingInitializeOnLoad (7ms)
			EditorAssembliesLoaded (0ms)
		ExecutionOrderSort2 (0ms)
		AwakeInstancesAfterBackupRestoration (18ms)
Refreshing native plugins compatible for Editor in 1.60 ms, found 4 plugins.
Preloading 0 native plugins for Editor in 0.00 ms.
Unloading 16 Unused Serialized files (Serialized files now loaded: 0)
Unloading 6662 unused Assets / (3.8 MB). Loaded Objects now: 7492.
Memory consumption went from 159.9 MB to 156.0 MB.
Total: 10.049900 ms (FindLiveObjects: 0.809100 ms CreateObjectMapping: 0.645100 ms MarkObjects: 6.136500 ms  DeleteObjects: 2.457700 ms)

Prepare: number of updated asset objects reloaded= 0
========================================================================
Received Prepare
Script 'CharacterController' has the same name as built-in Unity component.
AddComponent and GetComponent will not work with this script.
Refreshing native plugins compatible for Editor in 1.74 ms, found 4 plugins.
Preloading 0 native plugins for Editor in 0.00 ms.
Unloading 16 Unused Serialized files (Serialized files now loaded: 0)
Unloading 6651 unused Assets / (3.7 MB). Loaded Objects now: 7492.
Memory consumption went from 162.7 MB to 159.0 MB.
Total: 12.373100 ms (FindLiveObjects: 1.462100 ms CreateObjectMapping: 1.182700 ms MarkObjects: 6.497900 ms  DeleteObjects: 3.229100 ms)

Prepare: number of updated asset objects reloaded= 0
========================================================================
Received Prepare
Begin MonoManager ReloadAssembly
[Licensing::Client] Successfully resolved entitlement details
- Loaded All Assemblies, in  1.892 seconds
Script 'CharacterController' has the same name as built-in Unity component.
AddComponent and GetComponent will not work with this script.
Refreshing native plugins compatible for Editor in 1.33 ms, found 4 plugins.
Native extension for WindowsStandalone target not found
[Package Manager] Failed to launch server process. Reason: Unity was launched with the -noUpm command-line argument
[Package Manager] Unable to send message (not connected to server process).
[Package Manager] Cannot connect to Unity Package Manager local server
[Package Manager] Failed to launch server process. Reason: Unity was launched with the -noUpm command-line argument
[Package Manager] Unable to send message (not connected to server process).
[Package Manager] Cannot connect to Unity Package Manager local server
ScheduleIndexationOnStartup MainProcess:False IndexOnStartup:True
Mono: successfully reloaded assembly
- Finished resetting the current domain, in  0.963 seconds
Domain Reload Profiling: 2856ms
	BeginReloadAssembly (494ms)
		ExecutionOrderSort (0ms)
		DisableScriptedObjects (42ms)
		BackupInstance (0ms)
		ReleaseScriptingObjects (0ms)
		CreateAndSetChildDomain (72ms)
	RebuildCommonClasses (68ms)
	RebuildNativeTypeToScriptingClass (22ms)
	initialDomainReloadingComplete (46ms)
	LoadAllAssembliesAndSetupDomain (1263ms)
		LoadAssemblies (578ms)
		RebuildTransferFunctionScriptingTraits (0ms)
		AnalyzeDomain (936ms)
			TypeCache.Refresh (22ms)
				TypeCache.ScanAssembly (1ms)
			BuildScriptInfoCaches (897ms)
			ResolveRequiredComponents (11ms)
	FinalizeReload (963ms)
		ReleaseScriptCaches (0ms)
		RebuildScriptCaches (0ms)
		SetupLoadedEditorAssemblies (714ms)
			LogAssemblyErrors (0ms)
			InitializePlatformSupportModulesInManaged (2ms)
			SetLoadedEditorAssemblies (5ms)
			BeforeProcessingInitializeOnLoad (184ms)
			ProcessInitializeOnLoadAttributes (422ms)
			ProcessInitializeOnLoadMethodAttributes (94ms)
			AfterProcessingInitializeOnLoad (7ms)
			EditorAssembliesLoaded (1ms)
		ExecutionOrderSort2 (0ms)
		AwakeInstancesAfterBackupRestoration (21ms)
Refreshing native plugins compatible for Editor in 1.79 ms, found 4 plugins.
Preloading 0 native plugins for Editor in 0.00 ms.
Unloading 16 Unused Serialized files (Serialized files now loaded: 0)
Unloading 6662 unused Assets / (3.6 MB). Loaded Objects now: 7495.
Memory consumption went from 165.2 MB to 161.6 MB.
Total: 13.609100 ms (FindLiveObjects: 0.845200 ms CreateObjectMapping: 0.636500 ms MarkObjects: 8.769500 ms  DeleteObjects: 3.356200 ms)

Prepare: number of updated asset objects reloaded= 0
========================================================================
Received Prepare
Script 'CharacterController' has the same name as built-in Unity component.
AddComponent and GetComponent will not work with this script.
Refreshing native plugins compatible for Editor in 2.42 ms, found 4 plugins.
Preloading 0 native plugins for Editor in 0.00 ms.
Unloading 16 Unused Serialized files (Serialized files now loaded: 0)
Unloading 6651 unused Assets / (1.9 MB). Loaded Objects now: 7495.
Memory consumption went from 168.0 MB to 166.1 MB.
Total: 16.077500 ms (FindLiveObjects: 0.981400 ms CreateObjectMapping: 1.739300 ms MarkObjects: 10.680100 ms  DeleteObjects: 2.675200 ms)

Prepare: number of updated asset objects reloaded= 0
========================================================================
Received Prepare
Begin MonoManager ReloadAssembly
- Loaded All Assemblies, in  1.372 seconds
Script 'CharacterController' has the same name as built-in Unity component.
AddComponent and GetComponent will not work with this script.
Refreshing native plugins compatible for Editor in 1.57 ms, found 4 plugins.
Native extension for WindowsStandalone target not found
[Package Manager] Failed to launch server process. Reason: Unity was launched with the -noUpm command-line argument
[Package Manager] Unable to send message (not connected to server process).
[Package Manager] Cannot connect to Unity Package Manager local server
[Package Manager] Failed to launch server process. Reason: Unity was launched with the -noUpm command-line argument
[Package Manager] Unable to send message (not connected to server process).
[Package Manager] Cannot connect to Unity Package Manager local server
ScheduleIndexationOnStartup MainProcess:False IndexOnStartup:True
Mono: successfully reloaded assembly
- Finished resetting the current domain, in  1.189 seconds
Domain Reload Profiling: 2555ms
	BeginReloadAssembly (349ms)
		ExecutionOrderSort (0ms)
		DisableScriptedObjects (9ms)
		BackupInstance (0ms)
		ReleaseScriptingObjects (0ms)
		CreateAndSetChildDomain (65ms)
	RebuildCommonClasses (77ms)
	RebuildNativeTypeToScriptingClass (29ms)
	initialDomainReloadingComplete (115ms)
	LoadAllAssembliesAndSetupDomain (796ms)
		LoadAssemblies (688ms)
		RebuildTransferFunctionScriptingTraits (0ms)
		AnalyzeDomain (277ms)
			TypeCache.Refresh (13ms)
				TypeCache.ScanAssembly (1ms)
			BuildScriptInfoCaches (247ms)
			ResolveRequiredComponents (12ms)
	FinalizeReload (1189ms)
		ReleaseScriptCaches (0ms)
		RebuildScriptCaches (0ms)
		SetupLoadedEditorAssemblies (877ms)
			LogAssemblyErrors (0ms)
			InitializePlatformSupportModulesInManaged (3ms)
			SetLoadedEditorAssemblies (5ms)
			BeforeProcessingInitializeOnLoad (218ms)
			ProcessInitializeOnLoadAttributes (558ms)
			ProcessInitializeOnLoadMethodAttributes (86ms)
			AfterProcessingInitializeOnLoad (7ms)
			EditorAssembliesLoaded (0ms)
		ExecutionOrderSort2 (0ms)
		AwakeInstancesAfterBackupRestoration (19ms)
Refreshing native plugins compatible for Editor in 2.06 ms, found 4 plugins.
Preloading 0 native plugins for Editor in 0.00 ms.
Unloading 16 Unused Serialized files (Serialized files now loaded: 0)
Unloading 6662 unused Assets / (3.7 MB). Loaded Objects now: 7498.
Memory consumption went from 170.6 MB to 166.9 MB.
Total: 9.640000 ms (FindLiveObjects: 0.874900 ms CreateObjectMapping: 0.806300 ms MarkObjects: 5.462400 ms  DeleteObjects: 2.495400 ms)

Prepare: number of updated asset objects reloaded= 0
========================================================================
Received Prepare
Script 'CharacterController' has the same name as built-in Unity component.
AddComponent and GetComponent will not work with this script.
Refreshing native plugins compatible for Editor in 2.17 ms, found 4 plugins.
Preloading 0 native plugins for Editor in 0.00 ms.
Unloading 16 Unused Serialized files (Serialized files now loaded: 0)
Unloading 6651 unused Assets / (3.9 MB). Loaded Objects now: 7498.
Memory consumption went from 173.4 MB to 169.5 MB.
Total: 10.542700 ms (FindLiveObjects: 0.945600 ms CreateObjectMapping: 1.187400 ms MarkObjects: 5.886400 ms  DeleteObjects: 2.521800 ms)

Prepare: number of updated asset objects reloaded= 0
========================================================================
Received Prepare
Begin MonoManager ReloadAssembly
- Loaded All Assemblies, in  1.068 seconds
Script 'CharacterController' has the same name as built-in Unity component.
AddComponent and GetComponent will not work with this script.
Refreshing native plugins compatible for Editor in 2.27 ms, found 4 plugins.
Native extension for WindowsStandalone target not found
[Package Manager] Failed to launch server process. Reason: Unity was launched with the -noUpm command-line argument
[Package Manager] Unable to send message (not connected to server process).
[Package Manager] Cannot connect to Unity Package Manager local server
[Package Manager] Failed to launch server process. Reason: Unity was launched with the -noUpm command-line argument
[Package Manager] Unable to send message (not connected to server process).
[Package Manager] Cannot connect to Unity Package Manager local server
ScheduleIndexationOnStartup MainProcess:False IndexOnStartup:True
Mono: successfully reloaded assembly
- Finished resetting the current domain, in  0.868 seconds
Domain Reload Profiling: 1937ms
	BeginReloadAssembly (334ms)
		ExecutionOrderSort (0ms)
		DisableScriptedObjects (8ms)
		BackupInstance (0ms)
		ReleaseScriptingObjects (0ms)
		CreateAndSetChildDomain (74ms)
	RebuildCommonClasses (67ms)
	RebuildNativeTypeToScriptingClass (20ms)
	initialDomainReloadingComplete (38ms)
	LoadAllAssembliesAndSetupDomain (609ms)
		LoadAssemblies (495ms)
		RebuildTransferFunctionScriptingTraits (0ms)
		AnalyzeDomain (280ms)
			TypeCache.Refresh (15ms)
				TypeCache.ScanAssembly (1ms)
			BuildScriptInfoCaches (249ms)
			ResolveRequiredComponents (12ms)
	FinalizeReload (868ms)
		ReleaseScriptCaches (0ms)
		RebuildScriptCaches (0ms)
		SetupLoadedEditorAssemblies (661ms)
			LogAssemblyErrors (0ms)
			InitializePlatformSupportModulesInManaged (2ms)
			SetLoadedEditorAssemblies (4ms)
			BeforeProcessingInitializeOnLoad (175ms)
			ProcessInitializeOnLoadAttributes (394ms)
			ProcessInitializeOnLoadMethodAttributes (78ms)
			AfterProcessingInitializeOnLoad (7ms)
			EditorAssembliesLoaded (1ms)
		ExecutionOrderSort2 (0ms)
		AwakeInstancesAfterBackupRestoration (18ms)
Refreshing native plugins compatible for Editor in 1.72 ms, found 4 plugins.
Preloading 0 native plugins for Editor in 0.00 ms.
Unloading 16 Unused Serialized files (Serialized files now loaded: 0)
Unloading 6662 unused Assets / (3.8 MB). Loaded Objects now: 7501.
Memory consumption went from 175.9 MB to 172.1 MB.
Total: 9.672600 ms (FindLiveObjects: 0.895800 ms CreateObjectMapping: 0.658100 ms MarkObjects: 5.616600 ms  DeleteObjects: 2.501000 ms)

Prepare: number of updated asset objects reloaded= 0
========================================================================
Received Import Request.
  Time since last request: 143.300052 seconds.
  path: Assets/Scripts/Spells/Impls/FireBall.cs
  artifactKey: Guid(23da9a0f725585b4a9d80730e015dba0) Importer(2089858483,b0f066a214c2f5e87bad3c948f4d605d)
Start importing Assets/Scripts/Spells/Impls/FireBall.cs using Guid(23da9a0f725585b4a9d80730e015dba0) Importer(2089858483,b0f066a214c2f5e87bad3c948f4d605d) (ScriptedImporter) -> (artifact id: 'cf09a8f6f15b18cc4bc723b51294fc14') in 0.1055232 seconds
Number of updated asset objects reloaded before import = 0Number of asset objects unloaded after import = 0

========================================================================
Received Import Request.
  Time since last request: 0.000030 seconds.
  path: Assets/Scripts/Spells/SpellData.cs
  artifactKey: Guid(9cd3720ecf6e96a4fbaf61f454b288fe) Importer(2089858483,b0f066a214c2f5e87bad3c948f4d605d)
Start importing Assets/Scripts/Spells/SpellData.cs using Guid(9cd3720ecf6e96a4fbaf61f454b288fe) Importer(2089858483,b0f066a214c2f5e87bad3c948f4d605d) (ScriptedImporter) -> (artifact id: 'f59fc7dfc82990dde49521dbd6025336') in 0.0248404 seconds
Number of updated asset objects reloaded before import = 0Number of asset objects unloaded after import = 0

========================================================================
Received Import Request.
  Time since last request: 2.791001 seconds.
  path: Assets/Spells
  artifactKey: Guid(5882867ac3bff4e4ebad0d3b23a687f5) Importer(815301076,1909f56bfc062723c751e8b465ee728b)
Start importing Assets/Spells using Guid(5882867ac3bff4e4ebad0d3b23a687f5) Importer(815301076,1909f56bfc062723c751e8b465ee728b) (PreviewImporter) -> (artifact id: '76770ddde22ea18062f8a13573e25eaa') in 0.0007941 seconds
Number of updated asset objects reloaded before import = 0Number of asset objects unloaded after import = 0

========================================================================
Received Import Request.
  Time since last request: 0.895208 seconds.
  path: Assets/Spells
  artifactKey: Guid(5882867ac3bff4e4ebad0d3b23a687f5) Importer(2089858483,b0f066a214c2f5e87bad3c948f4d605d)
Start importing Assets/Spells using Guid(5882867ac3bff4e4ebad0d3b23a687f5) Importer(2089858483,b0f066a214c2f5e87bad3c948f4d605d) (ScriptedImporter) -> (artifact id: '68ae8d822d2643280c04e0214c49e6ae') in 0.0561431 seconds
Number of updated asset objects reloaded before import = 0Number of asset objects unloaded after import = 1

========================================================================
Received Import Request.
  Time since last request: 17.867664 seconds.
  path: Assets/Spells/Fireball.asset
  artifactKey: Guid(f106d02ef4b0dbd4297acfa41668aaef) Importer(815301076,1909f56bfc062723c751e8b465ee728b)
Start importing Assets/Spells/Fireball.asset using Guid(f106d02ef4b0dbd4297acfa41668aaef) Importer(815301076,1909f56bfc062723c751e8b465ee728b) (PreviewImporter) -> (artifact id: '07914c7da7bea2ac9de189157ab1ec68') in 0.0242888 seconds
Number of updated asset objects reloaded before import = 0Number of asset objects unloaded after import = 1

========================================================================
Received Import Request.
  Time since last request: 0.914369 seconds.
  path: Assets/Spells/Fireball.asset
  artifactKey: Guid(f106d02ef4b0dbd4297acfa41668aaef) Importer(2089858483,b0f066a214c2f5e87bad3c948f4d605d)
Start importing Assets/Spells/Fireball.asset using Guid(f106d02ef4b0dbd4297acfa41668aaef) Importer(2089858483,b0f066a214c2f5e87bad3c948f4d605d) (ScriptedImporter) -> (artifact id: '51a7438517fed07111f72cf665067a2d') in 0.1278471 seconds
Number of updated asset objects reloaded before import = 0Number of asset objects unloaded after import = 1

========================================================================
Received Import Request.
  Time since last request: 16.575994 seconds.
  path: Assets/Spells/Fireball.asset
  artifactKey: Guid(f106d02ef4b0dbd4297acfa41668aaef) Importer(815301076,1909f56bfc062723c751e8b465ee728b)
Start importing Assets/Spells/Fireball.asset using Guid(f106d02ef4b0dbd4297acfa41668aaef) Importer(815301076,1909f56bfc062723c751e8b465ee728b) (PreviewImporter) -> (artifact id: '819c3be460ca78a856426736fc8dadfb') in 0.0010973 seconds
Number of updated asset objects reloaded before import = 0Number of asset objects unloaded after import = 1

========================================================================
Received Import Request.
  Time since last request: 0.931174 seconds.
  path: Assets/Spells/Fireball.asset
  artifactKey: Guid(f106d02ef4b0dbd4297acfa41668aaef) Importer(2089858483,b0f066a214c2f5e87bad3c948f4d605d)
Start importing Assets/Spells/Fireball.asset using Guid(f106d02ef4b0dbd4297acfa41668aaef) Importer(2089858483,b0f066a214c2f5e87bad3c948f4d605d) (ScriptedImporter) -> (artifact id: 'aa3d1fbf5d599a0602a12ccc2b32a17c') in 0.0192679 seconds
Number of updated asset objects reloaded before import = 0Number of asset objects unloaded after import = 1

========================================================================
Received Prepare
Script 'CharacterController' has the same name as built-in Unity component.
AddComponent and GetComponent will not work with this script.
Refreshing native plugins compatible for Editor in 1.99 ms, found 4 plugins.
Preloading 0 native plugins for Editor in 0.00 ms.
Unloading 16 Unused Serialized files (Serialized files now loaded: 0)
Unloading 6651 unused Assets / (4.0 MB). Loaded Objects now: 7501.
Memory consumption went from 155.1 MB to 151.1 MB.
Total: 14.564600 ms (FindLiveObjects: 1.017200 ms CreateObjectMapping: 1.572800 ms MarkObjects: 8.568400 ms  DeleteObjects: 3.404600 ms)

Prepare: number of updated asset objects reloaded= 0
========================================================================
Received Import Request.
  Time since last request: 233.871440 seconds.
  path: Assets/Scripts/Spells/ISpellBehaviour.cs
  artifactKey: Guid(cdd352db14098a943bb7289aeab14c32) Importer(2089858483,b0f066a214c2f5e87bad3c948f4d605d)
Start importing Assets/Scripts/Spells/ISpellBehaviour.cs using Guid(cdd352db14098a943bb7289aeab14c32) Importer(2089858483,b0f066a214c2f5e87bad3c948f4d605d) (ScriptedImporter) -> (artifact id: 'befd00622376899c9bbc21523e4dcbad') in 0.0607579 seconds
Number of updated asset objects reloaded before import = 0Number of asset objects unloaded after import = 0

========================================================================
Received Prepare
Script 'CharacterController' has the same name as built-in Unity component.
AddComponent and GetComponent will not work with this script.
Refreshing native plugins compatible for Editor in 1.90 ms, found 4 plugins.
Preloading 0 native plugins for Editor in 0.00 ms.
Unloading 16 Unused Serialized files (Serialized files now loaded: 0)
Unloading 6651 unused Assets / (3.0 MB). Loaded Objects now: 7501.
Memory consumption went from 155.1 MB to 152.1 MB.
Total: 23.300700 ms (FindLiveObjects: 1.204200 ms CreateObjectMapping: 1.769500 ms MarkObjects: 9.261300 ms  DeleteObjects: 11.063400 ms)

Prepare: number of updated asset objects reloaded= 0
========================================================================
Received Import Request.
  Time since last request: 142.578538 seconds.
  path: Assets/Scripts/Spells/ISpellBehaviour.cs
  artifactKey: Guid(cdd352db14098a943bb7289aeab14c32) Importer(2089858483,b0f066a214c2f5e87bad3c948f4d605d)
Start importing Assets/Scripts/Spells/ISpellBehaviour.cs using Guid(cdd352db14098a943bb7289aeab14c32) Importer(2089858483,b0f066a214c2f5e87bad3c948f4d605d) (ScriptedImporter) -> (artifact id: '3849457773d85c260f2f5a9e351aad48') in 0.0136397 seconds
Number of updated asset objects reloaded before import = 0Number of asset objects unloaded after import = 0

========================================================================
Received Prepare
Begin MonoManager ReloadAssembly
[Licensing::Client] Successfully resolved entitlement details
- Loaded All Assemblies, in  1.200 seconds
Script 'CharacterController' has the same name as built-in Unity component.
AddComponent and GetComponent will not work with this script.
Refreshing native plugins compatible for Editor in 1.73 ms, found 4 plugins.
Native extension for WindowsStandalone target not found
[Package Manager] Failed to launch server process. Reason: Unity was launched with the -noUpm command-line argument
[Package Manager] Unable to send message (not connected to server process).
[Package Manager] Cannot connect to Unity Package Manager local server
[Package Manager] Failed to launch server process. Reason: Unity was launched with the -noUpm command-line argument
[Package Manager] Unable to send message (not connected to server process).
[Package Manager] Cannot connect to Unity Package Manager local server
ScheduleIndexationOnStartup MainProcess:False IndexOnStartup:True
Mono: successfully reloaded assembly
- Finished resetting the current domain, in  0.880 seconds
Domain Reload Profiling: 2087ms
	BeginReloadAssembly (486ms)
		ExecutionOrderSort (0ms)
		DisableScriptedObjects (8ms)
		BackupInstance (0ms)
		ReleaseScriptingObjects (0ms)
		CreateAndSetChildDomain (127ms)
	RebuildCommonClasses (56ms)
	RebuildNativeTypeToScriptingClass (22ms)
	initialDomainReloadingComplete (37ms)
	LoadAllAssembliesAndSetupDomain (605ms)
		LoadAssemblies (531ms)
		RebuildTransferFunctionScriptingTraits (0ms)
		AnalyzeDomain (273ms)
			TypeCache.Refresh (13ms)
				TypeCache.ScanAssembly (1ms)
			BuildScriptInfoCaches (244ms)
			ResolveRequiredComponents (11ms)
	FinalizeReload (881ms)
		ReleaseScriptCaches (0ms)
		RebuildScriptCaches (0ms)
		SetupLoadedEditorAssemblies (663ms)
			LogAssemblyErrors (0ms)
			InitializePlatformSupportModulesInManaged (2ms)
			SetLoadedEditorAssemblies (5ms)
			BeforeProcessingInitializeOnLoad (183ms)
			ProcessInitializeOnLoadAttributes (391ms)
			ProcessInitializeOnLoadMethodAttributes (76ms)
			AfterProcessingInitializeOnLoad (7ms)
			EditorAssembliesLoaded (0ms)
		ExecutionOrderSort2 (0ms)
		AwakeInstancesAfterBackupRestoration (18ms)
Refreshing native plugins compatible for Editor in 2.05 ms, found 4 plugins.
Preloading 0 native plugins for Editor in 0.00 ms.
Unloading 16 Unused Serialized files (Serialized files now loaded: 0)
Unloading 6662 unused Assets / (3.7 MB). Loaded Objects now: 7504.
Memory consumption went from 154.9 MB to 151.1 MB.
Total: 9.228200 ms (FindLiveObjects: 0.848700 ms CreateObjectMapping: 0.622700 ms MarkObjects: 5.432000 ms  DeleteObjects: 2.323900 ms)

Prepare: number of updated asset objects reloaded= 0
========================================================================
Received Prepare
Script 'CharacterController' has the same name as built-in Unity component.
AddComponent and GetComponent will not work with this script.
Refreshing native plugins compatible for Editor in 6.58 ms, found 4 plugins.
Preloading 0 native plugins for Editor in 0.00 ms.
Unloading 16 Unused Serialized files (Serialized files now loaded: 0)
Unloading 6651 unused Assets / (3.6 MB). Loaded Objects now: 7504.
Memory consumption went from 157.6 MB to 154.0 MB.
Total: 27.672200 ms (FindLiveObjects: 7.604700 ms CreateObjectMapping: 1.408800 ms MarkObjects: 8.689000 ms  DeleteObjects: 9.968000 ms)

Prepare: number of updated asset objects reloaded= 0
========================================================================
Received Prepare
Script 'CharacterController' has the same name as built-in Unity component.
AddComponent and GetComponent will not work with this script.
Refreshing native plugins compatible for Editor in 1.63 ms, found 4 plugins.
Preloading 0 native plugins for Editor in 0.00 ms.
Unloading 16 Unused Serialized files (Serialized files now loaded: 0)
Unloading 6651 unused Assets / (3.9 MB). Loaded Objects now: 7504.
Memory consumption went from 160.3 MB to 156.4 MB.
Total: 10.479200 ms (FindLiveObjects: 0.882400 ms CreateObjectMapping: 0.655600 ms MarkObjects: 6.069800 ms  DeleteObjects: 2.869900 ms)

Prepare: number of updated asset objects reloaded= 0
========================================================================
Received Prepare
Begin MonoManager ReloadAssembly
- Loaded All Assemblies, in  1.114 seconds
Script 'CharacterController' has the same name as built-in Unity component.
AddComponent and GetComponent will not work with this script.
Refreshing native plugins compatible for Editor in 1.46 ms, found 4 plugins.
Native extension for WindowsStandalone target not found
[Package Manager] Failed to launch server process. Reason: Unity was launched with the -noUpm command-line argument
[Package Manager] Unable to send message (not connected to server process).
[Package Manager] Cannot connect to Unity Package Manager local server
[Package Manager] Failed to launch server process. Reason: Unity was launched with the -noUpm command-line argument
[Package Manager] Unable to send message (not connected to server process).
[Package Manager] Cannot connect to Unity Package Manager local server
ScheduleIndexationOnStartup MainProcess:False IndexOnStartup:True
Mono: successfully reloaded assembly
- Finished resetting the current domain, in  0.917 seconds
Domain Reload Profiling: 2034ms
	BeginReloadAssembly (397ms)
		ExecutionOrderSort (0ms)
		DisableScriptedObjects (10ms)
		BackupInstance (0ms)
		ReleaseScriptingObjects (0ms)
		CreateAndSetChildDomain (108ms)
	RebuildCommonClasses (57ms)
	RebuildNativeTypeToScriptingClass (21ms)
	initialDomainReloadingComplete (37ms)
	LoadAllAssembliesAndSetupDomain (605ms)
		LoadAssemblies (495ms)
		RebuildTransferFunctionScriptingTraits (0ms)
		AnalyzeDomain (294ms)
			TypeCache.Refresh (13ms)
				TypeCache.ScanAssembly (1ms)
			BuildScriptInfoCaches (264ms)
			ResolveRequiredComponents (12ms)
	FinalizeReload (917ms)
		ReleaseScriptCaches (0ms)
		RebuildScriptCaches (0ms)
		SetupLoadedEditorAssemblies (698ms)
			LogAssemblyErrors (0ms)
			InitializePlatformSupportModulesInManaged (2ms)
			SetLoadedEditorAssemblies (6ms)
			BeforeProcessingInitializeOnLoad (186ms)
			ProcessInitializeOnLoadAttributes (414ms)
			ProcessInitializeOnLoadMethodAttributes (82ms)
			AfterProcessingInitializeOnLoad (7ms)
			EditorAssembliesLoaded (1ms)
		ExecutionOrderSort2 (0ms)
		AwakeInstancesAfterBackupRestoration (18ms)
Refreshing native plugins compatible for Editor in 1.62 ms, found 4 plugins.
Preloading 0 native plugins for Editor in 0.00 ms.
Unloading 16 Unused Serialized files (Serialized files now loaded: 0)
Unloading 6662 unused Assets / (3.8 MB). Loaded Objects now: 7507.
Memory consumption went from 162.8 MB to 159.0 MB.
Total: 9.588500 ms (FindLiveObjects: 0.871800 ms CreateObjectMapping: 0.632300 ms MarkObjects: 5.755500 ms  DeleteObjects: 2.327400 ms)

Prepare: number of updated asset objects reloaded= 0
========================================================================
Received Prepare
Script 'CharacterController' has the same name as built-in Unity component.
AddComponent and GetComponent will not work with this script.
Refreshing native plugins compatible for Editor in 1.95 ms, found 4 plugins.
Preloading 0 native plugins for Editor in 0.00 ms.
Unloading 16 Unused Serialized files (Serialized files now loaded: 0)
Unloading 6651 unused Assets / (3.0 MB). Loaded Objects now: 7507.
Memory consumption went from 165.6 MB to 162.6 MB.
Total: 12.179800 ms (FindLiveObjects: 0.868300 ms CreateObjectMapping: 0.823100 ms MarkObjects: 7.033200 ms  DeleteObjects: 3.454100 ms)

Prepare: number of updated asset objects reloaded= 0
========================================================================
Received Prepare
Begin MonoManager ReloadAssembly
- Loaded All Assemblies, in  1.110 seconds
Script 'CharacterController' has the same name as built-in Unity component.
AddComponent and GetComponent will not work with this script.
Refreshing native plugins compatible for Editor in 1.29 ms, found 4 plugins.
Native extension for WindowsStandalone target not found
[Package Manager] Failed to launch server process. Reason: Unity was launched with the -noUpm command-line argument
[Package Manager] Unable to send message (not connected to server process).
[Package Manager] Cannot connect to Unity Package Manager local server
[Package Manager] Failed to launch server process. Reason: Unity was launched with the -noUpm command-line argument
[Package Manager] Unable to send message (not connected to server process).
[Package Manager] Cannot connect to Unity Package Manager local server
ScheduleIndexationOnStartup MainProcess:False IndexOnStartup:True
Mono: successfully reloaded assembly
- Finished resetting the current domain, in  1.724 seconds
Domain Reload Profiling: 2838ms
	BeginReloadAssembly (328ms)
		ExecutionOrderSort (0ms)
		DisableScriptedObjects (8ms)
		BackupInstance (0ms)
		ReleaseScriptingObjects (0ms)
		CreateAndSetChildDomain (71ms)
	RebuildCommonClasses (75ms)
	RebuildNativeTypeToScriptingClass (20ms)
	initialDomainReloadingComplete (38ms)
	LoadAllAssembliesAndSetupDomain (651ms)
		LoadAssemblies (500ms)
		RebuildTransferFunctionScriptingTraits (0ms)
		AnalyzeDomain (305ms)
			TypeCache.Refresh (13ms)
				TypeCache.ScanAssembly (1ms)
			BuildScriptInfoCaches (269ms)
			ResolveRequiredComponents (17ms)
	FinalizeReload (1725ms)
		ReleaseScriptCaches (0ms)
		RebuildScriptCaches (0ms)
		SetupLoadedEditorAssemblies (1501ms)
			LogAssemblyErrors (0ms)
			InitializePlatformSupportModulesInManaged (2ms)
			SetLoadedEditorAssemblies (5ms)
			BeforeProcessingInitializeOnLoad (562ms)
			ProcessInitializeOnLoadAttributes (839ms)
			ProcessInitializeOnLoadMethodAttributes (86ms)
			AfterProcessingInitializeOnLoad (7ms)
			EditorAssembliesLoaded (1ms)
		ExecutionOrderSort2 (0ms)
		AwakeInstancesAfterBackupRestoration (20ms)
Refreshing native plugins compatible for Editor in 1.75 ms, found 4 plugins.
Preloading 0 native plugins for Editor in 0.00 ms.
Unloading 16 Unused Serialized files (Serialized files now loaded: 0)
Unloading 6662 unused Assets / (4.0 MB). Loaded Objects now: 7510.
Memory consumption went from 168.1 MB to 164.1 MB.
Total: 11.892500 ms (FindLiveObjects: 0.914300 ms CreateObjectMapping: 1.398800 ms MarkObjects: 6.273400 ms  DeleteObjects: 3.304600 ms)

Prepare: number of updated asset objects reloaded= 0
========================================================================
Received Prepare
Script 'CharacterController' has the same name as built-in Unity component.
AddComponent and GetComponent will not work with this script.
Refreshing native plugins compatible for Editor in 1.65 ms, found 4 plugins.
Preloading 0 native plugins for Editor in 0.00 ms.
Unloading 16 Unused Serialized files (Serialized files now loaded: 0)
Unloading 6651 unused Assets / (4.1 MB). Loaded Objects now: 7510.
Memory consumption went from 170.9 MB to 166.8 MB.
Total: 11.203100 ms (FindLiveObjects: 0.909000 ms CreateObjectMapping: 1.365100 ms MarkObjects: 5.940400 ms  DeleteObjects: 2.987500 ms)

Prepare: number of updated asset objects reloaded= 0
========================================================================
Received Prepare
Begin MonoManager ReloadAssembly
[Licensing::Client] Successfully resolved entitlement details
- Loaded All Assemblies, in  0.984 seconds
Script 'CharacterController' has the same name as built-in Unity component.
AddComponent and GetComponent will not work with this script.
Refreshing native plugins compatible for Editor in 1.75 ms, found 4 plugins.
Native extension for WindowsStandalone target not found
[Package Manager] Failed to launch server process. Reason: Unity was launched with the -noUpm command-line argument
[Package Manager] Unable to send message (not connected to server process).
[Package Manager] Cannot connect to Unity Package Manager local server
[Package Manager] Failed to launch server process. Reason: Unity was launched with the -noUpm command-line argument
[Package Manager] Unable to send message (not connected to server process).
[Package Manager] Cannot connect to Unity Package Manager local server
ScheduleIndexationOnStartup MainProcess:False IndexOnStartup:True
Mono: successfully reloaded assembly
- Finished resetting the current domain, in  0.887 seconds
Domain Reload Profiling: 1872ms
	BeginReloadAssembly (310ms)
		ExecutionOrderSort (0ms)
		DisableScriptedObjects (9ms)
		BackupInstance (0ms)
		ReleaseScriptingObjects (0ms)
		CreateAndSetChildDomain (85ms)
	RebuildCommonClasses (52ms)
	RebuildNativeTypeToScriptingClass (20ms)
	initialDomainReloadingComplete (36ms)
	LoadAllAssembliesAndSetupDomain (567ms)
		LoadAssemblies (431ms)
		RebuildTransferFunctionScriptingTraits (0ms)
		AnalyzeDomain (265ms)
			TypeCache.Refresh (13ms)
				TypeCache.ScanAssembly (1ms)
			BuildScriptInfoCaches (235ms)
			ResolveRequiredComponents (12ms)
	FinalizeReload (887ms)
		ReleaseScriptCaches (0ms)
		RebuildScriptCaches (0ms)
		SetupLoadedEditorAssemblies (683ms)
			LogAssemblyErrors (0ms)
			InitializePlatformSupportModulesInManaged (2ms)
			SetLoadedEditorAssemblies (4ms)
			BeforeProcessingInitializeOnLoad (181ms)
			ProcessInitializeOnLoadAttributes (402ms)
			ProcessInitializeOnLoadMethodAttributes (86ms)
			AfterProcessingInitializeOnLoad (7ms)
			EditorAssembliesLoaded (1ms)
		ExecutionOrderSort2 (0ms)
		AwakeInstancesAfterBackupRestoration (20ms)
Refreshing native plugins compatible for Editor in 2.08 ms, found 4 plugins.
Preloading 0 native plugins for Editor in 0.00 ms.
Unloading 16 Unused Serialized files (Serialized files now loaded: 0)
Unloading 6662 unused Assets / (3.8 MB). Loaded Objects now: 7513.
Memory consumption went from 173.4 MB to 169.7 MB.
Total: 10.005700 ms (FindLiveObjects: 0.913500 ms CreateObjectMapping: 0.627900 ms MarkObjects: 6.073600 ms  DeleteObjects: 2.389500 ms)

Prepare: number of updated asset objects reloaded= 0
========================================================================
Received Import Request.
  Time since last request: 509.589391 seconds.
  path: Assets/Scripts/Spells/Impls/FireBall.cs
  artifactKey: Guid(23da9a0f725585b4a9d80730e015dba0) Importer(2089858483,b0f066a214c2f5e87bad3c948f4d605d)
Start importing Assets/Scripts/Spells/Impls/FireBall.cs using Guid(23da9a0f725585b4a9d80730e015dba0) Importer(2089858483,b0f066a214c2f5e87bad3c948f4d605d) (ScriptedImporter) -> (artifact id: 'c2d9e5e923eab99f03b3be8acc42c936') in 0.1140217 seconds
Number of updated asset objects reloaded before import = 0Number of asset objects unloaded after import = 0

========================================================================
Received Import Request.
  Time since last request: 0.000036 seconds.
  path: Assets/Scripts/Spells/SpellData.cs
  artifactKey: Guid(9cd3720ecf6e96a4fbaf61f454b288fe) Importer(2089858483,b0f066a214c2f5e87bad3c948f4d605d)
Start importing Assets/Scripts/Spells/SpellData.cs using Guid(9cd3720ecf6e96a4fbaf61f454b288fe) Importer(2089858483,b0f066a214c2f5e87bad3c948f4d605d) (ScriptedImporter) -> (artifact id: '93ce314a038e16545d859d8f05697fc6') in 0.0316456 seconds
Number of updated asset objects reloaded before import = 0Number of asset objects unloaded after import = 0

========================================================================
Received Import Request.
  Time since last request: 14.500329 seconds.
  path: Assets/Spells/FireballBehaviour.prefab
  artifactKey: Guid(a5f5c649a4658344e837bc55bed9727e) Importer(815301076,1909f56bfc062723c751e8b465ee728b)
Start importing Assets/Spells/FireballBehaviour.prefab using Guid(a5f5c649a4658344e837bc55bed9727e) Importer(815301076,1909f56bfc062723c751e8b465ee728b) (PreviewImporter) -> (artifact id: 'c5c05e57bfd7b848dcc211a855fcbe75') in 0.044814 seconds
Number of updated asset objects reloaded before import = 0Number of asset objects unloaded after import = 4

========================================================================
Received Import Request.
  Time since last request: 0.749282 seconds.
  path: Assets/Spells/FireballBehaviour.prefab
  artifactKey: Guid(a5f5c649a4658344e837bc55bed9727e) Importer(2089858483,b0f066a214c2f5e87bad3c948f4d605d)
Start importing Assets/Spells/FireballBehaviour.prefab using Guid(a5f5c649a4658344e837bc55bed9727e) Importer(2089858483,b0f066a214c2f5e87bad3c948f4d605d) (ScriptedImporter) -> (artifact id: 'ed9df0760a78829140e802655447edd2') in 0.0212347 seconds
Number of updated asset objects reloaded before import = 0Number of asset objects unloaded after import = 4

========================================================================
Received Import Request.
  Time since last request: 6.600757 seconds.
  path: Assets/Spells/FireballBehaviour.prefab
  artifactKey: Guid(a5f5c649a4658344e837bc55bed9727e) Importer(815301076,1909f56bfc062723c751e8b465ee728b)
Start importing Assets/Spells/FireballBehaviour.prefab using Guid(a5f5c649a4658344e837bc55bed9727e) Importer(815301076,1909f56bfc062723c751e8b465ee728b) (PreviewImporter) -> (artifact id: '286565bd25436f07eae887b2216d80e0') in 0.0034792 seconds
Number of updated asset objects reloaded before import = 0Number of asset objects unloaded after import = 4

========================================================================
Received Import Request.
  Time since last request: 0.482808 seconds.
  path: Assets/Spells/FireballBehaviour.prefab
  artifactKey: Guid(a5f5c649a4658344e837bc55bed9727e) Importer(815301076,1909f56bfc062723c751e8b465ee728b)
Start importing Assets/Spells/FireballBehaviour.prefab using Guid(a5f5c649a4658344e837bc55bed9727e) Importer(815301076,1909f56bfc062723c751e8b465ee728b) (PreviewImporter) -> (artifact id: '4798b375cb5a82185fc25dca2c3dc549') in 0.0029274 seconds
Number of updated asset objects reloaded before import = 0Number of asset objects unloaded after import = 4

========================================================================
Received Import Request.
  Time since last request: 0.506860 seconds.
  path: Assets/Spells/FireballBehaviour.prefab
  artifactKey: Guid(a5f5c649a4658344e837bc55bed9727e) Importer(815301076,1909f56bfc062723c751e8b465ee728b)
Start importing Assets/Spells/FireballBehaviour.prefab using Guid(a5f5c649a4658344e837bc55bed9727e) Importer(815301076,1909f56bfc062723c751e8b465ee728b) (PreviewImporter) -> (artifact id: 'b4d3269d566938d4da562ab2443bac29') in 0.0026014 seconds
Number of updated asset objects reloaded before import = 0Number of asset objects unloaded after import = 4

========================================================================
Received Import Request.
  Time since last request: 3.370085 seconds.
  path: Assets/Spells/FireballBehaviour.prefab
  artifactKey: Guid(a5f5c649a4658344e837bc55bed9727e) Importer(2089858483,b0f066a214c2f5e87bad3c948f4d605d)
Start importing Assets/Spells/FireballBehaviour.prefab using Guid(a5f5c649a4658344e837bc55bed9727e) Importer(2089858483,b0f066a214c2f5e87bad3c948f4d605d) (ScriptedImporter) -> (artifact id: '97350a8abf241694b47c64d2cff10122') in 0.0502956 seconds
Number of updated asset objects reloaded before import = 0Number of asset objects unloaded after import = 4

========================================================================
Received Import Request.
  Time since last request: 6.832060 seconds.
  path: Assets/Spells/FireballBehaviour.prefab
  artifactKey: Guid(a5f5c649a4658344e837bc55bed9727e) Importer(815301076,1909f56bfc062723c751e8b465ee728b)
Start importing Assets/Spells/FireballBehaviour.prefab using Guid(a5f5c649a4658344e837bc55bed9727e) Importer(815301076,1909f56bfc062723c751e8b465ee728b) (PreviewImporter) -> (artifact id: 'c42743f94b4b43b0c9aecf3614ae54af') in 0.0024157 seconds
Number of updated asset objects reloaded before import = 0Number of asset objects unloaded after import = 5

========================================================================
Received Import Request.
  Time since last request: 0.918931 seconds.
  path: Assets/Spells/FireballBehaviour.prefab
  artifactKey: Guid(a5f5c649a4658344e837bc55bed9727e) Importer(2089858483,b0f066a214c2f5e87bad3c948f4d605d)
Start importing Assets/Spells/FireballBehaviour.prefab using Guid(a5f5c649a4658344e837bc55bed9727e) Importer(2089858483,b0f066a214c2f5e87bad3c948f4d605d) (ScriptedImporter) -> (artifact id: 'ab7d34e91e2aa865b8017216c0912979') in 0.0907317 seconds
Number of updated asset objects reloaded before import = 0Number of asset objects unloaded after import = 5

========================================================================
Received Import Request.
  Time since last request: 24.651745 seconds.
  path: Assets/Spells/FireballBehaviour.prefab
  artifactKey: Guid(a5f5c649a4658344e837bc55bed9727e) Importer(815301076,1909f56bfc062723c751e8b465ee728b)
Start importing Assets/Spells/FireballBehaviour.prefab using Guid(a5f5c649a4658344e837bc55bed9727e) Importer(815301076,1909f56bfc062723c751e8b465ee728b) (PreviewImporter) -> (artifact id: '7e54124714f65d5050a64b9e344eccf6') in 0.0028008 seconds
Number of updated asset objects reloaded before import = 0Number of asset objects unloaded after import = 5

========================================================================
Received Import Request.
  Time since last request: 0.921714 seconds.
  path: Assets/Spells/FireballBehaviour.prefab
  artifactKey: Guid(a5f5c649a4658344e837bc55bed9727e) Importer(2089858483,b0f066a214c2f5e87bad3c948f4d605d)
Start importing Assets/Spells/FireballBehaviour.prefab using Guid(a5f5c649a4658344e837bc55bed9727e) Importer(2089858483,b0f066a214c2f5e87bad3c948f4d605d) (ScriptedImporter) -> (artifact id: '0e2d0b8c937574cccb5a3278ff0a286f') in 0.0210463 seconds
Number of updated asset objects reloaded before import = 0Number of asset objects unloaded after import = 5

========================================================================
Received Prepare
Script 'CharacterController' has the same name as built-in Unity component.
AddComponent and GetComponent will not work with this script.
Refreshing native plugins compatible for Editor in 3.26 ms, found 4 plugins.
Preloading 0 native plugins for Editor in 0.00 ms.
Unloading 16 Unused Serialized files (Serialized files now loaded: 0)
Unloading 6651 unused Assets / (3.7 MB). Loaded Objects now: 7513.
Memory consumption went from 155.2 MB to 151.5 MB.
Total: 12.576800 ms (FindLiveObjects: 0.958400 ms CreateObjectMapping: 0.942800 ms MarkObjects: 7.674700 ms  DeleteObjects: 2.987400 ms)

Prepare: number of updated asset objects reloaded= 0
========================================================================
Received Import Request.
  Time since last request: 2534.395290 seconds.
  path: Assets/Scripts/Spells/SpellData.cs
  artifactKey: Guid(9cd3720ecf6e96a4fbaf61f454b288fe) Importer(2089858483,b0f066a214c2f5e87bad3c948f4d605d)
Start importing Assets/Scripts/Spells/SpellData.cs using Guid(9cd3720ecf6e96a4fbaf61f454b288fe) Importer(2089858483,b0f066a214c2f5e87bad3c948f4d605d) (ScriptedImporter) -> (artifact id: '7d786879e57ef163a8a59f5ddef67624') in 0.0208025 seconds
Number of updated asset objects reloaded before import = 0Number of asset objects unloaded after import = 0

========================================================================
Received Prepare
Begin MonoManager ReloadAssembly
[Licensing::Client] Successfully resolved entitlement details
- Loaded All Assemblies, in  1.142 seconds
Script 'CharacterController' has the same name as built-in Unity component.
AddComponent and GetComponent will not work with this script.
Refreshing native plugins compatible for Editor in 1.71 ms, found 4 plugins.
Native extension for WindowsStandalone target not found
[Package Manager] Failed to launch server process. Reason: Unity was launched with the -noUpm command-line argument
[Package Manager] Unable to send message (not connected to server process).
[Package Manager] Cannot connect to Unity Package Manager local server
[Package Manager] Failed to launch server process. Reason: Unity was launched with the -noUpm command-line argument
[Package Manager] Unable to send message (not connected to server process).
[Package Manager] Cannot connect to Unity Package Manager local server
ScheduleIndexationOnStartup MainProcess:False IndexOnStartup:True
Mono: successfully reloaded assembly
- Finished resetting the current domain, in  0.955 seconds
Domain Reload Profiling: 2098ms
	BeginReloadAssembly (343ms)
		ExecutionOrderSort (0ms)
		DisableScriptedObjects (8ms)
		BackupInstance (0ms)
		ReleaseScriptingObjects (0ms)
		CreateAndSetChildDomain (83ms)
	RebuildCommonClasses (65ms)
	RebuildNativeTypeToScriptingClass (23ms)
	initialDomainReloadingComplete (61ms)
	LoadAllAssembliesAndSetupDomain (651ms)
		LoadAssemblies (507ms)
		RebuildTransferFunctionScriptingTraits (0ms)
		AnalyzeDomain (299ms)
			TypeCache.Refresh (17ms)
				TypeCache.ScanAssembly (1ms)
			BuildScriptInfoCaches (264ms)
			ResolveRequiredComponents (12ms)
	FinalizeReload (955ms)
		ReleaseScriptCaches (0ms)
		RebuildScriptCaches (0ms)
		SetupLoadedEditorAssemblies (730ms)
			LogAssemblyErrors (0ms)
			InitializePlatformSupportModulesInManaged (3ms)
			SetLoadedEditorAssemblies (7ms)
			BeforeProcessingInitializeOnLoad (204ms)
			ProcessInitializeOnLoadAttributes (422ms)
			ProcessInitializeOnLoadMethodAttributes (84ms)
			AfterProcessingInitializeOnLoad (9ms)
			EditorAssembliesLoaded (1ms)
		ExecutionOrderSort2 (0ms)
		AwakeInstancesAfterBackupRestoration (20ms)
Refreshing native plugins compatible for Editor in 1.52 ms, found 4 plugins.
Preloading 0 native plugins for Editor in 0.00 ms.
Unloading 16 Unused Serialized files (Serialized files now loaded: 0)
Unloading 6662 unused Assets / (3.5 MB). Loaded Objects now: 7516.
Memory consumption went from 155.0 MB to 151.5 MB.
Total: 11.621500 ms (FindLiveObjects: 0.935500 ms CreateObjectMapping: 1.471800 ms MarkObjects: 6.107200 ms  DeleteObjects: 3.105700 ms)

Prepare: number of updated asset objects reloaded= 0
========================================================================
Received Prepare
Script 'CharacterController' has the same name as built-in Unity component.
AddComponent and GetComponent will not work with this script.
Refreshing native plugins compatible for Editor in 1.67 ms, found 4 plugins.
Preloading 0 native plugins for Editor in 0.00 ms.
Unloading 16 Unused Serialized files (Serialized files now loaded: 0)
Unloading 6651 unused Assets / (3.8 MB). Loaded Objects now: 7516.
Memory consumption went from 157.8 MB to 154.0 MB.
Total: 10.711000 ms (FindLiveObjects: 0.882300 ms CreateObjectMapping: 0.832600 ms MarkObjects: 5.747300 ms  DeleteObjects: 3.247300 ms)

Prepare: number of updated asset objects reloaded= 0
========================================================================
Received Import Request.
  Time since last request: 28.229036 seconds.
  path: Assets/Scripts/Spells/SpellData.cs
  artifactKey: Guid(9cd3720ecf6e96a4fbaf61f454b288fe) Importer(2089858483,b0f066a214c2f5e87bad3c948f4d605d)
Start importing Assets/Scripts/Spells/SpellData.cs using Guid(9cd3720ecf6e96a4fbaf61f454b288fe) Importer(2089858483,b0f066a214c2f5e87bad3c948f4d605d) (ScriptedImporter) -> (artifact id: 'a7464ffe5e48b5f440da03f6c20751a7') in 0.5774613 seconds
Number of updated asset objects reloaded before import = 0Number of asset objects unloaded after import = 0

========================================================================
Received Prepare
Begin MonoManager ReloadAssembly
- Loaded All Assemblies, in  1.267 seconds
Script 'CharacterController' has the same name as built-in Unity component.
AddComponent and GetComponent will not work with this script.
Refreshing native plugins compatible for Editor in 1.89 ms, found 4 plugins.
Native extension for WindowsStandalone target not found
[Package Manager] Failed to launch server process. Reason: Unity was launched with the -noUpm command-line argument
[Package Manager] Unable to send message (not connected to server process).
[Package Manager] Cannot connect to Unity Package Manager local server
[Package Manager] Failed to launch server process. Reason: Unity was launched with the -noUpm command-line argument
[Package Manager] Unable to send message (not connected to server process).
[Package Manager] Cannot connect to Unity Package Manager local server
ScheduleIndexationOnStartup MainProcess:False IndexOnStartup:True
Mono: successfully reloaded assembly
- Finished resetting the current domain, in  1.906 seconds
Domain Reload Profiling: 3174ms
	BeginReloadAssembly (461ms)
		ExecutionOrderSort (0ms)
		DisableScriptedObjects (39ms)
		BackupInstance (0ms)
		ReleaseScriptingObjects (0ms)
		CreateAndSetChildDomain (134ms)
	RebuildCommonClasses (61ms)
	RebuildNativeTypeToScriptingClass (23ms)
	initialDomainReloadingComplete (45ms)
	LoadAllAssembliesAndSetupDomain (677ms)
		LoadAssemblies (593ms)
		RebuildTransferFunctionScriptingTraits (0ms)
		AnalyzeDomain (286ms)
			TypeCache.Refresh (13ms)
				TypeCache.ScanAssembly (1ms)
			BuildScriptInfoCaches (257ms)
			ResolveRequiredComponents (11ms)
	FinalizeReload (1907ms)
		ReleaseScriptCaches (0ms)
		RebuildScriptCaches (0ms)
		SetupLoadedEditorAssemblies (1446ms)
			LogAssemblyErrors (0ms)
			InitializePlatformSupportModulesInManaged (3ms)
			SetLoadedEditorAssemblies (7ms)
			BeforeProcessingInitializeOnLoad (368ms)
			ProcessInitializeOnLoadAttributes (954ms)
			ProcessInitializeOnLoadMethodAttributes (105ms)
			AfterProcessingInitializeOnLoad (9ms)
			EditorAssembliesLoaded (1ms)
		ExecutionOrderSort2 (0ms)
		AwakeInstancesAfterBackupRestoration (21ms)
Refreshing native plugins compatible for Editor in 2.23 ms, found 4 plugins.
Preloading 0 native plugins for Editor in 0.00 ms.
Unloading 16 Unused Serialized files (Serialized files now loaded: 0)
Unloading 6662 unused Assets / (4.6 MB). Loaded Objects now: 7519.
Memory consumption went from 155.2 MB to 150.5 MB.
Total: 14.676300 ms (FindLiveObjects: 0.897800 ms CreateObjectMapping: 1.771600 ms MarkObjects: 7.308100 ms  DeleteObjects: 4.697800 ms)

Prepare: number of updated asset objects reloaded= 0
========================================================================
Received Prepare
Script 'CharacterController' has the same name as built-in Unity component.
AddComponent and GetComponent will not work with this script.
Refreshing native plugins compatible for Editor in 1.92 ms, found 4 plugins.
Preloading 0 native plugins for Editor in 0.00 ms.
Unloading 16 Unused Serialized files (Serialized files now loaded: 0)
Unloading 6651 unused Assets / (3.6 MB). Loaded Objects now: 7519.
Memory consumption went from 157.9 MB to 154.4 MB.
Total: 11.528500 ms (FindLiveObjects: 0.883700 ms CreateObjectMapping: 1.100500 ms MarkObjects: 6.035500 ms  DeleteObjects: 3.507300 ms)

Prepare: number of updated asset objects reloaded= 0
========================================================================
Received Prepare
Begin MonoManager ReloadAssembly
- Loaded All Assemblies, in  1.006 seconds
Script 'CharacterController' has the same name as built-in Unity component.
AddComponent and GetComponent will not work with this script.
Refreshing native plugins compatible for Editor in 3.15 ms, found 4 plugins.
Native extension for WindowsStandalone target not found
[Package Manager] Failed to launch server process. Reason: Unity was launched with the -noUpm command-line argument
[Package Manager] Unable to send message (not connected to server process).
[Package Manager] Cannot connect to Unity Package Manager local server
[Package Manager] Failed to launch server process. Reason: Unity was launched with the -noUpm command-line argument
[Package Manager] Unable to send message (not connected to server process).
[Package Manager] Cannot connect to Unity Package Manager local server
ScheduleIndexationOnStartup MainProcess:False IndexOnStartup:True
Mono: successfully reloaded assembly
- Finished resetting the current domain, in  0.898 seconds
Domain Reload Profiling: 1907ms
	BeginReloadAssembly (312ms)
		ExecutionOrderSort (0ms)
		DisableScriptedObjects (8ms)
		BackupInstance (0ms)
		ReleaseScriptingObjects (0ms)
		CreateAndSetChildDomain (61ms)
	RebuildCommonClasses (65ms)
	RebuildNativeTypeToScriptingClass (20ms)
	initialDomainReloadingComplete (40ms)
	LoadAllAssembliesAndSetupDomain (572ms)
		LoadAssemblies (440ms)
		RebuildTransferFunctionScriptingTraits (0ms)
		AnalyzeDomain (271ms)
			TypeCache.Refresh (12ms)
				TypeCache.ScanAssembly (1ms)
			BuildScriptInfoCaches (242ms)
			ResolveRequiredComponents (12ms)
	FinalizeReload (899ms)
		ReleaseScriptCaches (0ms)
		RebuildScriptCaches (0ms)
		SetupLoadedEditorAssemblies (681ms)
			LogAssemblyErrors (0ms)
			InitializePlatformSupportModulesInManaged (2ms)
			SetLoadedEditorAssemblies (4ms)
			BeforeProcessingInitializeOnLoad (179ms)
			ProcessInitializeOnLoadAttributes (406ms)
			ProcessInitializeOnLoadMethodAttributes (80ms)
			AfterProcessingInitializeOnLoad (8ms)
			EditorAssembliesLoaded (1ms)
		ExecutionOrderSort2 (0ms)
		AwakeInstancesAfterBackupRestoration (19ms)
Refreshing native plugins compatible for Editor in 1.61 ms, found 4 plugins.
Preloading 0 native plugins for Editor in 0.00 ms.
Unloading 16 Unused Serialized files (Serialized files now loaded: 0)
Unloading 6662 unused Assets / (3.8 MB). Loaded Objects now: 7522.
Memory consumption went from 160.5 MB to 156.7 MB.
Total: 9.551900 ms (FindLiveObjects: 0.851100 ms CreateObjectMapping: 0.608500 ms MarkObjects: 5.647600 ms  DeleteObjects: 2.443600 ms)

Prepare: number of updated asset objects reloaded= 0
========================================================================
Received Import Request.
  Time since last request: 19.894254 seconds.
  path: Assets/Scripts/Spells/SpellData.cs
  artifactKey: Guid(9cd3720ecf6e96a4fbaf61f454b288fe) Importer(2089858483,b0f066a214c2f5e87bad3c948f4d605d)
Start importing Assets/Scripts/Spells/SpellData.cs using Guid(9cd3720ecf6e96a4fbaf61f454b288fe) Importer(2089858483,b0f066a214c2f5e87bad3c948f4d605d) (ScriptedImporter) -> (artifact id: '74ce85dfa501676e5970e47f60c73545') in 0.1238881 seconds
Number of updated asset objects reloaded before import = 0Number of asset objects unloaded after import = 0

========================================================================
Received Import Request.
  Time since last request: 7.384961 seconds.
  path: Assets/Spells/Fireball.asset
  artifactKey: Guid(f106d02ef4b0dbd4297acfa41668aaef) Importer(815301076,1909f56bfc062723c751e8b465ee728b)
Start importing Assets/Spells/Fireball.asset using Guid(f106d02ef4b0dbd4297acfa41668aaef) Importer(815301076,1909f56bfc062723c751e8b465ee728b) (PreviewImporter) -> (artifact id: 'd3b449b0b7ebead3fd74f98f5f49a214') in 0.0237489 seconds
Number of updated asset objects reloaded before import = 0Number of asset objects unloaded after import = 5

========================================================================
Received Import Request.
  Time since last request: 0.000024 seconds.
  path: Assets/Spells/Fireball.asset
  artifactKey: Guid(f106d02ef4b0dbd4297acfa41668aaef) Importer(2089858483,b0f066a214c2f5e87bad3c948f4d605d)
Start importing Assets/Spells/Fireball.asset using Guid(f106d02ef4b0dbd4297acfa41668aaef) Importer(2089858483,b0f066a214c2f5e87bad3c948f4d605d) (ScriptedImporter) -> (artifact id: '4730737b05cdeb9fa6142f42ec663224') in 0.0544985 seconds
Number of updated asset objects reloaded before import = 0Number of asset objects unloaded after import = 5

========================================================================
Received Import Request.
  Time since last request: 31.879906 seconds.
  path: Assets/Scripts/Spells/SpellData.cs
  artifactKey: Guid(9cd3720ecf6e96a4fbaf61f454b288fe) Importer(815301076,1909f56bfc062723c751e8b465ee728b)
Start importing Assets/Scripts/Spells/SpellData.cs using Guid(9cd3720ecf6e96a4fbaf61f454b288fe) Importer(815301076,1909f56bfc062723c751e8b465ee728b) (PreviewImporter) -> (artifact id: '5538a300cb04260d8dc37ecd0909ab95') in 0.000939 seconds
Number of updated asset objects reloaded before import = 0Number of asset objects unloaded after import = 0

========================================================================
Received Import Request.
  Time since last request: 0.691358 seconds.
  path: Assets/Scripts/Spells/ISpellBehaviour.cs
  artifactKey: Guid(cdd352db14098a943bb7289aeab14c32) Importer(815301076,1909f56bfc062723c751e8b465ee728b)
Start importing Assets/Scripts/Spells/ISpellBehaviour.cs using Guid(cdd352db14098a943bb7289aeab14c32) Importer(815301076,1909f56bfc062723c751e8b465ee728b) (PreviewImporter) -> (artifact id: '88959c1f9bbe0509e7562364db330704') in 0.0011144 seconds
Number of updated asset objects reloaded before import = 0Number of asset objects unloaded after import = 0

========================================================================
Received Prepare
Script 'CharacterController' has the same name as built-in Unity component.
AddComponent and GetComponent will not work with this script.
Refreshing native plugins compatible for Editor in 1.47 ms, found 4 plugins.
Preloading 0 native plugins for Editor in 0.00 ms.
Unloading 16 Unused Serialized files (Serialized files now loaded: 0)
Unloading 6651 unused Assets / (3.7 MB). Loaded Objects now: 7522.
Memory consumption went from 155.4 MB to 151.7 MB.
Total: 11.853900 ms (FindLiveObjects: 0.910400 ms CreateObjectMapping: 1.101400 ms MarkObjects: 7.034000 ms  DeleteObjects: 2.807100 ms)

Prepare: number of updated asset objects reloaded= 0
========================================================================
Received Import Request.
  Time since last request: 33.617729 seconds.
  path: Assets/Scripts/Spells/ISpellBehaviour.cs
  artifactKey: Guid(cdd352db14098a943bb7289aeab14c32) Importer(2089858483,b0f066a214c2f5e87bad3c948f4d605d)
Start importing Assets/Scripts/Spells/ISpellBehaviour.cs using Guid(cdd352db14098a943bb7289aeab14c32) Importer(2089858483,b0f066a214c2f5e87bad3c948f4d605d) (ScriptedImporter) -> (artifact id: '7ec1c179adbcf6539d76dd639e7bd178') in 0.012278 seconds
Number of updated asset objects reloaded before import = 0Number of asset objects unloaded after import = 0

========================================================================
Received Prepare
Script 'CharacterController' has the same name as built-in Unity component.
AddComponent and GetComponent will not work with this script.
Refreshing native plugins compatible for Editor in 3.81 ms, found 4 plugins.
Preloading 0 native plugins for Editor in 0.00 ms.
Unloading 16 Unused Serialized files (Serialized files now loaded: 0)
Unloading 6651 unused Assets / (3.9 MB). Loaded Objects now: 7522.
Memory consumption went from 155.4 MB to 151.5 MB.
Total: 16.387200 ms (FindLiveObjects: 2.633800 ms CreateObjectMapping: 3.690600 ms MarkObjects: 6.829500 ms  DeleteObjects: 3.231600 ms)

Prepare: number of updated asset objects reloaded= 0
========================================================================
Received Import Request.
  Time since last request: 21.314075 seconds.
  path: Assets/Scripts/Spells/ISpellBehaviour.cs
  artifactKey: Guid(cdd352db14098a943bb7289aeab14c32) Importer(2089858483,b0f066a214c2f5e87bad3c948f4d605d)
Start importing Assets/Scripts/Spells/ISpellBehaviour.cs using Guid(cdd352db14098a943bb7289aeab14c32) Importer(2089858483,b0f066a214c2f5e87bad3c948f4d605d) (ScriptedImporter) -> (artifact id: '140fb82687594ddbadbad2ce50b5d4b2') in 0.0102899 seconds
Number of updated asset objects reloaded before import = 0Number of asset objects unloaded after import = 0

========================================================================
Received Prepare
Script 'CharacterController' has the same name as built-in Unity component.
AddComponent and GetComponent will not work with this script.
Refreshing native plugins compatible for Editor in 2.51 ms, found 4 plugins.
Preloading 0 native plugins for Editor in 0.00 ms.
Unloading 16 Unused Serialized files (Serialized files now loaded: 0)
Unloading 6651 unused Assets / (3.6 MB). Loaded Objects now: 7522.
Memory consumption went from 155.4 MB to 151.9 MB.
Total: 12.553900 ms (FindLiveObjects: 1.070500 ms CreateObjectMapping: 1.404400 ms MarkObjects: 7.107700 ms  DeleteObjects: 2.969400 ms)

Prepare: number of updated asset objects reloaded= 0
========================================================================
Received Prepare
Begin MonoManager ReloadAssembly
[Licensing::Client] Successfully resolved entitlement details
- Loaded All Assemblies, in  1.063 seconds
Script 'CharacterController' has the same name as built-in Unity component.
AddComponent and GetComponent will not work with this script.
Refreshing native plugins compatible for Editor in 1.95 ms, found 4 plugins.
Native extension for WindowsStandalone target not found
[Package Manager] Failed to launch server process. Reason: Unity was launched with the -noUpm command-line argument
[Package Manager] Unable to send message (not connected to server process).
[Package Manager] Cannot connect to Unity Package Manager local server
[Package Manager] Failed to launch server process. Reason: Unity was launched with the -noUpm command-line argument
[Package Manager] Unable to send message (not connected to server process).
[Package Manager] Cannot connect to Unity Package Manager local server
ScheduleIndexationOnStartup MainProcess:False IndexOnStartup:True
Mono: successfully reloaded assembly
- Finished resetting the current domain, in  0.849 seconds
Domain Reload Profiling: 1912ms
	BeginReloadAssembly (356ms)
		ExecutionOrderSort (0ms)
		DisableScriptedObjects (19ms)
		BackupInstance (0ms)
		ReleaseScriptingObjects (0ms)
		CreateAndSetChildDomain (78ms)
	RebuildCommonClasses (62ms)
	RebuildNativeTypeToScriptingClass (21ms)
	initialDomainReloadingComplete (45ms)
	LoadAllAssembliesAndSetupDomain (578ms)
		LoadAssemblies (493ms)
		RebuildTransferFunctionScriptingTraits (0ms)
		AnalyzeDomain (270ms)
			TypeCache.Refresh (13ms)
				TypeCache.ScanAssembly (1ms)
			BuildScriptInfoCaches (241ms)
			ResolveRequiredComponents (12ms)
	FinalizeReload (850ms)
		ReleaseScriptCaches (0ms)
		RebuildScriptCaches (0ms)
		SetupLoadedEditorAssemblies (653ms)
			LogAssemblyErrors (0ms)
			InitializePlatformSupportModulesInManaged (2ms)
			SetLoadedEditorAssemblies (4ms)
			BeforeProcessingInitializeOnLoad (172ms)
			ProcessInitializeOnLoadAttributes (389ms)
			ProcessInitializeOnLoadMethodAttributes (77ms)
			AfterProcessingInitializeOnLoad (9ms)
			EditorAssembliesLoaded (1ms)
		ExecutionOrderSort2 (0ms)
		AwakeInstancesAfterBackupRestoration (18ms)
Refreshing native plugins compatible for Editor in 1.68 ms, found 4 plugins.
Preloading 0 native plugins for Editor in 0.00 ms.
Unloading 16 Unused Serialized files (Serialized files now loaded: 0)
Unloading 6662 unused Assets / (3.8 MB). Loaded Objects now: 7525.
Memory consumption went from 157.9 MB to 154.1 MB.
Total: 9.293100 ms (FindLiveObjects: 0.819900 ms CreateObjectMapping: 0.610600 ms MarkObjects: 5.577800 ms  DeleteObjects: 2.283900 ms)

Prepare: number of updated asset objects reloaded= 0
========================================================================
Received Import Request.
  Time since last request: 38.169643 seconds.
  path: Assets/Scripts/Spells/Impls/FireBall.cs
  artifactKey: Guid(23da9a0f725585b4a9d80730e015dba0) Importer(2089858483,b0f066a214c2f5e87bad3c948f4d605d)
Start importing Assets/Scripts/Spells/Impls/FireBall.cs using Guid(23da9a0f725585b4a9d80730e015dba0) Importer(2089858483,b0f066a214c2f5e87bad3c948f4d605d) (ScriptedImporter) -> (artifact id: '73d30447ea27a1df7fb7d7a87caae87b') in 0.1280139 seconds
Number of updated asset objects reloaded before import = 0Number of asset objects unloaded after import = 0

========================================================================
Received Prepare
Script 'CharacterController' has the same name as built-in Unity component.
AddComponent and GetComponent will not work with this script.
Refreshing native plugins compatible for Editor in 2.34 ms, found 4 plugins.
Preloading 0 native plugins for Editor in 0.00 ms.
Unloading 16 Unused Serialized files (Serialized files now loaded: 0)
Unloading 6652 unused Assets / (3.8 MB). Loaded Objects now: 7526.
Memory consumption went from 155.4 MB to 151.6 MB.
Total: 19.771400 ms (FindLiveObjects: 0.921200 ms CreateObjectMapping: 10.087500 ms MarkObjects: 6.236500 ms  DeleteObjects: 2.525100 ms)

Prepare: number of updated asset objects reloaded= 0
========================================================================
Received Import Request.
  Time since last request: 5.531687 seconds.
  path: Assets/Scripts/Spells/SpellController.cs
  artifactKey: Guid(dbadf034393297e4bbc9e745fddb90c0) Importer(815301076,1909f56bfc062723c751e8b465ee728b)
Start importing Assets/Scripts/Spells/SpellController.cs using Guid(dbadf034393297e4bbc9e745fddb90c0) Importer(815301076,1909f56bfc062723c751e8b465ee728b) (PreviewImporter) -> (artifact id: '5ab53b581a8f3f8f14864fea5281de57') in 0.0007558 seconds
Number of updated asset objects reloaded before import = 0Number of asset objects unloaded after import = 0

========================================================================
Received Import Request.
  Time since last request: 0.406822 seconds.
  path: Assets/Scripts/Spells/SpellController.cs
  artifactKey: Guid(dbadf034393297e4bbc9e745fddb90c0) Importer(2089858483,b0f066a214c2f5e87bad3c948f4d605d)
Start importing Assets/Scripts/Spells/SpellController.cs using Guid(dbadf034393297e4bbc9e745fddb90c0) Importer(2089858483,b0f066a214c2f5e87bad3c948f4d605d) (ScriptedImporter) -> (artifact id: '6574a5aabefe2b23edb487014ae4aa95') in 0.0141932 seconds
Number of updated asset objects reloaded before import = 0Number of asset objects unloaded after import = 0

========================================================================
Received Prepare
Begin MonoManager ReloadAssembly
- Loaded All Assemblies, in  0.993 seconds
Script 'CharacterController' has the same name as built-in Unity component.
AddComponent and GetComponent will not work with this script.
Refreshing native plugins compatible for Editor in 1.60 ms, found 4 plugins.
Native extension for WindowsStandalone target not found
[Package Manager] Failed to launch server process. Reason: Unity was launched with the -noUpm command-line argument
[Package Manager] Unable to send message (not connected to server process).
[Package Manager] Cannot connect to Unity Package Manager local server
[Package Manager] Failed to launch server process. Reason: Unity was launched with the -noUpm command-line argument
[Package Manager] Unable to send message (not connected to server process).
[Package Manager] Cannot connect to Unity Package Manager local server
ScheduleIndexationOnStartup MainProcess:False IndexOnStartup:True
Mono: successfully reloaded assembly
- Finished resetting the current domain, in  0.889 seconds
Domain Reload Profiling: 1884ms
	BeginReloadAssembly (310ms)
		ExecutionOrderSort (0ms)
		DisableScriptedObjects (15ms)
		BackupInstance (0ms)
		ReleaseScriptingObjects (0ms)
		CreateAndSetChildDomain (71ms)
	RebuildCommonClasses (52ms)
	RebuildNativeTypeToScriptingClass (24ms)
	initialDomainReloadingComplete (44ms)
	LoadAllAssembliesAndSetupDomain (564ms)
		LoadAssemblies (452ms)
		RebuildTransferFunctionScriptingTraits (0ms)
		AnalyzeDomain (262ms)
			TypeCache.Refresh (13ms)
				TypeCache.ScanAssembly (1ms)
			BuildScriptInfoCaches (233ms)
			ResolveRequiredComponents (11ms)
	FinalizeReload (890ms)
		ReleaseScriptCaches (0ms)
		RebuildScriptCaches (0ms)
		SetupLoadedEditorAssemblies (671ms)
			LogAssemblyErrors (0ms)
			InitializePlatformSupportModulesInManaged (2ms)
			SetLoadedEditorAssemblies (4ms)
			BeforeProcessingInitializeOnLoad (174ms)
			ProcessInitializeOnLoadAttributes (398ms)
			ProcessInitializeOnLoadMethodAttributes (84ms)
			AfterProcessingInitializeOnLoad (9ms)
			EditorAssembliesLoaded (1ms)
		ExecutionOrderSort2 (0ms)
		AwakeInstancesAfterBackupRestoration (18ms)
Refreshing native plugins compatible for Editor in 1.94 ms, found 4 plugins.
Preloading 0 native plugins for Editor in 0.00 ms.
Unloading 16 Unused Serialized files (Serialized files now loaded: 0)
Unloading 6663 unused Assets / (3.8 MB). Loaded Objects now: 7529.
Memory consumption went from 155.3 MB to 151.5 MB.
Total: 10.141200 ms (FindLiveObjects: 0.838200 ms CreateObjectMapping: 0.610000 ms MarkObjects: 6.172100 ms  DeleteObjects: 2.519600 ms)

Prepare: number of updated asset objects reloaded= 0
========================================================================
Received Import Request.
  Time since last request: 8.423120 seconds.
  path: Assets/Scripts/Spells/SpellController.cs
  artifactKey: Guid(dbadf034393297e4bbc9e745fddb90c0) Importer(815301076,1909f56bfc062723c751e8b465ee728b)
Start importing Assets/Scripts/Spells/SpellController.cs using Guid(dbadf034393297e4bbc9e745fddb90c0) Importer(815301076,1909f56bfc062723c751e8b465ee728b) (PreviewImporter) -> (artifact id: '9e409265aca1337ae877fb5ddc3d218f') in 0.0020397 seconds
Number of updated asset objects reloaded before import = 0Number of asset objects unloaded after import = 0

========================================================================
Received Prepare
Script 'CharacterController' has the same name as built-in Unity component.
AddComponent and GetComponent will not work with this script.
Refreshing native plugins compatible for Editor in 8.14 ms, found 4 plugins.
Preloading 0 native plugins for Editor in 0.00 ms.
Unloading 16 Unused Serialized files (Serialized files now loaded: 0)
Unloading 6652 unused Assets / (3.8 MB). Loaded Objects now: 7529.
Memory consumption went from 155.5 MB to 151.7 MB.
Total: 15.015000 ms (FindLiveObjects: 1.039600 ms CreateObjectMapping: 2.521500 ms MarkObjects: 7.468800 ms  DeleteObjects: 3.938500 ms)

Prepare: number of updated asset objects reloaded= 0
========================================================================
Received Import Request.
  Time since last request: 499.149773 seconds.
  path: Assets/Scripts/Spells/SpellController.cs
  artifactKey: Guid(dbadf034393297e4bbc9e745fddb90c0) Importer(815301076,1909f56bfc062723c751e8b465ee728b)
Start importing Assets/Scripts/Spells/SpellController.cs using Guid(dbadf034393297e4bbc9e745fddb90c0) Importer(815301076,1909f56bfc062723c751e8b465ee728b) (PreviewImporter) -> (artifact id: '2fc7d48ce7e9c370dfee26ad11b89dfd') in 0.0012048 seconds
Number of updated asset objects reloaded before import = 0Number of asset objects unloaded after import = 0

========================================================================
Received Prepare
Begin MonoManager ReloadAssembly
[Licensing::Client] Successfully resolved entitlement details
- Loaded All Assemblies, in  1.143 seconds
Script 'CharacterController' has the same name as built-in Unity component.
AddComponent and GetComponent will not work with this script.
Refreshing native plugins compatible for Editor in 1.59 ms, found 4 plugins.
Native extension for WindowsStandalone target not found
[Package Manager] Failed to launch server process. Reason: Unity was launched with the -noUpm command-line argument
[Package Manager] Unable to send message (not connected to server process).
[Package Manager] Cannot connect to Unity Package Manager local server
[Package Manager] Failed to launch server process. Reason: Unity was launched with the -noUpm command-line argument
[Package Manager] Unable to send message (not connected to server process).
[Package Manager] Cannot connect to Unity Package Manager local server
ScheduleIndexationOnStartup MainProcess:False IndexOnStartup:True
Mono: successfully reloaded assembly
- Finished resetting the current domain, in  0.869 seconds
Domain Reload Profiling: 2013ms
	BeginReloadAssembly (361ms)
		ExecutionOrderSort (0ms)
		DisableScriptedObjects (15ms)
		BackupInstance (0ms)
		ReleaseScriptingObjects (0ms)
		CreateAndSetChildDomain (98ms)
	RebuildCommonClasses (68ms)
	RebuildNativeTypeToScriptingClass (22ms)
	initialDomainReloadingComplete (43ms)
	LoadAllAssembliesAndSetupDomain (650ms)
		LoadAssemblies (521ms)
		RebuildTransferFunctionScriptingTraits (0ms)
		AnalyzeDomain (282ms)
			TypeCache.Refresh (15ms)
				TypeCache.ScanAssembly (1ms)
			BuildScriptInfoCaches (251ms)
			ResolveRequiredComponents (12ms)
	FinalizeReload (870ms)
		ReleaseScriptCaches (0ms)
		RebuildScriptCaches (0ms)
		SetupLoadedEditorAssemblies (667ms)
			LogAssemblyErrors (0ms)
			InitializePlatformSupportModulesInManaged (2ms)
			SetLoadedEditorAssemblies (5ms)
			BeforeProcessingInitializeOnLoad (183ms)
			ProcessInitializeOnLoadAttributes (389ms)
			ProcessInitializeOnLoadMethodAttributes (78ms)
			AfterProcessingInitializeOnLoad (8ms)
			EditorAssembliesLoaded (0ms)
		ExecutionOrderSort2 (0ms)
		AwakeInstancesAfterBackupRestoration (18ms)
Refreshing native plugins compatible for Editor in 1.93 ms, found 4 plugins.
Preloading 0 native plugins for Editor in 0.00 ms.
Unloading 16 Unused Serialized files (Serialized files now loaded: 0)
Unloading 6663 unused Assets / (3.8 MB). Loaded Objects now: 7532.
Memory consumption went from 155.3 MB to 151.5 MB.
Total: 9.505500 ms (FindLiveObjects: 0.833400 ms CreateObjectMapping: 0.670100 ms MarkObjects: 5.686500 ms  DeleteObjects: 2.314500 ms)

Prepare: number of updated asset objects reloaded= 0
========================================================================
Received Prepare
Script 'CharacterController' has the same name as built-in Unity component.
AddComponent and GetComponent will not work with this script.
Refreshing native plugins compatible for Editor in 2.93 ms, found 4 plugins.
Preloading 0 native plugins for Editor in 0.00 ms.
Unloading 16 Unused Serialized files (Serialized files now loaded: 0)
Unloading 6652 unused Assets / (3.9 MB). Loaded Objects now: 7532.
Memory consumption went from 158.1 MB to 154.2 MB.
Total: 11.689900 ms (FindLiveObjects: 0.907700 ms CreateObjectMapping: 1.107700 ms MarkObjects: 6.595100 ms  DeleteObjects: 3.077800 ms)

Prepare: number of updated asset objects reloaded= 0
========================================================================
Received Prepare
Script 'CharacterController' has the same name as built-in Unity component.
AddComponent and GetComponent will not work with this script.
Refreshing native plugins compatible for Editor in 2.26 ms, found 4 plugins.
Preloading 0 native plugins for Editor in 0.00 ms.
Unloading 16 Unused Serialized files (Serialized files now loaded: 0)
Unloading 6652 unused Assets / (2.5 MB). Loaded Objects now: 7532.
Memory consumption went from 160.7 MB to 158.1 MB.
Total: 16.862000 ms (FindLiveObjects: 0.902800 ms CreateObjectMapping: 1.229300 ms MarkObjects: 11.370400 ms  DeleteObjects: 3.358000 ms)

Prepare: number of updated asset objects reloaded= 0
========================================================================
Received Prepare
Script 'CharacterController' has the same name as built-in Unity component.
AddComponent and GetComponent will not work with this script.
Refreshing native plugins compatible for Editor in 1.53 ms, found 4 plugins.
Preloading 0 native plugins for Editor in 0.00 ms.
Unloading 16 Unused Serialized files (Serialized files now loaded: 0)
Unloading 6652 unused Assets / (3.9 MB). Loaded Objects now: 7532.
Memory consumption went from 163.3 MB to 159.5 MB.
Total: 10.190100 ms (FindLiveObjects: 1.024900 ms CreateObjectMapping: 0.826000 ms MarkObjects: 5.878600 ms  DeleteObjects: 2.459300 ms)

Prepare: number of updated asset objects reloaded= 0
